path,acquisition,slices,receiverChannels,height,width,corrupted,systemFieldStrength_T,mode,max
data/multicoil_val/file_brain_AXT2_207_2070122.h5,AXT2,16,4,640,320,False,1.494,multicoil_train,0.00036799166
data/multicoil_train/file_brain_AXT2_207_2070422.h5,AXT2,16,4,640,320,False,1.494,multicoil_train,0.00030436652
data/multicoil_val/file_brain_AXT2_208_2080572.h5,AXT2,16,4,640,320,False,1.494,multicoil_train,0.00030825142
data/multicoil_train/file_brain_AXT2_207_2070729.h5,AXT2,16,4,640,320,False,1.494,multicoil_train,0.0003270512
data/multicoil_val/file_brain_AXT2_207_2070021.h5,AXT2,16,4,640,320,False,1.494,multicoil_train,0.00028807
data/multicoil_train/file_brain_AXT2_207_2070586.h5,AXT2,16,4,640,320,False,1.494,multicoil_train,0.00029549195
data/multicoil_train/file_brain_AXT2_207_2070582.h5,AXT2,16,4,640,320,False,1.494,multicoil_train,0.00030185154
data/multicoil_train/file_brain_AXT2_208_2080409.h5,AXT2,16,4,640,320,False,1.494,multicoil_train,0.0003648909
data/multicoil_val/file_brain_AXT2_207_2070706.h5,AXT2,16,4,640,320,False,1.494,multicoil_train,0.00035937814
data/multicoil_val/file_brain_AXT2_208_2080279.h5,AXT2,16,4,640,320,False,1.494,multicoil_train,0.000294118
data/multicoil_train/file_brain_AXT2_207_2070245.h5,AXT2,16,4,640,320,False,1.494,multicoil_train,0.00032412115
data/multicoil_train/file_brain_AXT2_207_2070590.h5,AXT2,16,4,640,320,False,1.494,multicoil_train,0.0003086485
data/multicoil_val/file_brain_AXT2_207_2070200.h5,AXT2,16,4,640,320,False,1.494,multicoil_train,0.00031100924
data/multicoil_train/file_brain_AXT2_208_2080536.h5,AXT2,16,4,640,320,False,1.494,multicoil_train,0.0002943665
data/multicoil_val/file_brain_AXT2_207_2070231.h5,AXT2,16,4,640,320,False,1.494,multicoil_train,0.00033156777
data/multicoil_train/file_brain_AXT2_207_6000966.h5,AXT2,16,4,640,320,False,1.494,multicoil_train,0.00034048015
data/multicoil_train/file_brain_AXT2_208_2080549.h5,AXT2,16,4,640,320,False,1.494,multicoil_train,0.00032672143
data/multicoil_train/file_brain_AXT2_208_2080245.h5,AXT2,16,4,640,320,False,1.494,multicoil_train,0.00034495298
data/multicoil_train/file_brain_AXT2_208_2080255.h5,AXT2,16,4,640,320,False,1.494,multicoil_train,0.00032571156
data/multicoil_train/file_brain_AXT2_207_2070342.h5,AXT2,16,4,640,320,False,1.494,multicoil_train,0.00042388006
data/multicoil_val/file_brain_AXT2_207_2070243.h5,AXT2,16,4,640,320,False,1.494,multicoil_train,0.00035505142
data/multicoil_train/file_brain_AXT2_207_2070257.h5,AXT2,16,4,640,320,False,1.494,multicoil_train,0.00033043543
data/multicoil_train/file_brain_AXT2_207_2070522.h5,AXT2,16,4,640,320,False,1.494,multicoil_train,0.0003068913
data/multicoil_val/file_brain_AXT2_207_2070371.h5,AXT2,16,4,640,320,False,1.494,multicoil_train,0.00035251433
data/multicoil_val/file_brain_AXT2_207_2070759.h5,AXT2,16,4,640,320,False,1.494,multicoil_train,0.000350019
data/multicoil_train/file_brain_AXT2_208_2080269.h5,AXT2,16,4,640,320,False,1.494,multicoil_train,0.00034500117
data/multicoil_train/file_brain_AXT2_207_2070152.h5,AXT2,16,4,640,320,False,1.494,multicoil_train,0.0003478043
data/multicoil_val/file_brain_AXT2_207_2070672.h5,AXT2,16,4,640,320,False,1.494,multicoil_train,0.00035423206
data/multicoil_train/file_brain_AXT2_207_2070550.h5,AXT2,16,4,640,320,False,1.494,multicoil_train,0.00032704478
data/multicoil_train/file_brain_AXT2_208_2080340.h5,AXT2,16,4,640,320,False,1.494,multicoil_train,0.00030264532
data/multicoil_train/file_brain_AXT2_208_2080315.h5,AXT2,16,4,640,320,False,1.494,multicoil_train,0.00031520816
data/multicoil_val/file_brain_AXT2_207_2070831.h5,AXT2,16,4,640,320,False,1.494,multicoil_train,0.00032506796
data/multicoil_train/file_brain_AXT2_207_2070111.h5,AXT2,16,4,640,320,False,1.494,multicoil_train,0.00033411695
data/multicoil_train/file_brain_AXT2_207_2070839.h5,AXT2,16,4,640,320,False,1.494,multicoil_train,0.00031767652
data/multicoil_val/file_brain_AXT2_207_2070534.h5,AXT2,16,4,640,320,False,1.494,multicoil_train,0.00038750633
data/multicoil_train/file_brain_AXT2_208_2080585.h5,AXT2,16,4,640,320,False,1.494,multicoil_train,0.00032742065
data/multicoil_train/file_brain_AXT2_207_2070698.h5,AXT2,16,4,640,320,False,1.494,multicoil_train,0.00042794377
data/multicoil_train/file_brain_AXT2_208_2080224.h5,AXT2,16,4,640,320,False,1.494,multicoil_train,0.0003116552
data/multicoil_train/file_brain_AXT2_207_2070608.h5,AXT2,16,4,640,320,False,1.494,multicoil_train,0.00030545786
data/multicoil_train/file_brain_AXT2_207_2070678.h5,AXT2,16,4,640,320,False,1.494,multicoil_train,0.00034786056
data/multicoil_train/file_brain_AXT2_207_2070833.h5,AXT2,16,4,640,320,False,1.494,multicoil_train,0.000301659
data/multicoil_train/file_brain_AXT2_208_2080533.h5,AXT2,16,4,640,320,False,1.494,multicoil_train,0.00030799626
data/multicoil_train/file_brain_AXT2_207_2070333.h5,AXT2,16,4,640,320,False,1.494,multicoil_train,0.0003072473
data/multicoil_train/file_brain_AXT2_208_2080220.h5,AXT2,16,4,640,320,False,1.494,multicoil_train,0.0003282922
data/multicoil_train/file_brain_AXT2_207_2070642.h5,AXT2,16,4,640,320,False,1.494,multicoil_train,0.0003015186
data/multicoil_train/file_brain_AXT2_208_2080377.h5,AXT2,16,4,640,320,False,1.494,multicoil_train,0.00036168093
data/multicoil_train/file_brain_AXT2_207_2070771.h5,AXT2,16,4,640,320,False,1.494,multicoil_train,0.0002908197
data/multicoil_train/file_brain_AXT2_208_2080511.h5,AXT2,16,4,640,320,False,1.494,multicoil_train,0.0003291458
data/multicoil_train/file_brain_AXT2_208_2080587.h5,AXT2,16,4,640,320,False,1.494,multicoil_train,0.0003474119
data/multicoil_val/file_brain_AXT2_208_2080577.h5,AXT2,16,4,640,320,False,1.494,multicoil_train,0.00034717322
data/multicoil_train/file_brain_AXT2_207_2070726.h5,AXT2,16,4,640,320,False,1.494,multicoil_train,0.00040542806
data/multicoil_train/file_brain_AXT2_207_2070059.h5,AXT2,16,4,640,320,False,1.494,multicoil_train,0.00033140564
data/multicoil_train/file_brain_AXT2_207_2070372.h5,AXT2,16,4,640,320,False,1.494,multicoil_train,0.00030378165
data/multicoil_val/file_brain_AXT2_207_2070430.h5,AXT2,16,4,640,320,False,1.494,multicoil_train,0.0003406782
data/multicoil_train/file_brain_AXT2_207_2070208.h5,AXT2,16,4,640,320,False,1.494,multicoil_train,0.00031897245
data/multicoil_train/file_brain_AXT2_207_2070436.h5,AXT2,16,4,640,320,False,1.494,multicoil_train,0.0003139321
data/multicoil_train/file_brain_AXT2_208_2080207.h5,AXT2,16,4,640,320,False,1.494,multicoil_train,0.00031413566
data/multicoil_train/file_brain_AXT2_207_2070172.h5,AXT2,16,4,640,320,False,1.494,multicoil_train,0.00027407322
data/multicoil_val/file_brain_AXT2_208_2080448.h5,AXT2,16,4,640,320,False,1.494,multicoil_train,0.00029015492
data/multicoil_train/file_brain_AXT2_207_2070648.h5,AXT2,16,4,640,320,False,1.494,multicoil_train,0.00030446725
data/multicoil_train/file_brain_AXT2_207_2070670.h5,AXT2,16,4,640,320,False,1.494,multicoil_train,0.00031857804
data/multicoil_train/file_brain_AXT2_207_2070675.h5,AXT2,16,4,640,320,False,1.494,multicoil_train,0.0003549193
data/multicoil_train/file_brain_AXT2_208_2080583.h5,AXT2,16,4,640,320,False,1.494,multicoil_train,0.00035996165
data/multicoil_val/file_brain_AXT2_207_2070470.h5,AXT2,16,4,640,320,False,1.494,multicoil_train,0.00030499388
data/multicoil_train/file_brain_AXT2_207_2070087.h5,AXT2,16,4,640,320,False,1.494,multicoil_train,0.00031948718
data/multicoil_train/file_brain_AXT2_207_2070058.h5,AXT2,16,4,640,320,False,1.494,multicoil_train,0.000322988
data/multicoil_train/file_brain_AXT2_207_2070535.h5,AXT2,16,4,640,320,False,1.494,multicoil_train,0.00033528017
data/multicoil_train/file_brain_AXT2_207_2070201.h5,AXT2,16,4,640,320,False,1.494,multicoil_train,0.00031530135
data/multicoil_train/file_brain_AXT2_207_2070392.h5,AXT2,16,4,640,320,False,1.494,multicoil_train,0.00030864344
data/multicoil_train/file_brain_AXT2_208_2080654.h5,AXT2,16,4,640,320,False,1.494,multicoil_train,0.0003273065
data/multicoil_train/file_brain_AXT2_207_2070471.h5,AXT2,16,4,640,320,False,1.494,multicoil_train,0.00036391494
data/multicoil_train/file_brain_AXT2_207_2070397.h5,AXT2,16,4,640,320,False,1.494,multicoil_train,0.00031345774
data/multicoil_train/file_brain_AXT2_207_2070840.h5,AXT2,16,4,640,320,False,1.494,multicoil_train,0.00032504022
data/multicoil_train/file_brain_AXT2_208_2080401.h5,AXT2,16,4,640,320,False,1.494,multicoil_train,0.0003680119
data/multicoil_train/file_brain_AXT2_208_2080306.h5,AXT2,16,4,640,320,False,1.494,multicoil_train,0.0003187646
data/multicoil_train/file_brain_AXT2_207_2070497.h5,AXT2,16,4,640,320,False,1.494,multicoil_train,0.00031709424
data/multicoil_val/file_brain_AXT2_207_2070803.h5,AXT2,16,4,640,320,False,1.494,multicoil_train,0.0003410527
data/multicoil_train/file_brain_AXT2_207_2070329.h5,AXT2,16,4,640,320,False,1.494,multicoil_train,0.00034504733
data/multicoil_train/file_brain_AXT2_208_2080455.h5,AXT2,16,4,640,320,False,1.494,multicoil_train,0.00030874897
data/multicoil_train/file_brain_AXT2_208_2080560.h5,AXT2,16,4,640,320,False,1.494,multicoil_train,0.00031443842
data/multicoil_train/file_brain_AXT2_208_2080331.h5,AXT2,16,4,640,320,False,1.494,multicoil_train,0.00032279693
data/multicoil_train/file_brain_AXT2_208_2080031.h5,AXT2,16,4,640,320,False,1.494,multicoil_train,0.00034130068
data/multicoil_val/file_brain_AXT2_207_2070799.h5,AXT2,16,4,640,320,False,1.494,multicoil_train,0.00032541205
data/multicoil_val/file_brain_AXT2_208_2080596.h5,AXT2,16,4,640,320,False,1.494,multicoil_train,0.0005096836
data/multicoil_train/file_brain_AXT2_208_2080532.h5,AXT2,16,4,640,320,False,1.494,multicoil_train,0.00031354185
data/multicoil_train/file_brain_AXT2_208_2080505.h5,AXT2,16,4,640,320,False,1.494,multicoil_train,0.0003073024
data/multicoil_train/file_brain_AXT2_207_2070415.h5,AXT2,16,4,640,320,False,1.494,multicoil_train,0.00035190643
data/multicoil_val/file_brain_AXT2_207_2070657.h5,AXT2,16,4,640,320,False,1.494,multicoil_train,0.00035731943
data/multicoil_val/file_brain_AXT2_207_2070158.h5,AXT2,16,4,640,320,False,1.494,multicoil_train,0.00031344692
data/multicoil_train/file_brain_AXT2_208_2080091.h5,AXT2,16,4,640,320,False,1.494,multicoil_train,0.00031743324
data/multicoil_train/file_brain_AXT2_208_2080319.h5,AXT2,16,4,640,320,False,1.494,multicoil_train,0.00032504823
data/multicoil_val/file_brain_AXT2_208_2080290.h5,AXT2,16,4,640,320,False,1.494,multicoil_train,0.00032732097
data/multicoil_train/file_brain_AXT2_207_2070703.h5,AXT2,16,4,640,320,False,1.494,multicoil_train,0.00033024812
data/multicoil_val/file_brain_AXT2_207_2070396.h5,AXT2,16,4,640,320,False,1.494,multicoil_train,0.0003174261
data/multicoil_train/file_brain_AXT2_208_2080310.h5,AXT2,16,4,640,320,False,1.494,multicoil_train,0.00031652077
data/multicoil_train/file_brain_AXT2_207_2070528.h5,AXT2,16,4,640,320,False,1.494,multicoil_train,0.00034580255
data/multicoil_train/file_brain_AXT2_207_2070724.h5,AXT2,16,4,640,320,False,1.494,multicoil_train,0.00030628344
data/multicoil_train/file_brain_AXT2_207_2070356.h5,AXT2,16,4,640,320,False,1.494,multicoil_train,0.00036258603
data/multicoil_train/file_brain_AXT2_207_2070690.h5,AXT2,16,4,640,320,False,1.494,multicoil_train,0.00028934635
data/multicoil_train/file_brain_AXT2_207_2070656.h5,AXT2,16,4,640,320,False,1.494,multicoil_train,0.00033227546
data/multicoil_val/file_brain_AXT2_207_2070473.h5,AXT2,16,4,640,320,False,1.494,multicoil_train,0.00030620868
data/multicoil_train/file_brain_AXT2_207_2070198.h5,AXT2,16,4,640,320,False,1.494,multicoil_train,0.00030337623
data/multicoil_train/file_brain_AXT2_208_2080353.h5,AXT2,16,4,640,320,False,1.494,multicoil_train,0.0003233135
data/multicoil_train/file_brain_AXT2_208_2080470.h5,AXT2,16,4,640,320,False,1.494,multicoil_train,0.00031043252
data/multicoil_train/file_brain_AXT2_207_2070049.h5,AXT2,16,4,640,320,False,1.494,multicoil_train,0.00030101035
data/multicoil_train/file_brain_AXT2_207_2070136.h5,AXT2,16,4,640,320,False,1.494,multicoil_train,0.00035482313
data/multicoil_train/file_brain_AXT2_208_2080386.h5,AXT2,16,4,640,320,False,1.494,multicoil_train,0.0003405228
data/multicoil_val/file_brain_AXT2_208_2080575.h5,AXT2,16,4,640,320,False,1.494,multicoil_train,0.00033087403
data/multicoil_train/file_brain_AXT2_207_2070491.h5,AXT2,16,4,640,320,False,1.494,multicoil_train,0.000310083
data/multicoil_train/file_brain_AXT2_208_2080521.h5,AXT2,16,4,640,320,False,1.494,multicoil_train,0.00031387564
data/multicoil_val/file_brain_AXT2_208_2080542.h5,AXT2,16,4,640,320,False,1.494,multicoil_train,0.00031671088
data/multicoil_train/file_brain_AXT2_208_2080675.h5,AXT2,16,4,640,320,False,1.494,multicoil_train,0.0003023736
data/multicoil_train/file_brain_AXT2_207_2070048.h5,AXT2,16,4,640,320,False,1.494,multicoil_train,0.00030822662
data/multicoil_train/file_brain_AXT2_208_2080247.h5,AXT2,16,4,640,320,False,1.494,multicoil_train,0.00030259698
data/multicoil_train/file_brain_AXT2_208_2080476.h5,AXT2,16,4,640,320,False,1.494,multicoil_train,0.00030865532
data/multicoil_val/file_brain_AXT2_208_2080694.h5,AXT2,16,4,640,320,False,1.494,multicoil_train,0.00034178168
data/multicoil_train/file_brain_AXT2_207_2070142.h5,AXT2,16,4,640,320,False,1.494,multicoil_train,0.000343663
data/multicoil_val/file_brain_AXT2_207_2070094.h5,AXT2,16,4,640,320,False,1.494,multicoil_train,0.00034901052
data/multicoil_val/file_brain_AXT2_207_2070587.h5,AXT2,16,4,640,320,False,1.494,multicoil_train,0.00032199174
data/multicoil_train/file_brain_AXT2_208_2080600.h5,AXT2,16,4,640,320,False,1.494,multicoil_train,0.00029416522
data/multicoil_train/file_brain_AXT2_208_2080466.h5,AXT2,16,4,640,320,False,1.494,multicoil_train,0.00031410478
data/multicoil_train/file_brain_AXT2_207_2070812.h5,AXT2,16,4,640,320,False,1.494,multicoil_train,0.00031826037
data/multicoil_train/file_brain_AXT2_208_2080083.h5,AXT2,16,4,640,320,False,1.494,multicoil_train,0.00034859532
data/multicoil_train/file_brain_AXT2_207_2070838.h5,AXT2,16,4,640,320,False,1.494,multicoil_train,0.00031203014
data/multicoil_train/file_brain_AXT2_208_2080151.h5,AXT2,16,4,640,320,False,1.494,multicoil_train,0.00029056607
data/multicoil_train/file_brain_AXT2_208_2080531.h5,AXT2,16,4,640,320,False,1.494,multicoil_train,0.00035901635
data/multicoil_train/file_brain_AXT2_208_2080450.h5,AXT2,16,4,640,320,False,1.494,multicoil_train,0.00031246632
data/multicoil_train/file_brain_AXT2_208_2080439.h5,AXT2,16,4,640,320,False,1.494,multicoil_train,0.0003175827
data/multicoil_train/file_brain_AXT2_208_2080636.h5,AXT2,16,4,640,320,False,1.494,multicoil_train,0.00032327883
data/multicoil_train/file_brain_AXT2_207_2070699.h5,AXT2,16,4,640,320,False,1.494,multicoil_train,0.00029956285
data/multicoil_train/file_brain_AXT2_207_2070150.h5,AXT2,16,4,640,320,False,1.494,multicoil_train,0.00038897953
data/multicoil_train/file_brain_AXT2_207_2070141.h5,AXT2,16,4,640,320,False,1.494,multicoil_train,0.00029512792
data/multicoil_train/file_brain_AXT2_208_2080706.h5,AXT2,16,4,640,320,False,1.494,multicoil_train,0.0003186332
data/multicoil_train/file_brain_AXT2_208_2080295.h5,AXT2,16,4,640,320,False,1.494,multicoil_train,0.0003074542
data/multicoil_train/file_brain_AXT2_207_2070252.h5,AXT2,16,4,640,320,False,1.494,multicoil_train,0.00037641794
data/multicoil_train/file_brain_AXT2_207_2070389.h5,AXT2,16,4,640,320,False,1.494,multicoil_train,0.0003566106
data/multicoil_train/file_brain_AXT2_208_2080458.h5,AXT2,16,4,640,320,False,1.494,multicoil_train,0.0003373974
data/multicoil_train/file_brain_AXT2_208_2080346.h5,AXT2,16,4,640,320,False,1.494,multicoil_train,0.00033809186
data/multicoil_val/file_brain_AXT2_208_2080465.h5,AXT2,16,4,640,320,False,1.494,multicoil_train,0.0003121728
data/multicoil_val/file_brain_AXT2_207_2070398.h5,AXT2,16,4,640,320,False,1.494,multicoil_train,0.00035207838
data/multicoil_train/file_brain_AXT2_208_2080370.h5,AXT2,16,4,640,320,False,1.494,multicoil_train,0.00037518676
data/multicoil_train/file_brain_AXT2_208_2080157.h5,AXT2,16,4,640,320,False,1.494,multicoil_train,0.00030505157
data/multicoil_train/file_brain_AXT2_208_2080046.h5,AXT2,16,4,640,320,False,1.494,multicoil_train,0.0003305391
data/multicoil_val/file_brain_AXT2_207_2070300.h5,AXT2,16,4,640,320,False,1.494,multicoil_train,0.0003121468
data/multicoil_train/file_brain_AXT2_207_2070668.h5,AXT2,16,4,640,320,False,1.494,multicoil_train,0.00030074548
data/multicoil_val/file_brain_AXT2_208_2080580.h5,AXT2,16,4,640,320,False,1.494,multicoil_train,0.00028653463
data/multicoil_val/file_brain_AXT2_207_2070718.h5,AXT2,16,4,640,320,False,1.494,multicoil_train,0.00030439495
data/multicoil_train/file_brain_AXT2_208_2080301.h5,AXT2,16,4,640,320,False,1.494,multicoil_train,0.0003005094
data/multicoil_val/file_brain_AXT2_208_2080592.h5,AXT2,16,4,640,320,False,1.494,multicoil_train,0.00030475616
data/multicoil_train/file_brain_AXT2_208_2080176.h5,AXT2,16,4,640,320,False,1.494,multicoil_train,0.00034850798
data/multicoil_train/file_brain_AXT2_208_2080573.h5,AXT2,16,4,640,320,False,1.494,multicoil_train,0.0003795718
data/multicoil_train/file_brain_AXT2_207_2070467.h5,AXT2,16,4,640,320,False,1.494,multicoil_train,0.000311052
data/multicoil_train/file_brain_AXT2_208_2080168.h5,AXT2,16,4,640,320,False,1.494,multicoil_train,0.0003431646
data/multicoil_train/file_brain_AXT2_207_2070482.h5,AXT2,16,4,640,320,False,1.494,multicoil_train,0.00032257737
data/multicoil_train/file_brain_AXT2_207_2070823.h5,AXT2,16,4,640,320,False,1.494,multicoil_train,0.00030841853
data/multicoil_train/file_brain_AXT2_208_2080192.h5,AXT2,16,4,640,320,False,1.494,multicoil_train,0.00028727867
data/multicoil_train/file_brain_AXT2_207_2070029.h5,AXT2,16,4,640,320,False,1.494,multicoil_train,0.00031674706
data/multicoil_train/file_brain_AXT2_207_2070646.h5,AXT2,16,4,640,320,False,1.494,multicoil_train,0.0003091038
data/multicoil_train/file_brain_AXT2_208_2080598.h5,AXT2,16,4,640,320,False,1.494,multicoil_train,0.00033802254
data/multicoil_train/file_brain_AXT2_207_2070595.h5,AXT2,16,4,640,320,False,1.494,multicoil_train,0.0003431549
data/multicoil_train/file_brain_AXT2_208_2080016.h5,AXT2,16,4,640,320,False,1.494,multicoil_train,0.00033523695
data/multicoil_train/file_brain_AXT2_207_2070761.h5,AXT2,16,4,640,320,False,1.494,multicoil_train,0.0003538662
data/multicoil_val/file_brain_AXT2_207_2070188.h5,AXT2,16,4,640,320,False,1.494,multicoil_train,0.00036957406
data/multicoil_train/file_brain_AXT2_207_2070167.h5,AXT2,16,4,640,320,False,1.494,multicoil_train,0.00033187147
data/multicoil_train/file_brain_AXT2_207_2070607.h5,AXT2,16,4,640,320,False,1.494,multicoil_train,0.00037077742
data/multicoil_val/file_brain_AXT2_207_2070232.h5,AXT2,16,4,640,320,False,1.494,multicoil_train,0.0003930002
data/multicoil_train/file_brain_AXT2_207_2070793.h5,AXT2,16,4,640,320,False,1.494,multicoil_train,0.00031778793
data/multicoil_train/file_brain_AXT2_208_2080285.h5,AXT2,16,4,640,320,False,1.494,multicoil_train,0.00037805378
data/multicoil_val/file_brain_AXT2_207_2070598.h5,AXT2,16,4,640,320,False,1.494,multicoil_train,0.00032564462
data/multicoil_train/file_brain_AXT2_208_2080072.h5,AXT2,16,4,640,320,False,1.494,multicoil_train,0.00037691247
data/multicoil_val/file_brain_AXT2_207_2070476.h5,AXT2,16,4,640,320,False,1.494,multicoil_train,0.0003441096
data/multicoil_train/file_brain_AXT2_207_2070390.h5,AXT2,16,4,640,320,False,1.494,multicoil_train,0.0003001486
data/multicoil_train/file_brain_AXT2_208_2080327.h5,AXT2,16,4,640,320,False,1.494,multicoil_train,0.00031114367
data/multicoil_train/file_brain_AXT2_207_2070074.h5,AXT2,16,4,640,320,False,1.494,multicoil_train,0.00038282666
data/multicoil_train/file_brain_AXT2_207_2070309.h5,AXT2,16,4,640,320,False,1.494,multicoil_train,0.0003392814
data/multicoil_train/file_brain_AXT2_207_2070621.h5,AXT2,16,4,640,320,False,1.494,multicoil_train,0.00033350225
data/multicoil_train/file_brain_AXT2_208_2080221.h5,AXT2,16,4,640,320,False,1.494,multicoil_train,0.00031111026
data/multicoil_val/file_brain_AXT2_207_2070221.h5,AXT2,16,4,640,320,False,1.494,multicoil_train,0.0003733876
data/multicoil_train/file_brain_AXT2_207_2070626.h5,AXT2,16,4,640,320,False,1.494,multicoil_train,0.00032509965
data/multicoil_train/file_brain_AXT2_207_2070154.h5,AXT2,16,4,640,320,False,1.494,multicoil_train,0.00031441593
data/multicoil_train/file_brain_AXT2_208_2080414.h5,AXT2,16,4,640,320,False,1.494,multicoil_train,0.00028494187
data/multicoil_val/file_brain_AXT2_207_2070446.h5,AXT2,16,4,640,320,False,1.494,multicoil_train,0.00033213332
data/multicoil_train/file_brain_AXT2_208_2080197.h5,AXT2,16,4,640,320,False,1.494,multicoil_train,0.00030957852
data/multicoil_train/file_brain_AXT2_208_2080601.h5,AXT2,16,4,640,320,False,1.494,multicoil_train,0.0003154343
data/multicoil_train/file_brain_AXT2_207_2070055.h5,AXT2,16,4,640,320,False,1.494,multicoil_train,0.00028439326
data/multicoil_val/file_brain_AXT2_207_2070748.h5,AXT2,16,4,640,320,False,1.494,multicoil_train,0.0003073559
data/multicoil_train/file_brain_AXT2_207_2070403.h5,AXT2,16,4,640,320,False,1.494,multicoil_train,0.00032916674
data/multicoil_train/file_brain_AXT2_208_2080650.h5,AXT2,16,4,640,320,False,1.494,multicoil_train,0.000328603
data/multicoil_train/file_brain_AXT2_208_2080260.h5,AXT2,16,4,640,320,False,1.494,multicoil_train,0.00032824418
data/multicoil_val/file_brain_AXT2_208_2080729.h5,AXT2,16,4,640,320,False,1.494,multicoil_train,0.00031577062
data/multicoil_train/file_brain_AXT2_207_2070826.h5,AXT2,16,4,640,320,False,1.494,multicoil_train,0.0004071535
data/multicoil_train/file_brain_AXT2_207_2070169.h5,AXT2,16,4,640,320,False,1.494,multicoil_train,0.00030263106
data/multicoil_train/file_brain_AXT2_207_2070800.h5,AXT2,16,4,640,320,False,1.494,multicoil_train,0.00030847025
data/multicoil_train/file_brain_AXT2_208_2080442.h5,AXT2,16,4,640,320,False,1.494,multicoil_train,0.00035617506
data/multicoil_val/file_brain_AXT2_208_2080540.h5,AXT2,16,4,640,320,False,1.494,multicoil_train,0.00029871787
data/multicoil_train/file_brain_AXT2_208_2080426.h5,AXT2,16,4,640,320,False,1.494,multicoil_train,0.00035683846
data/multicoil_val/file_brain_AXT2_207_2070091.h5,AXT2,16,4,640,320,False,1.494,multicoil_train,0.0003484467
data/multicoil_train/file_brain_AXT2_207_2070523.h5,AXT2,16,4,640,320,False,1.494,multicoil_train,0.0003664075
data/multicoil_train/file_brain_AXT2_207_2070408.h5,AXT2,16,4,640,320,False,1.494,multicoil_train,0.00033762073
data/multicoil_train/file_brain_AXT2_207_2070484.h5,AXT2,16,4,640,320,False,1.494,multicoil_train,0.00031837611
data/multicoil_train/file_brain_AXT2_207_2070533.h5,AXT2,16,4,640,320,False,1.494,multicoil_train,0.00030473224
data/multicoil_train/file_brain_AXT2_207_2070250.h5,AXT2,16,4,640,320,False,1.494,multicoil_train,0.00033463046
data/multicoil_train/file_brain_AXT2_208_2080506.h5,AXT2,16,4,640,320,False,1.494,multicoil_train,0.00034933462
data/multicoil_train/file_brain_AXT2_208_2080658.h5,AXT2,16,4,640,320,False,1.494,multicoil_train,0.00034338445
data/multicoil_val/file_brain_AXT2_208_2080657.h5,AXT2,16,4,640,320,False,1.494,multicoil_train,0.00032827538
data/multicoil_train/file_brain_AXT2_207_2070782.h5,AXT2,16,4,640,320,False,1.494,multicoil_train,0.00033398403
data/multicoil_train/file_brain_AXT2_207_2070226.h5,AXT2,16,4,640,320,False,1.494,multicoil_train,0.00030929342
data/multicoil_train/file_brain_AXT2_208_2080509.h5,AXT2,16,4,640,320,False,1.494,multicoil_train,0.00032441644
data/multicoil_val/file_brain_AXT2_208_2080605.h5,AXT2,16,4,640,320,False,1.494,multicoil_train,0.00029355686
data/multicoil_train/file_brain_AXT2_208_2080415.h5,AXT2,16,4,640,320,False,1.494,multicoil_train,0.00032276672
data/multicoil_val/file_brain_AXT2_207_2070681.h5,AXT2,16,4,640,320,False,1.494,multicoil_train,0.00032678744
data/multicoil_train/file_brain_AXT2_207_2070302.h5,AXT2,16,4,640,320,False,1.494,multicoil_train,0.00032252335
data/multicoil_val/file_brain_AXT2_208_2080539.h5,AXT2,16,4,640,320,False,1.494,multicoil_train,0.0003236478
data/multicoil_train/file_brain_AXT2_207_2070039.h5,AXT2,16,4,640,320,False,1.494,multicoil_train,0.0003486324
data/multicoil_train/file_brain_AXT2_207_2070712.h5,AXT2,16,4,640,320,False,1.494,multicoil_train,0.0003230363
data/multicoil_train/file_brain_AXT2_208_2080054.h5,AXT2,16,4,640,320,False,1.494,multicoil_train,0.00037785125
data/multicoil_train/file_brain_AXT2_207_2070134.h5,AXT2,16,4,640,320,False,1.494,multicoil_train,0.00036719072
data/multicoil_train/file_brain_AXT2_208_2080445.h5,AXT2,16,4,640,320,False,1.494,multicoil_train,0.00033799873
data/multicoil_val/file_brain_AXT2_208_2080191.h5,AXT2,16,4,640,320,False,1.494,multicoil_train,0.0003487479
data/multicoil_val/file_brain_AXT2_208_2080325.h5,AXT2,16,4,640,320,False,1.494,multicoil_train,0.0003477113
data/multicoil_val/file_brain_AXT2_208_2080672.h5,AXT2,16,4,640,320,False,1.494,multicoil_train,0.00030734183
data/multicoil_train/file_brain_AXT2_207_2070515.h5,AXT2,16,4,640,320,False,1.494,multicoil_train,0.00032133455
data/multicoil_train/file_brain_AXT2_208_2080132.h5,AXT2,16,4,640,320,False,1.494,multicoil_train,0.0003829843
data/multicoil_val/file_brain_AXT2_207_2070393.h5,AXT2,16,4,640,320,False,1.494,multicoil_train,0.0003725076
data/multicoil_val/file_brain_AXT2_208_2080557.h5,AXT2,16,4,640,320,False,1.494,multicoil_train,0.00032612676
data/multicoil_train/file_brain_AXT2_208_2080412.h5,AXT2,16,4,640,320,False,1.494,multicoil_train,0.0003091449
data/multicoil_train/file_brain_AXT2_208_2080552.h5,AXT2,16,4,640,320,False,1.494,multicoil_train,0.00036698056
data/multicoil_train/file_brain_AXT2_208_2080484.h5,AXT2,16,4,640,320,False,1.494,multicoil_train,0.00031041543
data/multicoil_train/file_brain_AXT2_207_2070089.h5,AXT2,16,4,640,320,False,1.494,multicoil_train,0.00031720317
data/multicoil_train/file_brain_AXT2_207_2070551.h5,AXT2,16,4,640,320,False,1.494,multicoil_train,0.00033492892
data/multicoil_train/file_brain_AXT2_207_2070176.h5,AXT2,16,4,640,320,False,1.494,multicoil_train,0.00037595214
data/multicoil_train/file_brain_AXT2_208_2080050.h5,AXT2,16,4,640,320,False,1.494,multicoil_train,0.00033531457
data/multicoil_train/file_brain_AXT2_208_2080723.h5,AXT2,16,4,640,320,False,1.494,multicoil_train,0.00032417764
data/multicoil_train/file_brain_AXT2_207_2070659.h5,AXT2,16,4,640,320,False,1.494,multicoil_train,0.0003656205
data/multicoil_train/file_brain_AXT2_208_2080348.h5,AXT2,16,4,640,320,False,1.494,multicoil_train,0.00029557917
data/multicoil_train/file_brain_AXT2_208_2080604.h5,AXT2,16,4,640,320,False,1.494,multicoil_train,0.00033377684
data/multicoil_val/file_brain_AXT2_207_2070554.h5,AXT2,16,4,640,320,False,1.494,multicoil_train,0.0003296423
data/multicoil_train/file_brain_AXT2_207_2070773.h5,AXT2,16,4,640,320,False,1.494,multicoil_train,0.00040451263
data/multicoil_val/file_brain_AXT2_207_2070288.h5,AXT2,16,4,640,320,False,1.494,multicoil_train,0.00034142126
data/multicoil_train/file_brain_AXT2_208_2080551.h5,AXT2,16,4,640,320,False,1.494,multicoil_train,0.00029808117
data/multicoil_train/file_brain_AXT2_208_2080642.h5,AXT2,16,4,640,320,False,1.494,multicoil_train,0.00032501193
data/multicoil_train/file_brain_AXT2_208_2080713.h5,AXT2,16,4,640,320,False,1.494,multicoil_train,0.0003175088
data/multicoil_train/file_brain_AXT2_208_2080303.h5,AXT2,16,4,640,320,False,1.494,multicoil_train,0.00030667728
data/multicoil_train/file_brain_AXT2_208_2080341.h5,AXT2,16,4,640,320,False,1.494,multicoil_train,0.000342549
data/multicoil_train/file_brain_AXT2_207_2070555.h5,AXT2,16,4,640,320,False,1.494,multicoil_train,0.00033080904
data/multicoil_train/file_brain_AXT2_207_2070435.h5,AXT2,16,4,640,320,False,1.494,multicoil_train,0.00032399473
data/multicoil_val/file_brain_AXT2_208_2080276.h5,AXT2,16,4,640,320,False,1.494,multicoil_train,0.00032034298
data/multicoil_val/file_brain_AXT2_208_2080384.h5,AXT2,16,4,640,320,False,1.494,multicoil_train,0.0003287154
data/multicoil_val/file_brain_AXT2_208_2080144.h5,AXT2,16,4,640,320,False,1.494,multicoil_train,0.00034105737
data/multicoil_train/file_brain_AXT2_208_2080088.h5,AXT2,16,4,640,320,False,1.494,multicoil_train,0.00032630985
data/multicoil_train/file_brain_AXT2_207_2070420.h5,AXT2,16,4,640,320,False,1.494,multicoil_train,0.00030180457
data/multicoil_train/file_brain_AXT2_207_2070011.h5,AXT2,16,4,640,320,False,1.494,multicoil_train,0.00031369404
data/multicoil_train/file_brain_AXT2_208_2080170.h5,AXT2,16,4,640,320,False,1.494,multicoil_train,0.0003342579
data/multicoil_val/file_brain_AXT2_208_2080250.h5,AXT2,16,4,640,320,False,1.494,multicoil_train,0.00032318087
data/multicoil_val/file_brain_AXT2_207_2070752.h5,AXT2,16,4,640,320,False,1.494,multicoil_train,0.00032733325
data/multicoil_train/file_brain_AXT2_208_2080112.h5,AXT2,16,4,640,320,False,1.494,multicoil_train,0.0003367325
data/multicoil_train/file_brain_AXT2_208_2080287.h5,AXT2,16,4,640,320,False,1.494,multicoil_train,0.0003422182
data/multicoil_train/file_brain_AXT2_207_2070514.h5,AXT2,16,4,640,320,False,1.494,multicoil_train,0.00033510203
data/multicoil_train/file_brain_AXT2_208_2080175.h5,AXT2,16,4,640,320,False,1.494,multicoil_train,0.000301284
data/multicoil_val/file_brain_AXT2_207_2070024.h5,AXT2,16,4,640,320,False,1.494,multicoil_train,0.00033054146
data/multicoil_train/file_brain_AXT2_207_2070611.h5,AXT2,16,4,640,320,False,1.494,multicoil_train,0.00036910662
data/multicoil_train/file_brain_AXT2_207_2070679.h5,AXT2,16,4,640,320,False,1.494,multicoil_train,0.000298276
data/multicoil_val/file_brain_AXT2_207_2070614.h5,AXT2,16,4,640,320,False,1.494,multicoil_train,0.000318136
data/multicoil_train/file_brain_AXT2_208_2080497.h5,AXT2,16,4,640,320,False,1.494,multicoil_train,0.000344797
data/multicoil_train/file_brain_AXT2_207_2070277.h5,AXT2,16,4,640,320,False,1.494,multicoil_train,0.00034529503
data/multicoil_train/file_brain_AXT2_208_2080538.h5,AXT2,16,4,640,320,False,1.494,multicoil_train,0.00034797165
data/multicoil_train/file_brain_AXT2_207_2070808.h5,AXT2,16,4,640,320,False,1.494,multicoil_train,0.00033937662
data/multicoil_train/file_brain_AXT2_208_2080047.h5,AXT2,16,4,640,320,False,1.494,multicoil_train,0.0003483388
data/multicoil_val/file_brain_AXT2_207_2070578.h5,AXT2,16,4,640,320,False,1.494,multicoil_train,0.0003254957
data/multicoil_val/file_brain_AXT2_207_2070041.h5,AXT2,16,4,640,320,False,1.494,multicoil_train,0.0003867456
data/multicoil_train/file_brain_AXT2_208_2080705.h5,AXT2,16,4,640,320,False,1.494,multicoil_train,0.0003270231
data/multicoil_train/file_brain_AXT2_208_2080478.h5,AXT2,16,4,640,320,False,1.494,multicoil_train,0.00032307842
data/multicoil_train/file_brain_AXT2_208_2080063.h5,AXT2,16,4,640,320,False,1.494,multicoil_train,0.0003512451
data/multicoil_train/file_brain_AXT2_208_2080432.h5,AXT2,16,4,640,320,False,1.494,multicoil_train,0.00031769308
data/multicoil_val/file_brain_AXT2_208_2080372.h5,AXT2,16,4,640,320,False,1.494,multicoil_train,0.00034689743
data/multicoil_train/file_brain_AXT2_208_2080616.h5,AXT2,16,4,640,320,False,1.494,multicoil_train,0.00030658272
data/multicoil_train/file_brain_AXT2_207_2070566.h5,AXT2,16,4,640,320,False,1.494,multicoil_train,0.00033785516
data/multicoil_train/file_brain_AXT2_208_2080529.h5,AXT2,16,4,640,320,False,1.494,multicoil_train,0.0003439132
data/multicoil_val/file_brain_AXT2_207_2070323.h5,AXT2,16,4,640,320,False,1.494,multicoil_train,0.00032787427
data/multicoil_train/file_brain_AXT2_207_2070459.h5,AXT2,16,4,640,320,False,1.494,multicoil_train,0.0004357
data/multicoil_train/file_brain_AXT2_207_2070739.h5,AXT2,16,4,640,320,False,1.494,multicoil_train,0.00029685278
data/multicoil_train/file_brain_AXT2_208_2080004.h5,AXT2,16,4,640,320,False,1.494,multicoil_train,0.0003093893
data/multicoil_val/file_brain_AXT2_208_2080688.h5,AXT2,16,4,640,320,False,1.494,multicoil_train,0.00035201377
data/multicoil_val/file_brain_AXT2_207_2070564.h5,AXT2,16,4,640,320,False,1.494,multicoil_train,0.00037100707
data/multicoil_train/file_brain_AXT2_208_2080513.h5,AXT2,16,4,640,320,False,1.494,multicoil_train,0.00031138828
data/multicoil_train/file_brain_AXT2_208_2080394.h5,AXT2,16,4,640,320,False,1.494,multicoil_train,0.000304276
data/multicoil_train/file_brain_AXT2_208_2080722.h5,AXT2,16,4,640,320,False,1.494,multicoil_train,0.00031177423
data/multicoil_train/file_brain_AXT2_208_2080277.h5,AXT2,16,4,640,320,False,1.494,multicoil_train,0.00033547837
data/multicoil_val/file_brain_AXT2_208_2080697.h5,AXT2,16,4,640,320,False,1.494,multicoil_train,0.00036073296
data/multicoil_train/file_brain_AXT2_207_2070395.h5,AXT2,16,4,640,320,False,1.494,multicoil_train,0.0003548355
data/multicoil_train/file_brain_AXT2_208_2080297.h5,AXT2,16,4,640,320,False,1.494,multicoil_train,0.00032618782
data/multicoil_val/file_brain_AXT2_207_2070044.h5,AXT2,16,4,640,320,False,1.494,multicoil_train,0.0003160595
data/multicoil_val/file_brain_AXT2_207_2070110.h5,AXT2,16,4,640,320,False,1.494,multicoil_train,0.00033598213
data/multicoil_train/file_brain_AXT2_208_2080668.h5,AXT2,16,4,640,320,False,1.494,multicoil_train,0.00030937546
data/multicoil_val/file_brain_AXT2_208_2080125.h5,AXT2,16,4,640,320,False,1.494,multicoil_train,0.0003208276
data/multicoil_train/file_brain_AXT2_207_2070486.h5,AXT2,16,4,640,320,False,1.494,multicoil_train,0.00035618292
data/multicoil_val/file_brain_AXT2_207_2070720.h5,AXT2,16,4,640,320,False,1.494,multicoil_train,0.00029483397
data/multicoil_val/file_brain_AXT2_208_2080622.h5,AXT2,16,4,640,320,False,1.494,multicoil_train,0.0002952509
data/multicoil_train/file_brain_AXT2_208_2080498.h5,AXT2,16,4,640,320,False,1.494,multicoil_train,0.0003122414
data/multicoil_val/file_brain_AXT2_208_2080612.h5,AXT2,16,4,640,320,False,1.494,multicoil_train,0.0003251374
data/multicoil_train/file_brain_AXT2_207_2070577.h5,AXT2,16,4,640,320,False,1.494,multicoil_train,0.000327917
data/multicoil_val/file_brain_AXT2_207_2070265.h5,AXT2,16,4,640,320,False,1.494,multicoil_train,0.0003217243
data/multicoil_train/file_brain_AXT2_208_2080460.h5,AXT2,16,4,640,320,False,1.494,multicoil_train,0.00030429225
data/multicoil_train/file_brain_AXT2_208_2080148.h5,AXT2,16,4,640,320,False,1.494,multicoil_train,0.0003030278
data/multicoil_train/file_brain_AXT2_207_2070753.h5,AXT2,16,4,640,320,False,1.494,multicoil_train,0.00031467318
data/multicoil_train/file_brain_AXT2_207_2070464.h5,AXT2,16,4,640,320,False,1.494,multicoil_train,0.00033420112
data/multicoil_val/file_brain_AXT2_207_2070798.h5,AXT2,16,4,640,320,False,1.494,multicoil_train,0.00030940637
data/multicoil_train/file_brain_AXT2_208_2080040.h5,AXT2,16,4,640,320,False,1.494,multicoil_train,0.00028798383
data/multicoil_train/file_brain_AXT2_208_2080026.h5,AXT2,16,4,640,320,False,1.494,multicoil_train,0.00032542305
data/multicoil_val/file_brain_AXT2_207_2070115.h5,AXT2,16,4,640,320,False,1.494,multicoil_train,0.00035345135
data/multicoil_train/file_brain_AXT2_207_2070780.h5,AXT2,16,4,640,320,False,1.494,multicoil_train,0.00033571105
data/multicoil_val/file_brain_AXT2_208_2080404.h5,AXT2,16,4,640,320,False,1.494,multicoil_train,0.00034839017
data/multicoil_train/file_brain_AXT2_207_2070270.h5,AXT2,16,4,640,320,False,1.494,multicoil_train,0.0003569376
data/multicoil_train/file_brain_AXT2_207_2070351.h5,AXT2,16,4,640,320,False,1.494,multicoil_train,0.00034633762
data/multicoil_train/file_brain_AXT2_208_2080283.h5,AXT2,16,4,640,320,False,1.494,multicoil_train,0.00035170213
data/multicoil_train/file_brain_AXT2_208_2080712.h5,AXT2,16,4,640,320,False,1.494,multicoil_train,0.00031678908
data/multicoil_train/file_brain_AXT2_208_2080190.h5,AXT2,16,4,640,320,False,1.494,multicoil_train,0.00033700862
data/multicoil_train/file_brain_AXT2_207_2070686.h5,AXT2,16,4,640,320,False,1.494,multicoil_train,0.00032191485
data/multicoil_train/file_brain_AXT2_207_2070653.h5,AXT2,16,4,640,320,False,1.494,multicoil_train,0.00030905986
data/multicoil_train/file_brain_AXT2_207_2070529.h5,AXT2,16,4,640,320,False,1.494,multicoil_train,0.00033166868
data/multicoil_train/file_brain_AXT2_207_2070730.h5,AXT2,16,4,640,320,False,1.494,multicoil_train,0.00033391756
data/multicoil_val/file_brain_AXT2_207_2070789.h5,AXT2,16,4,640,320,False,1.494,multicoil_train,0.00031452713
data/multicoil_train/file_brain_AXT2_207_2070613.h5,AXT2,16,4,640,320,False,1.494,multicoil_train,0.00029086723
data/multicoil_train/file_brain_AXT2_208_2080447.h5,AXT2,16,4,640,320,False,1.494,multicoil_train,0.00031958357
data/multicoil_val/file_brain_AXT2_207_2070239.h5,AXT2,16,4,640,320,False,1.494,multicoil_train,0.00031470833
data/multicoil_val/file_brain_AXT2_208_2080164.h5,AXT2,16,4,640,320,False,1.494,multicoil_train,0.00034425873
data/multicoil_train/file_brain_AXT2_208_2080565.h5,AXT2,16,4,640,320,False,1.494,multicoil_train,0.0002931894
data/multicoil_train/file_brain_AXT2_207_2070249.h5,AXT2,16,4,640,320,False,1.494,multicoil_train,0.00035185282
data/multicoil_train/file_brain_AXT2_207_2070602.h5,AXT2,16,4,640,320,False,1.494,multicoil_train,0.00065726985
data/multicoil_train/file_brain_AXT2_207_2070815.h5,AXT2,16,4,640,320,False,1.494,multicoil_train,0.00035915515
data/multicoil_train/file_brain_AXT2_208_2080516.h5,AXT2,16,4,640,320,False,1.494,multicoil_train,0.00034496543
data/multicoil_train/file_brain_AXT2_208_2080700.h5,AXT2,16,4,640,320,False,1.494,multicoil_train,0.00033965442
data/multicoil_train/file_brain_AXT2_207_2070064.h5,AXT2,16,4,640,320,False,1.494,multicoil_train,0.00032593546
data/multicoil_train/file_brain_AXT2_208_2080396.h5,AXT2,16,4,640,320,False,1.494,multicoil_train,0.00030184395
data/multicoil_train/file_brain_AXT2_208_2080312.h5,AXT2,16,4,640,320,False,1.494,multicoil_train,0.0003697021
data/multicoil_train/file_brain_AXT2_208_2080098.h5,AXT2,16,4,640,320,False,1.494,multicoil_train,0.00058201235
data/multicoil_val/file_brain_AXT2_207_2070489.h5,AXT2,16,4,640,320,False,1.494,multicoil_train,0.00029945167
data/multicoil_val/file_brain_AXT2_208_2080251.h5,AXT2,16,4,640,320,False,1.494,multicoil_train,0.00029882262
data/multicoil_train/file_brain_AXT2_208_2080420.h5,AXT2,16,4,640,320,False,1.494,multicoil_train,0.00040920574
data/multicoil_val/file_brain_AXT2_208_2080129.h5,AXT2,16,4,640,320,False,1.494,multicoil_train,0.00033735821
data/multicoil_train/file_brain_AXT2_207_2070580.h5,AXT2,16,4,640,320,False,1.494,multicoil_train,0.00029263747
data/multicoil_train/file_brain_AXT2_207_2070007.h5,AXT2,16,4,640,320,False,1.494,multicoil_train,0.00032750957
data/multicoil_train/file_brain_AXT2_207_2070488.h5,AXT2,16,4,640,320,False,1.494,multicoil_train,0.00037878414
data/multicoil_train/file_brain_AXT2_207_2070164.h5,AXT2,16,4,640,320,False,1.494,multicoil_train,0.0003220557
data/multicoil_train/file_brain_AXT2_207_2070078.h5,AXT2,16,4,640,320,False,1.494,multicoil_train,0.00031838866
data/multicoil_val/file_brain_AXT2_208_2080693.h5,AXT2,16,4,640,320,False,1.494,multicoil_train,0.00031157688
data/multicoil_val/file_brain_AXT2_208_2080136.h5,AXT2,16,4,640,320,False,1.494,multicoil_train,0.00028932217
data/multicoil_train/file_brain_AXT2_208_2080206.h5,AXT2,16,4,640,320,False,1.494,multicoil_train,0.00034014287
data/multicoil_train/file_brain_AXT2_208_2080680.h5,AXT2,16,4,640,320,False,1.494,multicoil_train,0.00036488904
data/multicoil_train/file_brain_AXT2_208_2080681.h5,AXT2,16,4,640,320,False,1.494,multicoil_train,0.00032439863
data/multicoil_train/file_brain_AXT2_207_2070062.h5,AXT2,16,4,640,320,False,1.494,multicoil_train,0.0003267005
data/multicoil_train/file_brain_AXT2_208_2080222.h5,AXT2,16,4,640,320,False,1.494,multicoil_train,0.0003408482
data/multicoil_train/file_brain_AXT2_208_2080354.h5,AXT2,16,4,640,320,False,1.494,multicoil_train,0.0003002555
data/multicoil_train/file_brain_AXT2_208_2080280.h5,AXT2,16,4,640,320,False,1.494,multicoil_train,0.0003024306
data/multicoil_train/file_brain_AXT2_207_2070165.h5,AXT2,16,4,640,320,False,1.494,multicoil_train,0.00038297434
data/multicoil_train/file_brain_AXT2_207_2070313.h5,AXT2,16,4,640,320,False,1.494,multicoil_train,0.00031252464
data/multicoil_val/file_brain_AXT2_207_2070269.h5,AXT2,16,4,640,320,False,1.494,multicoil_train,0.00030182998
data/multicoil_train/file_brain_AXT2_208_2080013.h5,AXT2,16,4,640,320,False,1.494,multicoil_train,0.0002946708
data/multicoil_val/file_brain_AXT2_207_2070282.h5,AXT2,16,4,640,320,False,1.494,multicoil_train,0.00039709083
data/multicoil_train/file_brain_AXT2_207_2070343.h5,AXT2,16,4,640,320,False,1.494,multicoil_train,0.00033703874
data/multicoil_train/file_brain_AXT2_207_2070650.h5,AXT2,16,4,640,320,False,1.494,multicoil_train,0.00032212975
data/multicoil_val/file_brain_AXT2_208_2080492.h5,AXT2,16,4,640,320,False,1.494,multicoil_train,0.00034618043
data/multicoil_val/file_brain_AXT2_208_2080294.h5,AXT2,16,4,640,320,False,1.494,multicoil_train,0.00033753752
data/multicoil_val/file_brain_AXT2_207_2070045.h5,AXT2,16,4,640,320,False,1.494,multicoil_train,0.00034085003
data/multicoil_val/file_brain_AXT2_207_2070346.h5,AXT2,16,4,640,320,False,1.494,multicoil_train,0.00035472488
data/multicoil_val/file_brain_AXT2_207_2070634.h5,AXT2,16,4,640,320,False,1.494,multicoil_train,0.0002940601
data/multicoil_train/file_brain_AXT2_208_2080158.h5,AXT2,16,4,640,320,False,1.494,multicoil_train,0.00033008528
data/multicoil_train/file_brain_AXT2_208_2080333.h5,AXT2,16,4,640,320,False,1.494,multicoil_train,0.0002935356
data/multicoil_train/file_brain_AXT2_207_2070052.h5,AXT2,16,4,640,320,False,1.494,multicoil_train,0.00033107147
data/multicoil_train/file_brain_AXT2_207_2070692.h5,AXT2,16,4,640,320,False,1.494,multicoil_train,0.00035869083
data/multicoil_train/file_brain_AXT2_207_2070546.h5,AXT2,16,4,640,320,False,1.494,multicoil_train,0.00032210664
data/multicoil_val/file_brain_AXT2_208_2080229.h5,AXT2,16,4,640,320,False,1.494,multicoil_train,0.00030773765
data/multicoil_val/file_brain_AXT2_207_2070617.h5,AXT2,16,4,640,320,False,1.494,multicoil_train,0.00036918768
data/multicoil_train/file_brain_AXT2_208_2080715.h5,AXT2,16,4,640,320,False,1.494,multicoil_train,0.00032167984
data/multicoil_train/file_brain_AXT2_208_2080180.h5,AXT2,16,4,640,320,False,1.494,multicoil_train,0.000334049
data/multicoil_train/file_brain_AXT2_208_2080233.h5,AXT2,16,4,640,320,False,1.494,multicoil_train,0.000321123
data/multicoil_train/file_brain_AXT2_208_2080145.h5,AXT2,16,4,640,320,False,1.494,multicoil_train,0.00029612533
data/multicoil_val/file_brain_AXT2_207_2070377.h5,AXT2,16,4,640,320,False,1.494,multicoil_train,0.00030992582
data/multicoil_train/file_brain_AXT2_207_2070545.h5,AXT2,16,4,640,320,False,1.494,multicoil_train,0.00040140914
data/multicoil_train/file_brain_AXT2_207_2070454.h5,AXT2,16,4,640,320,False,1.494,multicoil_train,0.0002856343
data/multicoil_val/file_brain_AXT2_207_2070441.h5,AXT2,16,4,640,320,False,1.494,multicoil_train,0.0003299062
data/multicoil_train/file_brain_AXT2_208_2080685.h5,AXT2,16,4,640,320,False,1.494,multicoil_train,0.00030004876
data/multicoil_train/file_brain_AXT2_207_2070100.h5,AXT2,16,4,640,320,False,1.494,multicoil_train,0.000300258
data/multicoil_val/file_brain_AXT2_208_2080564.h5,AXT2,16,4,640,320,False,1.494,multicoil_train,0.00030155375
data/multicoil_train/file_brain_AXT2_207_2070228.h5,AXT2,16,4,640,320,False,1.494,multicoil_train,0.00028233178
data/multicoil_val/file_brain_AXT2_208_2080204.h5,AXT2,16,4,640,320,False,1.494,multicoil_train,0.00031559472
data/multicoil_train/file_brain_AXT2_207_2070103.h5,AXT2,16,4,640,320,False,1.494,multicoil_train,0.00040739556
data/multicoil_train/file_brain_AXT2_208_2080611.h5,AXT2,16,4,640,320,False,1.494,multicoil_train,0.0003178949
data/multicoil_train/file_brain_AXT2_207_2070237.h5,AXT2,16,4,640,320,False,1.494,multicoil_train,0.00034101983
data/multicoil_train/file_brain_AXT2_207_2070639.h5,AXT2,16,4,640,320,False,1.494,multicoil_train,0.0003639646
data/multicoil_train/file_brain_AXT2_208_2080076.h5,AXT2,16,4,640,320,False,1.494,multicoil_train,0.00032394935
data/multicoil_train/file_brain_AXT2_207_2070040.h5,AXT2,16,4,640,320,False,1.494,multicoil_train,0.0003060883
data/multicoil_train/file_brain_AXT2_208_2080361.h5,AXT2,16,4,640,320,False,1.494,multicoil_train,0.00031733277
data/multicoil_train/file_brain_AXT2_208_2080006.h5,AXT2,16,4,640,320,False,1.494,multicoil_train,0.00031164056
data/multicoil_train/file_brain_AXT2_207_2070280.h5,AXT2,16,4,640,320,False,1.494,multicoil_train,0.00033618833
data/multicoil_train/file_brain_AXT2_208_2080562.h5,AXT2,16,4,640,320,False,1.494,multicoil_train,0.00031041517
data/multicoil_train/file_brain_AXT2_208_2080537.h5,AXT2,16,4,640,320,False,1.494,multicoil_train,0.00029549317
data/multicoil_train/file_brain_AXT2_207_2070693.h5,AXT2,16,4,640,320,False,1.494,multicoil_train,0.00031396493
data/multicoil_train/file_brain_AXT2_207_2070620.h5,AXT2,16,4,640,320,False,1.494,multicoil_train,0.00031835173
data/multicoil_train/file_brain_AXT2_207_2070695.h5,AXT2,16,4,640,320,False,1.494,multicoil_train,0.0003034439
data/multicoil_train/file_brain_AXT2_207_2070405.h5,AXT2,16,4,640,320,False,1.494,multicoil_train,0.00031222036
data/multicoil_val/file_brain_AXT2_208_2080670.h5,AXT2,16,4,640,320,False,1.494,multicoil_train,0.0003080876
data/multicoil_train/file_brain_AXT2_207_2070384.h5,AXT2,16,4,640,320,False,1.494,multicoil_train,0.00033996042
data/multicoil_train/file_brain_AXT2_207_2070355.h5,AXT2,16,4,640,320,False,1.494,multicoil_train,0.0003244467
data/multicoil_train/file_brain_AXT2_207_2070081.h5,AXT2,16,4,640,320,False,1.494,multicoil_train,0.0003270223
data/multicoil_train/file_brain_AXT2_208_2080523.h5,AXT2,16,4,640,320,False,1.494,multicoil_train,0.00033164988
data/multicoil_train/file_brain_AXT2_207_2070501.h5,AXT2,16,4,640,320,False,1.494,multicoil_train,0.0003133991
data/multicoil_train/file_brain_AXT2_208_2080356.h5,AXT2,16,4,640,320,False,1.494,multicoil_train,0.0003538115
data/multicoil_train/file_brain_AXT2_207_2070330.h5,AXT2,16,4,640,320,False,1.494,multicoil_train,0.00033252552
data/multicoil_val/file_brain_AXT2_208_2080544.h5,AXT2,16,4,640,320,False,1.494,multicoil_train,0.00032762083
data/multicoil_train/file_brain_AXT2_207_2070065.h5,AXT2,16,4,640,320,False,1.494,multicoil_train,0.00032532043
data/multicoil_train/file_brain_AXT2_208_2080020.h5,AXT2,16,4,640,320,False,1.494,multicoil_train,0.00046252186
data/multicoil_train/file_brain_AXT2_207_2070366.h5,AXT2,16,4,640,320,False,1.494,multicoil_train,0.0003293032
data/multicoil_train/file_brain_AXT2_207_2070030.h5,AXT2,16,4,640,320,False,1.494,multicoil_train,0.00034621992
data/multicoil_train/file_brain_AXT2_208_2080526.h5,AXT2,16,4,640,320,False,1.494,multicoil_train,0.00033694904
data/multicoil_train/file_brain_AXT2_208_2080224_corrupted.h5,AXT2,16,4,640,320,True,1.494,multicoil_train,0.00030827764
data/multicoil_train/file_brain_AXT2_207_2070201_corrupted.h5,AXT2,16,4,640,320,True,1.494,multicoil_train,0.00032658988
data/multicoil_val/file_brain_AXT2_207_2070634_corrupted.h5,AXT2,16,4,640,320,True,1.494,multicoil_train,0.00028680757
data/multicoil_train/file_brain_AXT2_207_2070780_corrupted.h5,AXT2,16,4,640,320,True,1.494,multicoil_train,0.00032613138
data/multicoil_train/file_brain_AXT2_207_2070228_corrupted.h5,AXT2,16,4,640,320,True,1.494,multicoil_train,0.00026907653
data/multicoil_val/file_brain_AXT2_208_2080539_corrupted.h5,AXT2,16,4,640,320,True,1.494,multicoil_train,0.00026122027
data/multicoil_train/file_brain_AXT2_207_2070175_corrupted.h5,AXT2,16,4,640,320,True,1.494,multicoil_train,0.000279294
data/multicoil_train/file_brain_AXT2_208_2080681_corrupted.h5,AXT2,16,4,640,320,True,1.494,multicoil_train,0.00027758832
data/multicoil_train/file_brain_AXT2_207_2070625_corrupted.h5,AXT2,16,4,640,320,True,1.494,multicoil_train,0.00027879188
data/multicoil_train/file_brain_AXT2_207_2070390_corrupted.h5,AXT2,16,4,640,320,True,1.494,multicoil_train,0.00025634546
data/multicoil_val/file_brain_AXT2_207_2070593_corrupted.h5,AXT2,16,4,640,320,True,1.494,multicoil_train,0.00021069015
data/multicoil_train/file_brain_AXT2_208_2080530_corrupted.h5,AXT2,16,4,640,320,True,1.494,multicoil_train,0.00021902424
data/multicoil_val/file_brain_AXT2_207_2070597_corrupted.h5,AXT2,16,4,640,320,True,1.494,multicoil_train,0.0003281496
data/multicoil_train/file_brain_AXT2_207_2070586_corrupted.h5,AXT2,16,4,640,320,True,1.494,multicoil_train,0.00029615575
data/multicoil_train/file_brain_AXT2_208_2080111_corrupted.h5,AXT2,16,4,640,320,True,1.494,multicoil_train,0.00022640554
data/multicoil_train/file_brain_AXT2_208_2080511_corrupted.h5,AXT2,16,4,640,320,True,1.494,multicoil_train,0.00026159215
data/multicoil_train/file_brain_AXT2_208_2080536_corrupted.h5,AXT2,16,4,640,320,True,1.494,multicoil_train,0.00028308487
data/multicoil_val/file_brain_AXT2_207_2070188_corrupted.h5,AXT2,16,4,640,320,True,1.494,multicoil_train,0.00032531767
data/multicoil_train/file_brain_AXT2_207_2070566_corrupted.h5,AXT2,16,4,640,320,True,1.494,multicoil_train,0.0003474804
data/multicoil_train/file_brain_AXT2_208_2080531_corrupted.h5,AXT2,16,4,640,320,True,1.494,multicoil_train,0.0002949776
data/multicoil_train/file_brain_AXT2_208_2080188_corrupted.h5,AXT2,16,4,640,320,True,1.494,multicoil_train,0.00028133276
data/multicoil_train/file_brain_AXT2_208_2080620_corrupted.h5,AXT2,16,4,640,320,True,1.494,multicoil_train,0.0002835966
data/multicoil_train/file_brain_AXT2_207_2070330_corrupted.h5,AXT2,16,4,640,320,True,1.494,multicoil_train,0.00033256377
data/multicoil_train/file_brain_AXT2_208_2080600_corrupted.h5,AXT2,16,4,640,320,True,1.494,multicoil_train,0.0002774539
data/multicoil_val/file_brain_AXT2_208_2080129_corrupted.h5,AXT2,16,4,640,320,True,1.494,multicoil_train,0.00032392336
data/multicoil_val/file_brain_AXT2_207_2070092_corrupted.h5,AXT2,16,4,640,320,True,1.494,multicoil_train,0.0003076889
data/multicoil_train/file_brain_AXT2_208_2080513_corrupted.h5,AXT2,16,4,640,320,True,1.494,multicoil_train,0.00026749834
data/multicoil_train/file_brain_AXT2_207_2070621_corrupted.h5,AXT2,16,4,640,320,True,1.494,multicoil_train,0.00029127882
data/multicoil_train/file_brain_AXT2_207_2070277_corrupted.h5,AXT2,16,4,640,320,True,1.494,multicoil_train,0.00022231795
data/multicoil_train/file_brain_AXT2_207_2070351_corrupted.h5,AXT2,16,4,640,320,True,1.494,multicoil_train,0.00020337958
data/multicoil_train/file_brain_AXT2_208_2080700_corrupted.h5,AXT2,16,4,640,320,True,1.494,multicoil_train,0.00035509685
data/multicoil_val/file_brain_AXT2_207_2070202_corrupted.h5,AXT2,16,4,640,320,True,1.494,multicoil_train,0.00030799443
data/multicoil_train/file_brain_AXT2_208_2080239_corrupted.h5,AXT2,16,4,640,320,True,1.494,multicoil_train,0.0002191402
data/multicoil_train/file_brain_AXT2_207_2070165_corrupted.h5,AXT2,16,4,640,320,True,1.494,multicoil_train,0.00030854758
data/multicoil_train/file_brain_AXT2_208_2080238_corrupted.h5,AXT2,16,4,640,320,True,1.494,multicoil_train,0.00031019843
data/multicoil_val/file_brain_AXT2_208_2080108_corrupted.h5,AXT2,16,4,640,320,True,1.494,multicoil_train,0.00028072303
data/multicoil_train/file_brain_AXT2_207_2070384_corrupted.h5,AXT2,16,4,640,320,True,1.494,multicoil_train,0.00033184234
data/multicoil_val/file_brain_AXT2_208_2080125_corrupted.h5,AXT2,16,4,640,320,True,1.494,multicoil_train,0.00025283173
data/multicoil_train/file_brain_AXT2_207_2070582_corrupted.h5,AXT2,16,4,640,320,True,1.494,multicoil_train,0.00020343691
data/multicoil_val/file_brain_AXT2_207_2070745_corrupted.h5,AXT2,16,4,640,320,True,1.494,multicoil_train,0.00029325704
data/multicoil_val/file_brain_AXT2_207_2070430_corrupted.h5,AXT2,16,4,640,320,True,1.494,multicoil_train,0.00028726185
data/multicoil_train/file_brain_AXT2_208_2080565_corrupted.h5,AXT2,16,4,640,320,True,1.494,multicoil_train,0.0002473161
data/multicoil_train/file_brain_AXT2_207_2070686_corrupted.h5,AXT2,16,4,640,320,True,1.494,multicoil_train,0.00027873003
data/multicoil_val/file_brain_AXT2_207_2070831_corrupted.h5,AXT2,16,4,640,320,True,1.494,multicoil_train,0.00032988022
data/multicoil_val/file_brain_AXT2_207_2070094_corrupted.h5,AXT2,16,4,640,320,True,1.494,multicoil_train,0.00032262946
data/multicoil_train/file_brain_AXT2_207_2070636_corrupted.h5,AXT2,16,4,640,320,True,1.494,multicoil_train,0.0003146458
data/multicoil_train/file_brain_AXT2_207_2070570_corrupted.h5,AXT2,16,4,640,320,True,1.494,multicoil_train,0.00031768816
data/multicoil_train/file_brain_AXT2_207_2070529_corrupted.h5,AXT2,16,4,640,320,True,1.494,multicoil_train,0.00031116031
data/multicoil_val/file_brain_AXT2_208_2080580_corrupted.h5,AXT2,16,4,640,320,True,1.494,multicoil_train,0.00026797125
data/multicoil_train/file_brain_AXT2_208_2080710_corrupted.h5,AXT2,16,4,640,320,True,1.494,multicoil_train,0.00026259612
data/multicoil_train/file_brain_AXT2_208_2080587_corrupted.h5,AXT2,16,4,640,320,True,1.494,multicoil_train,0.00023100837
data/multicoil_train/file_brain_AXT2_207_6000966_corrupted.h5,AXT2,16,4,640,320,True,1.494,multicoil_train,0.0003439717
data/multicoil_train/file_brain_AXT2_207_2070540_corrupted.h5,AXT2,16,4,640,320,True,1.494,multicoil_train,0.0003462908
data/multicoil_train/file_brain_AXT2_207_2070812_corrupted.h5,AXT2,16,4,640,320,True,1.494,multicoil_train,0.00027729315
data/multicoil_train/file_brain_AXT2_208_2080088_corrupted.h5,AXT2,16,4,640,320,True,1.494,multicoil_train,0.00032649143
data/multicoil_train/file_brain_AXT2_207_2070730_corrupted.h5,AXT2,16,4,640,320,True,1.494,multicoil_train,0.00030505116
data/multicoil_train/file_brain_AXT2_207_2070822_corrupted.h5,AXT2,16,4,640,320,True,1.494,multicoil_train,0.00029669187
data/multicoil_train/file_brain_AXT2_207_2070150_corrupted.h5,AXT2,16,4,640,320,True,1.494,multicoil_train,0.00023414857
data/multicoil_train/file_brain_AXT2_207_2070040_corrupted.h5,AXT2,16,4,640,320,True,1.494,multicoil_train,0.00031784025
data/multicoil_val/file_brain_AXT2_208_2080372_corrupted.h5,AXT2,16,4,640,320,True,1.494,multicoil_train,0.0003582954
data/multicoil_train/file_brain_AXT2_208_2080006_corrupted.h5,AXT2,16,4,640,320,True,1.494,multicoil_train,0.00024154843
data/multicoil_train/file_brain_AXT2_208_2080315_corrupted.h5,AXT2,16,4,640,320,True,1.494,multicoil_train,0.00027715412
data/multicoil_train/file_brain_AXT2_208_2080327_corrupted.h5,AXT2,16,4,640,320,True,1.494,multicoil_train,0.00021015404
data/multicoil_train/file_brain_AXT2_207_2070753_corrupted.h5,AXT2,16,4,640,320,True,1.494,multicoil_train,0.0002245106
data/multicoil_train/file_brain_AXT2_207_2070522_corrupted.h5,AXT2,16,4,640,320,True,1.494,multicoil_train,0.000305282
data/multicoil_train/file_brain_AXT2_208_2080496_corrupted.h5,AXT2,16,4,640,320,True,1.494,multicoil_train,0.00022927721
data/multicoil_train/file_brain_AXT2_208_2080298_corrupted.h5,AXT2,16,4,640,320,True,1.494,multicoil_train,0.00032349658
data/multicoil_train/file_brain_AXT2_208_2080562_corrupted.h5,AXT2,16,4,640,320,True,1.494,multicoil_train,0.0002725256
data/multicoil_train/file_brain_AXT2_207_2070174_corrupted.h5,AXT2,16,4,640,320,True,1.494,multicoil_train,0.0003106483
data/multicoil_val/file_brain_AXT2_207_2070091_corrupted.h5,AXT2,16,4,640,320,True,1.494,multicoil_train,0.00029205566
data/multicoil_val/file_brain_AXT2_207_2070297_corrupted.h5,AXT2,16,4,640,320,True,1.494,multicoil_train,0.0003090864
data/multicoil_train/file_brain_AXT2_207_2070739_corrupted.h5,AXT2,16,4,640,320,True,1.494,multicoil_train,0.00021454445
data/multicoil_val/file_brain_AXT2_207_2070681_corrupted.h5,AXT2,16,4,640,320,True,1.494,multicoil_train,0.00030098335
data/multicoil_train/file_brain_AXT2_207_2070054_corrupted.h5,AXT2,16,4,640,320,True,1.494,multicoil_train,0.00031168092
data/multicoil_train/file_brain_AXT2_207_2070731_corrupted.h5,AXT2,16,4,640,320,True,1.494,multicoil_train,0.00030149764
data/multicoil_train/file_brain_AXT2_208_2080186_corrupted.h5,AXT2,16,4,640,320,True,1.494,multicoil_train,0.00030167017
data/multicoil_train/file_brain_AXT2_208_2080054_corrupted.h5,AXT2,16,4,640,320,True,1.494,multicoil_train,0.0003446006
data/multicoil_val/file_brain_AXT2_207_2070396_corrupted.h5,AXT2,16,4,640,320,True,1.494,multicoil_train,0.00030037476
data/multicoil_train/file_brain_AXT2_207_2070834_corrupted.h5,AXT2,16,4,640,320,True,1.494,multicoil_train,0.0003086214
data/multicoil_val/file_brain_AXT2_207_2070337_corrupted.h5,AXT2,16,4,640,320,True,1.494,multicoil_train,0.00032831795
data/multicoil_train/file_brain_AXT2_207_2070716_corrupted.h5,AXT2,16,4,640,320,True,1.494,multicoil_train,0.0002705629
data/multicoil_train/file_brain_AXT2_207_2070839_corrupted.h5,AXT2,16,4,640,320,True,1.494,multicoil_train,0.00030661913
data/multicoil_train/file_brain_AXT2_207_2070195_corrupted.h5,AXT2,16,4,640,320,True,1.494,multicoil_train,0.00023161668
data/multicoil_train/file_brain_AXT2_207_2070690_corrupted.h5,AXT2,16,4,640,320,True,1.494,multicoil_train,0.00028272928
data/multicoil_val/file_brain_AXT2_207_2070494_corrupted.h5,AXT2,16,4,640,320,True,1.494,multicoil_train,0.0002234973
data/multicoil_train/file_brain_AXT2_207_2070491_corrupted.h5,AXT2,16,4,640,320,True,1.494,multicoil_train,0.0002784951
data/multicoil_val/file_brain_AXT2_207_2070657_corrupted.h5,AXT2,16,4,640,320,True,1.494,multicoil_train,0.00027878748
data/multicoil_val/file_brain_AXT2_207_2070478_corrupted.h5,AXT2,16,4,640,320,True,1.494,multicoil_train,0.00030020537
data/multicoil_val/file_brain_AXT2_207_2070564_corrupted.h5,AXT2,16,4,640,320,True,1.494,multicoil_train,0.00037063158
data/multicoil_train/file_brain_AXT2_208_2080112_corrupted.h5,AXT2,16,4,640,320,True,1.494,multicoil_train,0.00032177754
data/multicoil_train/file_brain_AXT2_208_2080523_corrupted.h5,AXT2,16,4,640,320,True,1.494,multicoil_train,0.00025288202
data/multicoil_train/file_brain_AXT2_207_2070771_corrupted.h5,AXT2,16,4,640,320,True,1.494,multicoil_train,0.00023203365
data/multicoil_train/file_brain_AXT2_207_2070498_corrupted.h5,AXT2,16,4,640,320,True,1.494,multicoil_train,0.00021867186
data/multicoil_train/file_brain_AXT2_207_2070064_corrupted.h5,AXT2,16,4,640,320,True,1.494,multicoil_train,0.00031222063
data/multicoil_train/file_brain_AXT2_208_2080720_corrupted.h5,AXT2,16,4,640,320,True,1.494,multicoil_train,0.00028186876
data/multicoil_train/file_brain_AXT2_207_2070039_corrupted.h5,AXT2,16,4,640,320,True,1.494,multicoil_train,0.0002327465
data/multicoil_train/file_brain_AXT2_208_2080618_corrupted.h5,AXT2,16,4,640,320,True,1.494,multicoil_train,0.00024342714
data/multicoil_val/file_brain_AXT2_208_2080575_corrupted.h5,AXT2,16,4,640,320,True,1.494,multicoil_train,0.00032644044
data/multicoil_train/file_brain_AXT2_208_2080439_corrupted.h5,AXT2,16,4,640,320,True,1.494,multicoil_train,0.0003195795
data/multicoil_train/file_brain_AXT2_207_2070270_corrupted.h5,AXT2,16,4,640,320,True,1.494,multicoil_train,0.0002987326
data/multicoil_train/file_brain_AXT2_208_2080091_corrupted.h5,AXT2,16,4,640,320,True,1.494,multicoil_train,0.00027565786
data/multicoil_val/file_brain_AXT2_208_2080592_corrupted.h5,AXT2,16,4,640,320,True,1.494,multicoil_train,0.00029032023
data/multicoil_train/file_brain_AXT2_207_2070059_corrupted.h5,AXT2,16,4,640,320,True,1.494,multicoil_train,0.0003253279
data/multicoil_train/file_brain_AXT2_207_2070659_corrupted.h5,AXT2,16,4,640,320,True,1.494,multicoil_train,0.00030807627
data/multicoil_train/file_brain_AXT2_208_2080642_corrupted.h5,AXT2,16,4,640,320,True,1.494,multicoil_train,0.00030366055
data/multicoil_train/file_brain_AXT2_208_2080455_corrupted.h5,AXT2,16,4,640,320,True,1.494,multicoil_train,0.00024923365
data/multicoil_train/file_brain_AXT2_207_2070090_corrupted.h5,AXT2,16,4,640,320,True,1.494,multicoil_train,0.0003033412
data/multicoil_train/file_brain_AXT2_207_2070252_corrupted.h5,AXT2,16,4,640,320,True,1.494,multicoil_train,0.00033344334
data/multicoil_train/file_brain_AXT2_207_2070226_corrupted.h5,AXT2,16,4,640,320,True,1.494,multicoil_train,0.00030564427
data/multicoil_train/file_brain_AXT2_208_2080013_corrupted.h5,AXT2,16,4,640,320,True,1.494,multicoil_train,0.00029926622
data/multicoil_train/file_brain_AXT2_208_2080442_corrupted.h5,AXT2,16,4,640,320,True,1.494,multicoil_train,0.00031819713
data/multicoil_train/file_brain_AXT2_208_2080160_corrupted.h5,AXT2,16,4,640,320,True,1.494,multicoil_train,0.00026301693
data/multicoil_val/file_brain_AXT2_208_2080670_corrupted.h5,AXT2,16,4,640,320,True,1.494,multicoil_train,0.00027327292
data/multicoil_train/file_brain_AXT2_207_2070653_corrupted.h5,AXT2,16,4,640,320,True,1.494,multicoil_train,0.00029191092
data/multicoil_train/file_brain_AXT2_207_2070204_corrupted.h5,AXT2,16,4,640,320,True,1.494,multicoil_train,0.00029079817
data/multicoil_val/file_brain_AXT2_207_2070178_corrupted.h5,AXT2,16,4,640,320,True,1.494,multicoil_train,0.00021228952
data/multicoil_train/file_brain_AXT2_207_2070080_corrupted.h5,AXT2,16,4,640,320,True,1.494,multicoil_train,0.00031178954
data/multicoil_train/file_brain_AXT2_207_2070523_corrupted.h5,AXT2,16,4,640,320,True,1.494,multicoil_train,0.00025235253
data/multicoil_val/file_brain_AXT2_208_2080540_corrupted.h5,AXT2,16,4,640,320,True,1.494,multicoil_train,0.00028287887
data/multicoil_train/file_brain_AXT2_207_2070844_corrupted.h5,AXT2,16,4,640,320,True,1.494,multicoil_train,0.00029393868
data/multicoil_train/file_brain_AXT2_208_2080245_corrupted.h5,AXT2,16,4,640,320,True,1.494,multicoil_train,0.00029923653
data/multicoil_val/file_brain_AXT2_207_2070235_corrupted.h5,AXT2,16,4,640,320,True,1.494,multicoil_train,0.00022201313
data/multicoil_train/file_brain_AXT2_207_2070305_corrupted.h5,AXT2,16,4,640,320,True,1.494,multicoil_train,0.00021452393
data/multicoil_train/file_brain_AXT2_208_2080401_corrupted.h5,AXT2,16,4,640,320,True,1.494,multicoil_train,0.00034177426
data/multicoil_train/file_brain_AXT2_208_2080650_corrupted.h5,AXT2,16,4,640,320,True,1.494,multicoil_train,0.00028915404
data/multicoil_train/file_brain_AXT2_207_2070734_corrupted.h5,AXT2,16,4,640,320,True,1.494,multicoil_train,0.00020731872
data/multicoil_val/file_brain_AXT2_208_2080729_corrupted.h5,AXT2,16,4,640,320,True,1.494,multicoil_train,0.00032877648
data/multicoil_val/file_brain_AXT2_208_2080294_corrupted.h5,AXT2,16,4,640,320,True,1.494,multicoil_train,0.00031553485
data/multicoil_train/file_brain_AXT2_207_2070646_corrupted.h5,AXT2,16,4,640,320,True,1.494,multicoil_train,0.00021379776
data/multicoil_train/file_brain_AXT2_208_2080288_corrupted.h5,AXT2,16,4,640,320,True,1.494,multicoil_train,0.00021818656
data/multicoil_val/file_brain_AXT2_208_2080633_corrupted.h5,AXT2,16,4,640,320,True,1.494,multicoil_train,0.00031006912
data/multicoil_val/file_brain_AXT2_208_2080305_corrupted.h5,AXT2,16,4,640,320,True,1.494,multicoil_train,0.00032683328
data/multicoil_val/file_brain_AXT2_208_2080631_corrupted.h5,AXT2,16,4,640,320,True,1.494,multicoil_train,0.0002082937
data/multicoil_train/file_brain_AXT2_208_2080611_corrupted.h5,AXT2,16,4,640,320,True,1.494,multicoil_train,0.00034022878
data/multicoil_train/file_brain_AXT2_208_2080063_corrupted.h5,AXT2,16,4,640,320,True,1.494,multicoil_train,0.00034211986
data/multicoil_val/file_brain_AXT2_208_2080358_corrupted.h5,AXT2,16,4,640,320,True,1.494,multicoil_train,0.00030159357
data/multicoil_val/file_brain_AXT2_208_2080465_corrupted.h5,AXT2,16,4,640,320,True,1.494,multicoil_train,0.0003194714
data/multicoil_train/file_brain_AXT2_207_2070397_corrupted.h5,AXT2,16,4,640,320,True,1.494,multicoil_train,0.0003024629
data/multicoil_train/file_brain_AXT2_207_2070087_corrupted.h5,AXT2,16,4,640,320,True,1.494,multicoil_train,0.00030235518
data/multicoil_train/file_brain_AXT2_207_2070452_corrupted.h5,AXT2,16,4,640,320,True,1.494,multicoil_train,0.00033763924
data/multicoil_train/file_brain_AXT2_208_2080502_corrupted.h5,AXT2,16,4,640,320,True,1.494,multicoil_train,0.00030158524
data/multicoil_train/file_brain_AXT2_208_2080458_corrupted.h5,AXT2,16,4,640,320,True,1.494,multicoil_train,0.0003075115
data/multicoil_train/file_brain_AXT2_207_2070656_corrupted.h5,AXT2,16,4,640,320,True,1.494,multicoil_train,0.0002707781
data/multicoil_train/file_brain_AXT2_208_2080485_corrupted.h5,AXT2,16,4,640,320,True,1.494,multicoil_train,0.0003160513
data/multicoil_train/file_brain_AXT2_207_2070097_corrupted.h5,AXT2,16,4,640,320,True,1.494,multicoil_train,0.0003034665
data/multicoil_train/file_brain_AXT2_208_2080636_corrupted.h5,AXT2,16,4,640,320,True,1.494,multicoil_train,0.00026850388
data/multicoil_val/file_brain_AXT2_207_2070723_corrupted.h5,AXT2,16,4,640,320,True,1.494,multicoil_train,0.00029953223
data/multicoil_val/file_brain_AXT2_207_2070258_corrupted.h5,AXT2,16,4,640,320,True,1.494,multicoil_train,0.00028358086
data/multicoil_val/file_brain_AXT2_208_2080448_corrupted.h5,AXT2,16,4,640,320,True,1.494,multicoil_train,0.00030829586
data/multicoil_train/file_brain_AXT2_207_2070740_corrupted.h5,AXT2,16,4,640,320,True,1.494,multicoil_train,0.00032478495
data/multicoil_val/file_brain_AXT2_207_2070265_corrupted.h5,AXT2,16,4,640,320,True,1.494,multicoil_train,0.00031710984
data/multicoil_val/file_brain_AXT2_207_2070706_corrupted.h5,AXT2,16,4,640,320,True,1.494,multicoil_train,0.00033842376
data/multicoil_val/file_brain_AXT2_208_2080557_corrupted.h5,AXT2,16,4,640,320,True,1.494,multicoil_train,0.0002889801
data/multicoil_train/file_brain_AXT2_208_2080197_corrupted.h5,AXT2,16,4,640,320,True,1.494,multicoil_train,0.00027495378
data/multicoil_val/file_brain_AXT2_207_2070534_corrupted.h5,AXT2,16,4,640,320,True,1.494,multicoil_train,0.00022270482
data/multicoil_train/file_brain_AXT2_207_2070037_corrupted.h5,AXT2,16,4,640,320,True,1.494,multicoil_train,0.00025232614
data/multicoil_train/file_brain_AXT2_207_2070184_corrupted.h5,AXT2,16,4,640,320,True,1.494,multicoil_train,0.00022588523
data/multicoil_train/file_brain_AXT2_207_2070562_corrupted.h5,AXT2,16,4,640,320,True,1.494,multicoil_train,0.0005707169
data/multicoil_train/file_brain_AXT2_208_2080176_corrupted.h5,AXT2,16,4,640,320,True,1.494,multicoil_train,0.00022675558
data/multicoil_train/file_brain_AXT2_208_2080042_corrupted.h5,AXT2,16,4,640,320,True,1.494,multicoil_train,0.00022463998
data/multicoil_train/file_brain_AXT2_208_2080659_corrupted.h5,AXT2,16,4,640,320,True,1.494,multicoil_train,0.00029420463
data/multicoil_train/file_brain_AXT2_207_2070356_corrupted.h5,AXT2,16,4,640,320,True,1.494,multicoil_train,0.00032042156
data/multicoil_val/file_brain_AXT2_208_2080253_corrupted.h5,AXT2,16,4,640,320,True,1.494,multicoil_train,0.0002818808
data/multicoil_train/file_brain_AXT2_208_2080004_corrupted.h5,AXT2,16,4,640,320,True,1.494,multicoil_train,0.00032591345
data/multicoil_val/file_brain_AXT2_207_2070489_corrupted.h5,AXT2,16,4,640,320,True,1.494,multicoil_train,0.00030786695
data/multicoil_val/file_brain_AXT2_207_2070180_corrupted.h5,AXT2,16,4,640,320,True,1.494,multicoil_train,0.00022849528
data/multicoil_train/file_brain_AXT2_208_2080148_corrupted.h5,AXT2,16,4,640,320,True,1.494,multicoil_train,0.0002689783
data/multicoil_train/file_brain_AXT2_208_2080346_corrupted.h5,AXT2,16,4,640,320,True,1.494,multicoil_train,0.00033102924
data/multicoil_train/file_brain_AXT2_207_2070592_corrupted.h5,AXT2,16,4,640,320,True,1.494,multicoil_train,0.00032080797
data/multicoil_train/file_brain_AXT2_208_2080447_corrupted.h5,AXT2,16,4,640,320,True,1.494,multicoil_train,0.00033410286
data/multicoil_train/file_brain_AXT2_207_2070128_corrupted.h5,AXT2,16,4,640,320,True,1.494,multicoil_train,0.00032446883
data/multicoil_train/file_brain_AXT2_207_2070501_corrupted.h5,AXT2,16,4,640,320,True,1.494,multicoil_train,0.00031391133
data/multicoil_train/file_brain_AXT2_208_2080222_corrupted.h5,AXT2,16,4,640,320,True,1.494,multicoil_train,0.0003213821
data/multicoil_val/file_brain_AXT2_207_2070322_corrupted.h5,AXT2,16,4,640,320,True,1.494,multicoil_train,0.0003569623
data/multicoil_train/file_brain_AXT2_207_2070729_corrupted.h5,AXT2,16,4,640,320,True,1.494,multicoil_train,0.0003116345
data/multicoil_train/file_brain_AXT2_207_2070454_corrupted.h5,AXT2,16,4,640,320,True,1.494,multicoil_train,0.00021967848
data/multicoil_train/file_brain_AXT2_208_2080551_corrupted.h5,AXT2,16,4,640,320,True,1.494,multicoil_train,0.00028455062
data/multicoil_val/file_brain_AXT2_207_2070316_corrupted.h5,AXT2,16,4,640,320,True,1.494,multicoil_train,0.00031053874
data/multicoil_train/file_brain_AXT2_207_2070615_corrupted.h5,AXT2,16,4,640,320,True,1.494,multicoil_train,0.00022048953
data/multicoil_train/file_brain_AXT2_208_2080398_corrupted.h5,AXT2,16,4,640,320,True,1.494,multicoil_train,0.00030101748
data/multicoil_val/file_brain_AXT2_208_2080241_corrupted.h5,AXT2,16,4,640,320,True,1.494,multicoil_train,0.0003166091
data/multicoil_train/file_brain_AXT2_207_2070237_corrupted.h5,AXT2,16,4,640,320,True,1.494,multicoil_train,0.0003151701
data/multicoil_train/file_brain_AXT2_207_2070332_corrupted.h5,AXT2,16,4,640,320,True,1.494,multicoil_train,0.00028915293
data/multicoil_val/file_brain_AXT2_207_2070282_corrupted.h5,AXT2,16,4,640,320,True,1.494,multicoil_train,0.0003298603
data/multicoil_val/file_brain_AXT2_208_2080271_corrupted.h5,AXT2,16,4,640,320,True,1.494,multicoil_train,0.00027462837
data/multicoil_train/file_brain_AXT2_207_2070030_corrupted.h5,AXT2,16,4,640,320,True,1.494,multicoil_train,0.00031179583
data/multicoil_val/file_brain_AXT2_207_2070377_corrupted.h5,AXT2,16,4,640,320,True,1.494,multicoil_train,0.00027332015
data/multicoil_train/file_brain_AXT2_208_2080314_corrupted.h5,AXT2,16,4,640,320,True,1.494,multicoil_train,0.00023603949
data/multicoil_train/file_brain_AXT2_208_2080662_corrupted.h5,AXT2,16,4,640,320,True,1.494,multicoil_train,0.00031385856
data/multicoil_train/file_brain_AXT2_208_2080361_corrupted.h5,AXT2,16,4,640,320,True,1.494,multicoil_train,0.00030652212
data/multicoil_train/file_brain_AXT2_208_2080339_corrupted.h5,AXT2,16,4,640,320,True,1.494,multicoil_train,0.00024197374
data/multicoil_train/file_brain_AXT2_207_2070167_corrupted.h5,AXT2,16,4,640,320,True,1.494,multicoil_train,0.00035333706
data/multicoil_val/file_brain_AXT2_208_2080309_corrupted.h5,AXT2,16,4,640,320,True,1.494,multicoil_train,0.00021268023
data/multicoil_train/file_brain_AXT2_208_2080528_corrupted.h5,AXT2,16,4,640,320,True,1.494,multicoil_train,0.00022708937
data/multicoil_train/file_brain_AXT2_208_2080675_corrupted.h5,AXT2,16,4,640,320,True,1.494,multicoil_train,0.0002811454
data/multicoil_val/file_brain_AXT2_208_2080612_corrupted.h5,AXT2,16,4,640,320,True,1.494,multicoil_train,0.00032490332
data/multicoil_val/file_brain_AXT2_207_2070519_corrupted.h5,AXT2,16,4,640,320,True,1.494,multicoil_train,0.00030355982
data/multicoil_train/file_brain_AXT2_207_2070639_corrupted.h5,AXT2,16,4,640,320,True,1.494,multicoil_train,0.00030638214
data/multicoil_val/file_brain_AXT2_207_2070446_corrupted.h5,AXT2,16,4,640,320,True,1.494,multicoil_train,0.00031932796
data/multicoil_train/file_brain_AXT2_208_2080604_corrupted.h5,AXT2,16,4,640,320,True,1.494,multicoil_train,0.00017957503
data/multicoil_val/file_brain_AXT2_208_2080572_corrupted.h5,AXT2,16,4,640,320,True,1.494,multicoil_train,0.00020747725
data/multicoil_train/file_brain_AXT2_208_2080299_corrupted.h5,AXT2,16,4,640,320,True,1.494,multicoil_train,0.0002527311
data/multicoil_train/file_brain_AXT2_208_2080668_corrupted.h5,AXT2,16,4,640,320,True,1.494,multicoil_train,0.00028667966
data/multicoil_train/file_brain_AXT2_207_2070497_corrupted.h5,AXT2,16,4,640,320,True,1.494,multicoil_train,0.00036959274
data/multicoil_train/file_brain_AXT2_208_2080505_corrupted.h5,AXT2,16,4,640,320,True,1.494,multicoil_train,0.0002813479
data/multicoil_train/file_brain_AXT2_208_2080158_corrupted.h5,AXT2,16,4,640,320,True,1.494,multicoil_train,0.00031722084
data/multicoil_train/file_brain_AXT2_207_2070524_corrupted.h5,AXT2,16,4,640,320,True,1.494,multicoil_train,0.00021935972
data/multicoil_val/file_brain_AXT2_208_2080204_corrupted.h5,AXT2,16,4,640,320,True,1.494,multicoil_train,0.0002573832
data/multicoil_val/file_brain_AXT2_207_2070046_corrupted.h5,AXT2,16,4,640,320,True,1.494,multicoil_train,0.00020902258
data/multicoil_train/file_brain_AXT2_208_2080354_corrupted.h5,AXT2,16,4,640,320,True,1.494,multicoil_train,0.00021163432
data/multicoil_train/file_brain_AXT2_208_2080418_corrupted.h5,AXT2,16,4,640,320,True,1.494,multicoil_train,0.0002678404
data/multicoil_train/file_brain_AXT2_208_2080616_corrupted.h5,AXT2,16,4,640,320,True,1.494,multicoil_train,0.00023129219
data/multicoil_val/file_brain_AXT2_208_2080325_corrupted.h5,AXT2,16,4,640,320,True,1.494,multicoil_train,0.0003287067
data/multicoil_train/file_brain_AXT2_208_2080128_corrupted.h5,AXT2,16,4,640,320,True,1.494,multicoil_train,0.00030698156
data/multicoil_train/file_brain_AXT2_207_2070222_corrupted.h5,AXT2,16,4,640,320,True,1.494,multicoil_train,0.0003286364
data/multicoil_train/file_brain_AXT2_207_2070675_corrupted.h5,AXT2,16,4,640,320,True,1.494,multicoil_train,0.0002650366
data/multicoil_train/file_brain_AXT2_207_2070665_corrupted.h5,AXT2,16,4,640,320,True,1.494,multicoil_train,0.00025544682
data/multicoil_train/file_brain_AXT2_207_2070405_corrupted.h5,AXT2,16,4,640,320,True,1.494,multicoil_train,0.0002456104
data/multicoil_train/file_brain_AXT2_207_2070049_corrupted.h5,AXT2,16,4,640,320,True,1.494,multicoil_train,0.0002602425
data/multicoil_train/file_brain_AXT2_207_2070250_corrupted.h5,AXT2,16,4,640,320,True,1.494,multicoil_train,0.00030692742
data/multicoil_train/file_brain_AXT2_207_2070595_corrupted.h5,AXT2,16,4,640,320,True,1.494,multicoil_train,0.00030900683
data/multicoil_train/file_brain_AXT2_208_2080374_corrupted.h5,AXT2,16,4,640,320,True,1.494,multicoil_train,0.00023290522
data/multicoil_train/file_brain_AXT2_207_2070011_corrupted.h5,AXT2,16,4,640,320,True,1.494,multicoil_train,0.00034836042
data/multicoil_train/file_brain_AXT2_207_2070208_corrupted.h5,AXT2,16,4,640,320,True,1.494,multicoil_train,0.0002692029
data/multicoil_train/file_brain_AXT2_208_2080561_corrupted.h5,AXT2,16,4,640,320,True,1.494,multicoil_train,0.00030043785
data/multicoil_train/file_brain_AXT2_208_2080591_corrupted.h5,AXT2,16,4,640,320,True,1.494,multicoil_train,0.00026858936
data/multicoil_train/file_brain_AXT2_207_2070840_corrupted.h5,AXT2,16,4,640,320,True,1.494,multicoil_train,0.00027258656
data/multicoil_val/file_brain_AXT2_207_2070419_corrupted.h5,AXT2,16,4,640,320,True,1.494,multicoil_train,0.0003209198
data/multicoil_train/file_brain_AXT2_208_2080174_corrupted.h5,AXT2,16,4,640,320,True,1.494,multicoil_train,0.0002635528
data/multicoil_train/file_brain_AXT2_207_2070081_corrupted.h5,AXT2,16,4,640,320,True,1.494,multicoil_train,0.00023669057
data/multicoil_train/file_brain_AXT2_208_2080685_corrupted.h5,AXT2,16,4,640,320,True,1.494,multicoil_train,0.0003127596
data/multicoil_train/file_brain_AXT2_207_2070333_corrupted.h5,AXT2,16,4,640,320,True,1.494,multicoil_train,0.0002903801
data/multicoil_train/file_brain_AXT2_207_2070280_corrupted.h5,AXT2,16,4,640,320,True,1.494,multicoil_train,0.0002927863
data/multicoil_train/file_brain_AXT2_207_2070096_corrupted.h5,AXT2,16,4,640,320,True,1.494,multicoil_train,0.00031857353
data/multicoil_train/file_brain_AXT2_207_2070677_corrupted.h5,AXT2,16,4,640,320,True,1.494,multicoil_train,0.00033091602
data/multicoil_val/file_brain_AXT2_207_2070239_corrupted.h5,AXT2,16,4,640,320,True,1.494,multicoil_train,0.00028917007
data/multicoil_train/file_brain_AXT2_207_2070484_corrupted.h5,AXT2,16,4,640,320,True,1.494,multicoil_train,0.00034482224
data/multicoil_train/file_brain_AXT2_207_2070624_corrupted.h5,AXT2,16,4,640,320,True,1.494,multicoil_train,0.00030619165
data/multicoil_train/file_brain_AXT2_208_2080033_corrupted.h5,AXT2,16,4,640,320,True,1.494,multicoil_train,0.0002940485
data/multicoil_train/file_brain_AXT2_207_2070058_corrupted.h5,AXT2,16,4,640,320,True,1.494,multicoil_train,0.0003225332
data/multicoil_train/file_brain_AXT2_208_2080070_corrupted.h5,AXT2,16,4,640,320,True,1.494,multicoil_train,0.00030518745
data/multicoil_train/file_brain_AXT2_207_2070320_corrupted.h5,AXT2,16,4,640,320,True,1.494,multicoil_train,0.00027488178
data/multicoil_train/file_brain_AXT2_208_2080039_corrupted.h5,AXT2,16,4,640,320,True,1.494,multicoil_train,0.00028685827
data/multicoil_train/file_brain_AXT2_208_2080722_corrupted.h5,AXT2,16,4,640,320,True,1.494,multicoil_train,0.00031775574
data/multicoil_train/file_brain_AXT2_207_2070500_corrupted.h5,AXT2,16,4,640,320,True,1.494,multicoil_train,0.0003223599
data/multicoil_val/file_brain_AXT2_207_2070585_corrupted.h5,AXT2,16,4,640,320,True,1.494,multicoil_train,0.0003072108
data/multicoil_train/file_brain_AXT2_207_2070482_corrupted.h5,AXT2,16,4,640,320,True,1.494,multicoil_train,0.00020409824
data/multicoil_val/file_brain_AXT2_207_2070637_corrupted.h5,AXT2,16,4,640,320,True,1.494,multicoil_train,0.00029709944
data/multicoil_val/file_brain_AXT2_207_2070803_corrupted.h5,AXT2,16,4,640,320,True,1.494,multicoil_train,0.00036068496
data/multicoil_val/file_brain_AXT2_207_2070328_corrupted.h5,AXT2,16,4,640,320,True,1.494,multicoil_train,0.0002163843
data/multicoil_train/file_brain_AXT2_208_2080333_corrupted.h5,AXT2,16,4,640,320,True,1.494,multicoil_train,0.00030857517
data/multicoil_train/file_brain_AXT2_208_2080538_corrupted.h5,AXT2,16,4,640,320,True,1.494,multicoil_train,0.00026187513
data/multicoil_val/file_brain_AXT2_208_2080605_corrupted.h5,AXT2,16,4,640,320,True,1.494,multicoil_train,0.00023419916
data/multicoil_train/file_brain_AXT2_207_2070459_corrupted.h5,AXT2,16,4,640,320,True,1.494,multicoil_train,0.00024547972
data/multicoil_train/file_brain_AXT2_207_2070145_corrupted.h5,AXT2,16,4,640,320,True,1.494,multicoil_train,0.00030515622
data/multicoil_train/file_brain_AXT2_208_2080031_corrupted.h5,AXT2,16,4,640,320,True,1.494,multicoil_train,0.00029206433
data/multicoil_train/file_brain_AXT2_208_2080549_corrupted.h5,AXT2,16,4,640,320,True,1.494,multicoil_train,0.00030571196
data/multicoil_train/file_brain_AXT2_208_2080334_corrupted.h5,AXT2,16,4,640,320,True,1.494,multicoil_train,0.00032712656
data/multicoil_train/file_brain_AXT2_208_2080370_corrupted.h5,AXT2,16,4,640,320,True,1.494,multicoil_train,0.00029433615
data/multicoil_train/file_brain_AXT2_208_2080145_corrupted.h5,AXT2,16,4,640,320,True,1.494,multicoil_train,0.00027701203
data/multicoil_train/file_brain_AXT2_207_2070602_corrupted.h5,AXT2,16,4,640,320,True,1.494,multicoil_train,0.00031966652
data/multicoil_val/file_brain_AXT2_208_2080384_corrupted.h5,AXT2,16,4,640,320,True,1.494,multicoil_train,0.00023833933
data/multicoil_train/file_brain_AXT2_208_2080331_corrupted.h5,AXT2,16,4,640,320,True,1.494,multicoil_train,0.0003087713
data/multicoil_val/file_brain_AXT2_207_2070158_corrupted.h5,AXT2,16,4,640,320,True,1.494,multicoil_train,0.0002783573
data/multicoil_train/file_brain_AXT2_208_2080301_corrupted.h5,AXT2,16,4,640,320,True,1.494,multicoil_train,0.00019785544
data/multicoil_val/file_brain_AXT2_207_2070432_corrupted.h5,AXT2,16,4,640,320,True,1.494,multicoil_train,0.00027082834
data/multicoil_val/file_brain_AXT2_207_2070443_corrupted.h5,AXT2,16,4,640,320,True,1.494,multicoil_train,0.0002615429
data/multicoil_train/file_brain_AXT2_207_2070514_corrupted.h5,AXT2,16,4,640,320,True,1.494,multicoil_train,0.00028182063
data/multicoil_train/file_brain_AXT2_207_2070302_corrupted.h5,AXT2,16,4,640,320,True,1.494,multicoil_train,0.0003200446
data/multicoil_train/file_brain_AXT2_208_2080711_corrupted.h5,AXT2,16,4,640,320,True,1.494,multicoil_train,0.00030924068
data/multicoil_train/file_brain_AXT2_207_2070325_corrupted.h5,AXT2,16,4,640,320,True,1.494,multicoil_train,0.0002522915
data/multicoil_val/file_brain_AXT2_207_2070024_corrupted.h5,AXT2,16,4,640,320,True,1.494,multicoil_train,0.00025930582
data/multicoil_val/file_brain_AXT2_207_2070431_corrupted.h5,AXT2,16,4,640,320,True,1.494,multicoil_train,0.0003236338
data/multicoil_val/file_brain_AXT2_208_2080693_corrupted.h5,AXT2,16,4,640,320,True,1.494,multicoil_train,0.0002906542
data/multicoil_train/file_brain_AXT2_207_2070488_corrupted.h5,AXT2,16,4,640,320,True,1.494,multicoil_train,0.0003310887
data/multicoil_train/file_brain_AXT2_208_2080064_corrupted.h5,AXT2,16,4,640,320,True,1.494,multicoil_train,0.00031562027
data/multicoil_train/file_brain_AXT2_207_2070119_corrupted.h5,AXT2,16,4,640,320,True,1.494,multicoil_train,0.0002523884
data/multicoil_val/file_brain_AXT2_207_2070476_corrupted.h5,AXT2,16,4,640,320,True,1.494,multicoil_train,0.00027323753
data/multicoil_val/file_brain_AXT2_208_2080290_corrupted.h5,AXT2,16,4,640,320,True,1.494,multicoil_train,0.00030386593
data/multicoil_train/file_brain_AXT2_208_2080468_corrupted.h5,AXT2,16,4,640,320,True,1.494,multicoil_train,0.00032938007
data/multicoil_train/file_brain_AXT2_208_2080713_corrupted.h5,AXT2,16,4,640,320,True,1.494,multicoil_train,0.0003143722
data/multicoil_train/file_brain_AXT2_208_2080432_corrupted.h5,AXT2,16,4,640,320,True,1.494,multicoil_train,0.00025918428
data/multicoil_train/file_brain_AXT2_207_2070550_corrupted.h5,AXT2,16,4,640,320,True,1.494,multicoil_train,0.00029386498
data/multicoil_train/file_brain_AXT2_208_2080526_corrupted.h5,AXT2,16,4,640,320,True,1.494,multicoil_train,0.00037334408
data/multicoil_train/file_brain_AXT2_207_2070620_corrupted.h5,AXT2,16,4,640,320,True,1.494,multicoil_train,0.00031447492
data/multicoil_train/file_brain_AXT2_207_2070155_corrupted.h5,AXT2,16,4,640,320,True,1.494,multicoil_train,0.00025120968
data/multicoil_train/file_brain_AXT2_208_2080725_corrupted.h5,AXT2,16,4,640,320,True,1.494,multicoil_train,0.00023641046
data/multicoil_val/file_brain_AXT2_207_2070819_corrupted.h5,AXT2,16,4,640,320,True,1.494,multicoil_train,0.00024018507
data/multicoil_train/file_brain_AXT2_207_2070808_corrupted.h5,AXT2,16,4,640,320,True,1.494,multicoil_train,0.00030771646
data/multicoil_train/file_brain_AXT2_207_2070313_corrupted.h5,AXT2,16,4,640,320,True,1.494,multicoil_train,0.0003036243
data/multicoil_train/file_brain_AXT2_208_2080476_corrupted.h5,AXT2,16,4,640,320,True,1.494,multicoil_train,0.000320849
data/multicoil_train/file_brain_AXT2_208_2080603_corrupted.h5,AXT2,16,4,640,320,True,1.494,multicoil_train,0.000307004
data/multicoil_train/file_brain_AXT2_207_2070608_corrupted.h5,AXT2,16,4,640,320,True,1.494,multicoil_train,0.00030503585
data/multicoil_train/file_brain_AXT2_207_2070533_corrupted.h5,AXT2,16,4,640,320,True,1.494,multicoil_train,0.00028690658
data/multicoil_train/file_brain_AXT2_207_2070342_corrupted.h5,AXT2,16,4,640,320,True,1.494,multicoil_train,0.00030899595
data/multicoil_train/file_brain_AXT2_208_2080192_corrupted.h5,AXT2,16,4,640,320,True,1.494,multicoil_train,0.00021547172
data/multicoil_train/file_brain_AXT2_208_2080343_corrupted.h5,AXT2,16,4,640,320,True,1.494,multicoil_train,0.00029772747
data/multicoil_train/file_brain_AXT2_207_2070458_corrupted.h5,AXT2,16,4,640,320,True,1.494,multicoil_train,0.0003156039
data/multicoil_val/file_brain_AXT2_208_2080349_corrupted.h5,AXT2,16,4,640,320,True,1.494,multicoil_train,0.00030482849
data/multicoil_val/file_brain_AXT2_207_2070398_corrupted.h5,AXT2,16,4,640,320,True,1.494,multicoil_train,0.00021996393
data/multicoil_train/file_brain_AXT2_207_2070380_corrupted.h5,AXT2,16,4,640,320,True,1.494,multicoil_train,0.00030493672
data/multicoil_train/file_brain_AXT2_207_2070773_corrupted.h5,AXT2,16,4,640,320,True,1.494,multicoil_train,0.00032517035
data/multicoil_train/file_brain_AXT2_208_2080120_corrupted.h5,AXT2,16,4,640,320,True,1.494,multicoil_train,0.0003288704
data/multicoil_train/file_brain_AXT2_207_2070048_corrupted.h5,AXT2,16,4,640,320,True,1.494,multicoil_train,0.00020944471
data/multicoil_train/file_brain_AXT2_207_2070139_corrupted.h5,AXT2,16,4,640,320,True,1.494,multicoil_train,0.00030770415
data/multicoil_val/file_brain_AXT2_207_2070789_corrupted.h5,AXT2,16,4,640,320,True,1.494,multicoil_train,0.000281121
data/multicoil_val/file_brain_AXT2_208_2080657_corrupted.h5,AXT2,16,4,640,320,True,1.494,multicoil_train,0.0002934211
data/multicoil_train/file_brain_AXT2_208_2080552_corrupted.h5,AXT2,16,4,640,320,True,1.494,multicoil_train,0.00020648693
data/multicoil_val/file_brain_AXT2_207_2070221_corrupted.h5,AXT2,16,4,640,320,True,1.494,multicoil_train,0.00033646642
data/multicoil_val/file_brain_AXT2_208_2080709_corrupted.h5,AXT2,16,4,640,320,True,1.494,multicoil_train,0.00021710183
data/multicoil_train/file_brain_AXT2_207_2070833_corrupted.h5,AXT2,16,4,640,320,True,1.494,multicoil_train,0.00030854126
data/multicoil_train/file_brain_AXT2_207_2070650_corrupted.h5,AXT2,16,4,640,320,True,1.494,multicoil_train,0.00032384653
data/multicoil_train/file_brain_AXT2_208_2080285_corrupted.h5,AXT2,16,4,640,320,True,1.494,multicoil_train,0.00027085328
data/multicoil_train/file_brain_AXT2_208_2080364_corrupted.h5,AXT2,16,4,640,320,True,1.494,multicoil_train,0.00030038756
data/multicoil_train/file_brain_AXT2_207_2070154_corrupted.h5,AXT2,16,4,640,320,True,1.494,multicoil_train,0.0002259748
data/multicoil_train/file_brain_AXT2_208_2080573_corrupted.h5,AXT2,16,4,640,320,True,1.494,multicoil_train,0.0003184165
data/multicoil_val/file_brain_AXT2_207_2070368_corrupted.h5,AXT2,16,4,640,320,True,1.494,multicoil_train,0.00030387662
data/multicoil_train/file_brain_AXT2_208_2080658_corrupted.h5,AXT2,16,4,640,320,True,1.494,multicoil_train,0.0002987941
data/multicoil_train/file_brain_AXT2_208_2080151_corrupted.h5,AXT2,16,4,640,320,True,1.494,multicoil_train,0.0002890099
data/multicoil_train/file_brain_AXT2_208_2080414_corrupted.h5,AXT2,16,4,640,320,True,1.494,multicoil_train,0.00025615696
data/multicoil_train/file_brain_AXT2_208_2080071_corrupted.h5,AXT2,16,4,640,320,True,1.494,multicoil_train,0.0003295004
data/multicoil_train/file_brain_AXT2_207_2070607_corrupted.h5,AXT2,16,4,640,320,True,1.494,multicoil_train,0.00033778825
data/multicoil_val/file_brain_AXT2_208_2080452_corrupted.h5,AXT2,16,4,640,320,True,1.494,multicoil_train,0.0002985348
data/multicoil_val/file_brain_AXT2_207_2070075_corrupted.h5,AXT2,16,4,640,320,True,1.494,multicoil_train,0.00025664756
data/multicoil_train/file_brain_AXT2_207_2070135_corrupted.h5,AXT2,16,4,640,320,True,1.494,multicoil_train,0.00032085017
data/multicoil_train/file_brain_AXT2_208_2080654_corrupted.h5,AXT2,16,4,640,320,True,1.494,multicoil_train,0.00030691276
data/multicoil_train/file_brain_AXT2_207_2070515_corrupted.h5,AXT2,16,4,640,320,True,1.494,multicoil_train,0.00024935728
data/multicoil_val/file_brain_AXT2_208_2080697_corrupted.h5,AXT2,16,4,640,320,True,1.494,multicoil_train,0.00030730662
data/multicoil_val/file_brain_AXT2_207_2070044_corrupted.h5,AXT2,16,4,640,320,True,1.494,multicoil_train,0.0002374929
data/multicoil_train/file_brain_AXT2_208_2080426_corrupted.h5,AXT2,16,4,640,320,True,1.494,multicoil_train,0.0003111849
data/multicoil_train/file_brain_AXT2_207_2070181_corrupted.h5,AXT2,16,4,640,320,True,1.494,multicoil_train,0.0003117318
data/multicoil_val/file_brain_AXT2_207_2070243_corrupted.h5,AXT2,16,4,640,320,True,1.494,multicoil_train,0.00031840996
data/multicoil_train/file_brain_AXT2_208_2080190_corrupted.h5,AXT2,16,4,640,320,True,1.494,multicoil_train,0.00033946373
data/multicoil_train/file_brain_AXT2_207_2070439_corrupted.h5,AXT2,16,4,640,320,True,1.494,multicoil_train,0.00031129137
data/multicoil_train/file_brain_AXT2_207_2070708_corrupted.h5,AXT2,16,4,640,320,True,1.494,multicoil_train,0.00030270245
data/multicoil_train/file_brain_AXT2_207_2070516_corrupted.h5,AXT2,16,4,640,320,True,1.494,multicoil_train,0.00022111737
data/multicoil_val/file_brain_AXT2_207_2070107_corrupted.h5,AXT2,16,4,640,320,True,1.494,multicoil_train,0.0003195213
data/multicoil_train/file_brain_AXT2_208_2080040_corrupted.h5,AXT2,16,4,640,320,True,1.494,multicoil_train,0.00025432388
data/multicoil_val/file_brain_AXT2_207_2070021_corrupted.h5,AXT2,16,4,640,320,True,1.494,multicoil_train,0.00024612597
data/multicoil_val/file_brain_AXT2_208_2080404_corrupted.h5,AXT2,16,4,640,320,True,1.494,multicoil_train,0.0002683731
data/multicoil_val/file_brain_AXT2_208_2080041_corrupted.h5,AXT2,16,4,640,320,True,1.494,multicoil_train,0.00030195646
data/multicoil_train/file_brain_AXT2_208_2080020_corrupted.h5,AXT2,16,4,640,320,True,1.494,multicoil_train,0.0002871617
data/multicoil_train/file_brain_AXT2_207_2070761_corrupted.h5,AXT2,16,4,640,320,True,1.494,multicoil_train,0.00031170773
data/multicoil_train/file_brain_AXT2_208_2080175_corrupted.h5,AXT2,16,4,640,320,True,1.494,multicoil_train,0.00029753684
data/multicoil_train/file_brain_AXT2_207_2070261_corrupted.h5,AXT2,16,4,640,320,True,1.494,multicoil_train,0.00031015318
data/multicoil_val/file_brain_AXT2_207_2070672_corrupted.h5,AXT2,16,4,640,320,True,1.494,multicoil_train,0.00031740288
data/multicoil_val/file_brain_AXT2_207_2070288_corrupted.h5,AXT2,16,4,640,320,True,1.494,multicoil_train,0.0002801585
data/multicoil_val/file_brain_AXT2_208_2080694_corrupted.h5,AXT2,16,4,640,320,True,1.494,multicoil_train,0.0002452739
data/multicoil_train/file_brain_AXT2_208_2080705_corrupted.h5,AXT2,16,4,640,320,True,1.494,multicoil_train,0.00036250136
data/multicoil_train/file_brain_AXT2_208_2080047_corrupted.h5,AXT2,16,4,640,320,True,1.494,multicoil_train,0.0002751493
data/multicoil_train/file_brain_AXT2_208_2080408_corrupted.h5,AXT2,16,4,640,320,True,1.494,multicoil_train,0.00025194243
data/multicoil_train/file_brain_AXT2_207_2070141_corrupted.h5,AXT2,16,4,640,320,True,1.494,multicoil_train,0.00027421393
data/multicoil_train/file_brain_AXT2_208_2080098_corrupted.h5,AXT2,16,4,640,320,True,1.494,multicoil_train,0.00034430626
data/multicoil_train/file_brain_AXT2_208_2080375_corrupted.h5,AXT2,16,4,640,320,True,1.494,multicoil_train,0.00032540222
data/multicoil_val/file_brain_AXT2_207_2070278_corrupted.h5,AXT2,16,4,640,320,True,1.494,multicoil_train,0.00028614086
data/multicoil_val/file_brain_AXT2_207_2070752_corrupted.h5,AXT2,16,4,640,320,True,1.494,multicoil_train,0.0003393819
data/multicoil_train/file_brain_AXT2_207_2070504_corrupted.h5,AXT2,16,4,640,320,True,1.494,multicoil_train,0.00035616255
data/multicoil_val/file_brain_AXT2_208_2080571_corrupted.h5,AXT2,16,4,640,320,True,1.494,multicoil_train,0.00033092118
data/multicoil_train/file_brain_AXT2_208_2080132_corrupted.h5,AXT2,16,4,640,320,True,1.494,multicoil_train,0.00024131463
data/multicoil_train/file_brain_AXT2_208_2080484_corrupted.h5,AXT2,16,4,640,320,True,1.494,multicoil_train,0.00030020042
data/multicoil_train/file_brain_AXT2_207_2070366_corrupted.h5,AXT2,16,4,640,320,True,1.494,multicoil_train,0.00025098707
data/multicoil_train/file_brain_AXT2_207_2070100_corrupted.h5,AXT2,16,4,640,320,True,1.494,multicoil_train,0.0002594902
data/multicoil_train/file_brain_AXT2_207_2070536_corrupted.h5,AXT2,16,4,640,320,True,1.494,multicoil_train,0.00030104758
data/multicoil_train/file_brain_AXT2_207_2070580_corrupted.h5,AXT2,16,4,640,320,True,1.494,multicoil_train,0.0003090639
data/multicoil_train/file_brain_AXT2_208_2080460_corrupted.h5,AXT2,16,4,640,320,True,1.494,multicoil_train,0.00036554388
data/multicoil_train/file_brain_AXT2_208_2080340_corrupted.h5,AXT2,16,4,640,320,True,1.494,multicoil_train,0.00031851785
data/multicoil_train/file_brain_AXT2_208_2080660_corrupted.h5,AXT2,16,4,640,320,True,1.494,multicoil_train,0.00024596788
data/multicoil_train/file_brain_AXT2_207_2070511_corrupted.h5,AXT2,16,4,640,320,True,1.494,multicoil_train,0.00034747095
data/multicoil_train/file_brain_AXT2_207_2070590_corrupted.h5,AXT2,16,4,640,320,True,1.494,multicoil_train,0.0002974861
data/multicoil_train/file_brain_AXT2_208_2080152_corrupted.h5,AXT2,16,4,640,320,True,1.494,multicoil_train,0.00027125975
data/multicoil_train/file_brain_AXT2_208_2080011_corrupted.h5,AXT2,16,4,640,320,True,1.494,multicoil_train,0.00028345583
data/multicoil_train/file_brain_AXT2_208_2080059_corrupted.h5,AXT2,16,4,640,320,True,1.494,multicoil_train,0.00032265854
data/multicoil_train/file_brain_AXT2_207_2070823_corrupted.h5,AXT2,16,4,640,320,True,1.494,multicoil_train,0.00031207054
data/multicoil_train/file_brain_AXT2_208_2080312_corrupted.h5,AXT2,16,4,640,320,True,1.494,multicoil_train,0.0002961079
data/multicoil_train/file_brain_AXT2_207_2070698_corrupted.h5,AXT2,16,4,640,320,True,1.494,multicoil_train,0.0003934695
data/multicoil_train/file_brain_AXT2_208_2080585_corrupted.h5,AXT2,16,4,640,320,True,1.494,multicoil_train,0.00031332573
data/multicoil_train/file_brain_AXT2_208_2080521_corrupted.h5,AXT2,16,4,640,320,True,1.494,multicoil_train,0.00020892141
data/multicoil_val/file_brain_AXT2_208_2080144_corrupted.h5,AXT2,16,4,640,320,True,1.494,multicoil_train,0.0003127317
data/multicoil_val/file_brain_AXT2_208_2080387_corrupted.h5,AXT2,16,4,640,320,True,1.494,multicoil_train,0.0003073373
data/multicoil_train/file_brain_AXT2_208_2080409_corrupted.h5,AXT2,16,4,640,320,True,1.494,multicoil_train,0.00021010688
data/multicoil_train/file_brain_AXT2_207_2070480_corrupted.h5,AXT2,16,4,640,320,True,1.494,multicoil_train,0.00031817867
data/multicoil_val/file_brain_AXT2_207_2070587_corrupted.h5,AXT2,16,4,640,320,True,1.494,multicoil_train,0.00026480175
data/multicoil_train/file_brain_AXT2_207_2070062_corrupted.h5,AXT2,16,4,640,320,True,1.494,multicoil_train,0.00035279326
data/multicoil_train/file_brain_AXT2_207_2070732_corrupted.h5,AXT2,16,4,640,320,True,1.494,multicoil_train,0.00029745803
data/multicoil_val/file_brain_AXT2_208_2080610_corrupted.h5,AXT2,16,4,640,320,True,1.494,multicoil_train,0.0002919397
data/multicoil_train/file_brain_AXT2_207_2070219_corrupted.h5,AXT2,16,4,640,320,True,1.494,multicoil_train,0.0003259403
data/multicoil_train/file_brain_AXT2_207_2070668_corrupted.h5,AXT2,16,4,640,320,True,1.494,multicoil_train,0.00026947103
data/multicoil_val/file_brain_AXT2_207_2070346_corrupted.h5,AXT2,16,4,640,320,True,1.494,multicoil_train,0.00032579261
data/multicoil_train/file_brain_AXT2_207_2070782_corrupted.h5,AXT2,16,4,640,320,True,1.494,multicoil_train,0.0003018753
data/multicoil_train/file_brain_AXT2_208_2080356_corrupted.h5,AXT2,16,4,640,320,True,1.494,multicoil_train,0.00023217905
data/multicoil_train/file_brain_AXT2_207_2070078_corrupted.h5,AXT2,16,4,640,320,True,1.494,multicoil_train,0.0003127057
data/multicoil_train/file_brain_AXT2_207_2070471_corrupted.h5,AXT2,16,4,640,320,True,1.494,multicoil_train,0.00028807286
data/multicoil_train/file_brain_AXT2_208_2080655_corrupted.h5,AXT2,16,4,640,320,True,1.494,multicoil_train,0.00026758114
data/multicoil_train/file_brain_AXT2_208_2080218_corrupted.h5,AXT2,16,4,640,320,True,1.494,multicoil_train,0.00029217085
data/multicoil_train/file_brain_AXT2_208_2080106_corrupted.h5,AXT2,16,4,640,320,True,1.494,multicoil_train,0.00027085555
data/multicoil_val/file_brain_AXT2_207_2070598_corrupted.h5,AXT2,16,4,640,320,True,1.494,multicoil_train,0.00026533956
data/multicoil_val/file_brain_AXT2_208_2080191_corrupted.h5,AXT2,16,4,640,320,True,1.494,multicoil_train,0.00032519226
data/multicoil_train/file_brain_AXT2_208_2080220_corrupted.h5,AXT2,16,4,640,320,True,1.494,multicoil_train,0.0003007966
data/multicoil_train/file_brain_AXT2_208_2080310_corrupted.h5,AXT2,16,4,640,320,True,1.494,multicoil_train,0.00024990944
data/multicoil_val/file_brain_AXT2_208_2080381_corrupted.h5,AXT2,16,4,640,320,True,1.494,multicoil_train,0.00028968538
data/multicoil_train/file_brain_AXT2_207_2070704_corrupted.h5,AXT2,16,4,640,320,True,1.494,multicoil_train,0.00019271502
data/multicoil_train/file_brain_AXT2_208_2080198_corrupted.h5,AXT2,16,4,640,320,True,1.494,multicoil_train,0.0003326254
data/multicoil_train/file_brain_AXT2_207_2070626_corrupted.h5,AXT2,16,4,640,320,True,1.494,multicoil_train,0.00031060475
data/multicoil_train/file_brain_AXT2_208_2080344_corrupted.h5,AXT2,16,4,640,320,True,1.494,multicoil_train,0.0002770547
data/multicoil_train/file_brain_AXT2_208_2080450_corrupted.h5,AXT2,16,4,640,320,True,1.494,multicoil_train,0.00026503846
data/multicoil_train/file_brain_AXT2_208_2080529_corrupted.h5,AXT2,16,4,640,320,True,1.494,multicoil_train,0.00031810888
data/multicoil_val/file_brain_AXT2_207_2070756_corrupted.h5,AXT2,16,4,640,320,True,1.494,multicoil_train,0.000291763
data/multicoil_train/file_brain_AXT2_208_2080283_corrupted.h5,AXT2,16,4,640,320,True,1.494,multicoil_train,0.0003158577
data/multicoil_train/file_brain_AXT2_208_2080162_corrupted.h5,AXT2,16,4,640,320,True,1.494,multicoil_train,0.00023493938
data/multicoil_train/file_brain_AXT2_207_2070056_corrupted.h5,AXT2,16,4,640,320,True,1.494,multicoil_train,0.00021551574
data/multicoil_train/file_brain_AXT2_208_2080181_corrupted.h5,AXT2,16,4,640,320,True,1.494,multicoil_train,0.00028722952
data/multicoil_train/file_brain_AXT2_207_2070835_corrupted.h5,AXT2,16,4,640,320,True,1.494,multicoil_train,0.00026855007
data/multicoil_val/file_brain_AXT2_207_2070287_corrupted.h5,AXT2,16,4,640,320,True,1.494,multicoil_train,0.00021289372
data/multicoil_val/file_brain_AXT2_208_2080622_corrupted.h5,AXT2,16,4,640,320,True,1.494,multicoil_train,0.000268707
data/multicoil_train/file_brain_AXT2_208_2080420_corrupted.h5,AXT2,16,4,640,320,True,1.494,multicoil_train,0.00028518485
data/multicoil_train/file_brain_AXT2_207_2070124.h5,AXT2,16,4,640,320,False,1.494,multicoil_val,0.00029611442
data/multicoil_train/file_brain_AXT2_207_2070272.h5,AXT2,16,4,640,320,False,1.494,multicoil_val,0.00035127933
data/multicoil_train/file_brain_AXT2_207_2070834.h5,AXT2,16,4,640,320,False,1.494,multicoil_val,0.0003015395
data/multicoil_val/file_brain_AXT2_207_2070295.h5,AXT2,16,4,640,320,False,1.494,multicoil_val,0.00030690248
data/multicoil_train/file_brain_AXT2_208_2080033.h5,AXT2,16,4,640,320,False,1.494,multicoil_val,0.00032538982
data/multicoil_train/file_brain_AXT2_207_2070731.h5,AXT2,16,4,640,320,False,1.494,multicoil_val,0.0003772741
data/multicoil_train/file_brain_AXT2_207_2070592.h5,AXT2,16,4,640,320,False,1.494,multicoil_val,0.0003125502
data/multicoil_val/file_brain_AXT2_207_2070432.h5,AXT2,16,4,640,320,False,1.494,multicoil_val,0.00034708006
data/multicoil_val/file_brain_AXT2_207_2070146.h5,AXT2,16,4,640,320,False,1.494,multicoil_val,0.00034497117
data/multicoil_train/file_brain_AXT2_208_2080238.h5,AXT2,16,4,640,320,False,1.494,multicoil_val,0.00031285378
data/multicoil_train/file_brain_AXT2_208_2080655.h5,AXT2,16,4,640,320,False,1.494,multicoil_val,0.00030016148
data/multicoil_train/file_brain_AXT2_207_2070181.h5,AXT2,16,4,640,320,False,1.494,multicoil_val,0.00036706246
data/multicoil_val/file_brain_AXT2_207_2070316.h5,AXT2,16,4,640,320,False,1.494,multicoil_val,0.0003288928
data/multicoil_train/file_brain_AXT2_208_2080011.h5,AXT2,16,4,640,320,False,1.494,multicoil_val,0.00032755107
data/multicoil_train/file_brain_AXT2_208_2080198.h5,AXT2,16,4,640,320,False,1.494,multicoil_val,0.0003173576
data/multicoil_train/file_brain_AXT2_207_2070119.h5,AXT2,16,4,640,320,False,1.494,multicoil_val,0.00031887784
data/multicoil_train/file_brain_AXT2_208_2080519.h5,AXT2,16,4,640,320,False,1.494,multicoil_val,0.0003344632
data/multicoil_train/file_brain_AXT2_208_2080569.h5,AXT2,16,4,640,320,False,1.494,multicoil_val,0.0003805725
data/multicoil_train/file_brain_AXT2_208_2080019.h5,AXT2,16,4,640,320,False,1.494,multicoil_val,0.0003399966
data/multicoil_val/file_brain_AXT2_207_2070609.h5,AXT2,16,4,640,320,False,1.494,multicoil_val,0.00032260563
data/multicoil_train/file_brain_AXT2_208_2080579.h5,AXT2,16,4,640,320,False,1.494,multicoil_val,0.0003186237
data/multicoil_val/file_brain_AXT2_208_2080243.h5,AXT2,16,4,640,320,False,1.494,multicoil_val,0.00032820372
data/multicoil_train/file_brain_AXT2_207_2070636.h5,AXT2,16,4,640,320,False,1.494,multicoil_val,0.0003406994
data/multicoil_train/file_brain_AXT2_208_2080440.h5,AXT2,16,4,640,320,False,1.494,multicoil_val,0.00029480516
data/multicoil_train/file_brain_AXT2_208_2080660.h5,AXT2,16,4,640,320,False,1.494,multicoil_val,0.00031974696
data/multicoil_train/file_brain_AXT2_207_2070135.h5,AXT2,16,4,640,320,False,1.494,multicoil_val,0.00029959838
data/multicoil_train/file_brain_AXT2_208_2080594.h5,AXT2,16,4,640,320,False,1.494,multicoil_val,0.00031084885
data/multicoil_train/file_brain_AXT2_207_2070540.h5,AXT2,16,4,640,320,False,1.494,multicoil_val,0.0003501209
data/multicoil_val/file_brain_AXT2_207_2070344.h5,AXT2,16,4,640,320,False,1.494,multicoil_val,0.00032553743
data/multicoil_train/file_brain_AXT2_208_2080374.h5,AXT2,16,4,640,320,False,1.494,multicoil_val,0.0003338233
data/multicoil_train/file_brain_AXT2_208_2080530.h5,AXT2,16,4,640,320,False,1.494,multicoil_val,0.0003355576
data/multicoil_val/file_brain_AXT2_207_2070217.h5,AXT2,16,4,640,320,False,1.494,multicoil_val,0.00034422206
data/multicoil_val/file_brain_AXT2_208_2080108.h5,AXT2,16,4,640,320,False,1.494,multicoil_val,0.00035081484
data/multicoil_train/file_brain_AXT2_207_2070003.h5,AXT2,16,4,640,320,False,1.494,multicoil_val,0.000379032
data/multicoil_train/file_brain_AXT2_208_2080067.h5,AXT2,16,4,640,320,False,1.494,multicoil_val,0.00031444296
data/multicoil_train/file_brain_AXT2_207_2070624.h5,AXT2,16,4,640,320,False,1.494,multicoil_val,0.00028733432
data/multicoil_train/file_brain_AXT2_208_2080202.h5,AXT2,16,4,640,320,False,1.494,multicoil_val,0.00030670458
data/multicoil_train/file_brain_AXT2_208_2080064.h5,AXT2,16,4,640,320,False,1.494,multicoil_val,0.00035131216
data/multicoil_train/file_brain_AXT2_207_2070325.h5,AXT2,16,4,640,320,False,1.494,multicoil_val,0.00032806743
data/multicoil_train/file_brain_AXT2_207_2070708.h5,AXT2,16,4,640,320,False,1.494,multicoil_val,0.0003022433
data/multicoil_train/file_brain_AXT2_208_2080395.h5,AXT2,16,4,640,320,False,1.494,multicoil_val,0.00037782188
data/multicoil_train/file_brain_AXT2_208_2080205.h5,AXT2,16,4,640,320,False,1.494,multicoil_val,0.0003316545
data/multicoil_train/file_brain_AXT2_207_2070536.h5,AXT2,16,4,640,320,False,1.494,multicoil_val,0.0003032838
data/multicoil_train/file_brain_AXT2_208_2080218.h5,AXT2,16,4,640,320,False,1.494,multicoil_val,0.0003180985
data/multicoil_train/file_brain_AXT2_207_2070652.h5,AXT2,16,4,640,320,False,1.494,multicoil_val,0.00037722688
data/multicoil_train/file_brain_AXT2_207_2070460.h5,AXT2,16,4,640,320,False,1.494,multicoil_val,0.00030662186
data/multicoil_val/file_brain_AXT2_207_2070368.h5,AXT2,16,4,640,320,False,1.494,multicoil_val,0.00030268775
data/multicoil_train/file_brain_AXT2_207_2070151.h5,AXT2,16,4,640,320,False,1.494,multicoil_val,0.0003164806
data/multicoil_val/file_brain_AXT2_208_2080441.h5,AXT2,16,4,640,320,False,1.494,multicoil_val,0.00034511212
data/multicoil_train/file_brain_AXT2_208_2080558.h5,AXT2,16,4,640,320,False,1.494,multicoil_val,0.00030759745
data/multicoil_train/file_brain_AXT2_208_2080711.h5,AXT2,16,4,640,320,False,1.494,multicoil_val,0.0003180452
data/multicoil_val/file_brain_AXT2_208_2080602.h5,AXT2,16,4,640,320,False,1.494,multicoil_val,0.00040292912
data/multicoil_train/file_brain_AXT2_208_2080364.h5,AXT2,16,4,640,320,False,1.494,multicoil_val,0.00031129053
data/multicoil_val/file_brain_AXT2_208_2080366.h5,AXT2,16,4,640,320,False,1.494,multicoil_val,0.000301775
data/multicoil_train/file_brain_AXT2_208_2080408.h5,AXT2,16,4,640,320,False,1.494,multicoil_val,0.00031110263
data/multicoil_train/file_brain_AXT2_207_2070204.h5,AXT2,16,4,640,320,False,1.494,multicoil_val,0.00028959158
data/multicoil_train/file_brain_AXT2_207_2070139.h5,AXT2,16,4,640,320,False,1.494,multicoil_val,0.00032421527
data/multicoil_train/file_brain_AXT2_207_2070677.h5,AXT2,16,4,640,320,False,1.494,multicoil_val,0.00030626994
data/multicoil_val/file_brain_AXT2_208_2080041.h5,AXT2,16,4,640,320,False,1.494,multicoil_val,0.00036297605
data/multicoil_val/file_brain_AXT2_207_2070322.h5,AXT2,16,4,640,320,False,1.494,multicoil_val,0.00031292433
data/multicoil_train/file_brain_AXT2_207_2070153.h5,AXT2,16,4,640,320,False,1.494,multicoil_val,0.00038450392
data/multicoil_train/file_brain_AXT2_207_2070096.h5,AXT2,16,4,640,320,False,1.494,multicoil_val,0.0003205036
data/multicoil_train/file_brain_AXT2_207_2070847.h5,AXT2,16,4,640,320,False,1.494,multicoil_val,0.00027049214
data/multicoil_train/file_brain_AXT2_207_2070665.h5,AXT2,16,4,640,320,False,1.494,multicoil_val,0.00032046268
data/multicoil_train/file_brain_AXT2_208_2080725.h5,AXT2,16,4,640,320,False,1.494,multicoil_val,0.00032348005
data/multicoil_val/file_brain_AXT2_207_2070756.h5,AXT2,16,4,640,320,False,1.494,multicoil_val,0.00028983064
data/multicoil_val/file_brain_AXT2_207_2070645.h5,AXT2,16,4,640,320,False,1.494,multicoil_val,0.0003259093
data/multicoil_train/file_brain_AXT2_207_2070439.h5,AXT2,16,4,640,320,False,1.494,multicoil_val,0.00032797485
data/multicoil_train/file_brain_AXT2_208_2080334.h5,AXT2,16,4,640,320,False,1.494,multicoil_val,0.00032556447
data/multicoil_val/file_brain_AXT2_208_2080709.h5,AXT2,16,4,640,320,False,1.494,multicoil_val,0.00031800257
data/multicoil_train/file_brain_AXT2_208_2080128.h5,AXT2,16,4,640,320,False,1.494,multicoil_val,0.00033382277
data/multicoil_train/file_brain_AXT2_207_2070504.h5,AXT2,16,4,640,320,False,1.494,multicoil_val,0.00032620266
data/multicoil_train/file_brain_AXT2_207_2070526.h5,AXT2,16,4,640,320,False,1.494,multicoil_val,0.00033004503
data/multicoil_train/file_brain_AXT2_207_2070734.h5,AXT2,16,4,640,320,False,1.494,multicoil_val,0.00029689656
data/multicoil_train/file_brain_AXT2_208_2080659.h5,AXT2,16,4,640,320,False,1.494,multicoil_val,0.0003444204
data/multicoil_train/file_brain_AXT2_207_2070820.h5,AXT2,16,4,640,320,False,1.494,multicoil_val,0.0003206862
data/multicoil_val/file_brain_AXT2_207_2070036.h5,AXT2,16,4,640,320,False,1.494,multicoil_val,0.00032370273
data/multicoil_train/file_brain_AXT2_208_2080264.h5,AXT2,16,4,640,320,False,1.494,multicoil_val,0.00032235368
data/multicoil_train/file_brain_AXT2_208_2080390.h5,AXT2,16,4,640,320,False,1.494,multicoil_val,0.0003010278
data/multicoil_train/file_brain_AXT2_207_2070416.h5,AXT2,16,4,640,320,False,1.494,multicoil_val,0.00031430676
data/multicoil_train/file_brain_AXT2_208_2080525.h5,AXT2,16,4,640,320,False,1.494,multicoil_val,0.00035616086
data/multicoil_val/file_brain_AXT2_207_2070745.h5,AXT2,16,4,640,320,False,1.494,multicoil_val,0.00034048015
data/multicoil_train/file_brain_AXT2_207_2070261.h5,AXT2,16,4,640,320,False,1.494,multicoil_val,0.00031056168
data/multicoil_train/file_brain_AXT2_207_2070777.h5,AXT2,16,4,640,320,False,1.494,multicoil_val,0.00029126945
data/multicoil_train/file_brain_AXT2_207_2070352.h5,AXT2,16,4,640,320,False,1.494,multicoil_val,0.00028757995
data/multicoil_train/file_brain_AXT2_207_2070625.h5,AXT2,16,4,640,320,False,1.494,multicoil_val,0.00033223067
data/multicoil_train/file_brain_AXT2_207_2070174.h5,AXT2,16,4,640,320,False,1.494,multicoil_val,0.0003018214
data/multicoil_train/file_brain_AXT2_208_2080029.h5,AXT2,16,4,640,320,False,1.494,multicoil_val,0.00034538997
data/multicoil_val/file_brain_AXT2_207_2070593.h5,AXT2,16,4,640,320,False,1.494,multicoil_val,0.00032114107
data/multicoil_val/file_brain_AXT2_207_2070258.h5,AXT2,16,4,640,320,False,1.494,multicoil_val,0.0002769134
data/multicoil_train/file_brain_AXT2_208_2080618.h5,AXT2,16,4,640,320,False,1.494,multicoil_val,0.00032350695
data/multicoil_train/file_brain_AXT2_207_2070380.h5,AXT2,16,4,640,320,False,1.494,multicoil_val,0.00037242987
data/multicoil_train/file_brain_AXT2_208_2080152.h5,AXT2,16,4,640,320,False,1.494,multicoil_val,0.00032141825
data/multicoil_train/file_brain_AXT2_207_2070106.h5,AXT2,16,4,640,320,False,1.494,multicoil_val,0.00054901326
data/multicoil_val/file_brain_AXT2_208_2080424.h5,AXT2,16,4,640,320,False,1.494,multicoil_val,0.00037643337
data/multicoil_val/file_brain_AXT2_208_2080452.h5,AXT2,16,4,640,320,False,1.494,multicoil_val,0.00032064016
data/multicoil_train/file_brain_AXT2_207_2070746.h5,AXT2,16,4,640,320,False,1.494,multicoil_val,0.0003219621
data/multicoil_train/file_brain_AXT2_207_2070736.h5,AXT2,16,4,640,320,False,1.494,multicoil_val,0.0006729486
data/multicoil_train/file_brain_AXT2_207_2070332.h5,AXT2,16,4,640,320,False,1.494,multicoil_val,0.00028255075
data/multicoil_train/file_brain_AXT2_207_2070037.h5,AXT2,16,4,640,320,False,1.494,multicoil_val,0.00032438687
data/multicoil_val/file_brain_AXT2_207_2070180.h5,AXT2,16,4,640,320,False,1.494,multicoil_val,0.00032935158
data/multicoil_train/file_brain_AXT2_208_2080298.h5,AXT2,16,4,640,320,False,1.494,multicoil_val,0.0003089506
data/multicoil_val/file_brain_AXT2_207_2070434.h5,AXT2,16,4,640,320,False,1.494,multicoil_val,0.00032722857
data/multicoil_val/file_brain_AXT2_207_2070070.h5,AXT2,16,4,640,320,False,1.494,multicoil_val,0.00036424655
data/multicoil_train/file_brain_AXT2_207_2070844.h5,AXT2,16,4,640,320,False,1.494,multicoil_val,0.00030590835
data/multicoil_train/file_brain_AXT2_208_2080630.h5,AXT2,16,4,640,320,False,1.494,multicoil_val,0.00030785342
data/multicoil_train/file_brain_AXT2_207_2070779.h5,AXT2,16,4,640,320,False,1.494,multicoil_val,0.00037090582
data/multicoil_val/file_brain_AXT2_207_2070178.h5,AXT2,16,4,640,320,False,1.494,multicoil_val,0.00029054374
data/multicoil_val/file_brain_AXT2_207_2070202.h5,AXT2,16,4,640,320,False,1.494,multicoil_val,0.00032514066
data/multicoil_train/file_brain_AXT2_207_2070219.h5,AXT2,16,4,640,320,False,1.494,multicoil_val,0.00034177295
data/multicoil_val/file_brain_AXT2_207_2070811.h5,AXT2,16,4,640,320,False,1.494,multicoil_val,0.0011862828
data/multicoil_val/file_brain_AXT2_207_2070714.h5,AXT2,16,4,640,320,False,1.494,multicoil_val,0.00032495538
data/multicoil_train/file_brain_AXT2_207_2070524.h5,AXT2,16,4,640,320,False,1.494,multicoil_val,0.0002893968
data/multicoil_train/file_brain_AXT2_208_2080186.h5,AXT2,16,4,640,320,False,1.494,multicoil_val,0.00029400838
data/multicoil_train/file_brain_AXT2_207_2070056.h5,AXT2,16,4,640,320,False,1.494,multicoil_val,0.00032347388
data/multicoil_val/file_brain_AXT2_207_2070148.h5,AXT2,16,4,640,320,False,1.494,multicoil_val,0.00034644626
data/multicoil_train/file_brain_AXT2_207_2070308.h5,AXT2,16,4,640,320,False,1.494,multicoil_val,0.00035320883
data/multicoil_val/file_brain_AXT2_208_2080633.h5,AXT2,16,4,640,320,False,1.494,multicoil_val,0.00031270523
data/multicoil_train/file_brain_AXT2_208_2080591.h5,AXT2,16,4,640,320,False,1.494,multicoil_val,0.00031093438
data/multicoil_train/file_brain_AXT2_207_2070175.h5,AXT2,16,4,640,320,False,1.494,multicoil_val,0.00030641584
data/multicoil_val/file_brain_AXT2_208_2080483.h5,AXT2,16,4,640,320,False,1.494,multicoil_val,0.0003422807
data/multicoil_val/file_brain_AXT2_207_2070328.h5,AXT2,16,4,640,320,False,1.494,multicoil_val,0.00027210638
data/multicoil_train/file_brain_AXT2_207_2070842.h5,AXT2,16,4,640,320,False,1.494,multicoil_val,0.0004019188
data/multicoil_val/file_brain_AXT2_208_2080271.h5,AXT2,16,4,640,320,False,1.494,multicoil_val,0.00037942547
data/multicoil_val/file_brain_AXT2_207_2070494.h5,AXT2,16,4,640,320,False,1.494,multicoil_val,0.0003606511
data/multicoil_train/file_brain_AXT2_207_2070732.h5,AXT2,16,4,640,320,False,1.494,multicoil_val,0.00034687135
data/multicoil_val/file_brain_AXT2_208_2080381.h5,AXT2,16,4,640,320,False,1.494,multicoil_val,0.00036496622
data/multicoil_train/file_brain_AXT2_207_2070211.h5,AXT2,16,4,640,320,False,1.494,multicoil_val,0.00027606738
data/multicoil_val/file_brain_AXT2_208_2080541.h5,AXT2,16,4,640,320,False,1.494,multicoil_val,0.0003151149
data/multicoil_val/file_brain_AXT2_208_2080387.h5,AXT2,16,4,640,320,False,1.494,multicoil_val,0.0003315391
data/multicoil_train/file_brain_AXT2_208_2080359.h5,AXT2,16,4,640,320,False,1.494,multicoil_val,0.00034043493
data/multicoil_train/file_brain_AXT2_207_2070458.h5,AXT2,16,4,640,320,False,1.494,multicoil_val,0.00032281206
data/multicoil_val/file_brain_AXT2_208_2080253.h5,AXT2,16,4,640,320,False,1.494,multicoil_val,0.00032584192
data/multicoil_train/file_brain_AXT2_208_2080720.h5,AXT2,16,4,640,320,False,1.494,multicoil_val,0.00030993932
data/multicoil_val/file_brain_AXT2_208_2080571.h5,AXT2,16,4,640,320,False,1.494,multicoil_val,0.0003476733
data/multicoil_val/file_brain_AXT2_208_2080058.h5,AXT2,16,4,640,320,False,1.494,multicoil_val,0.00033857007
data/multicoil_val/file_brain_AXT2_207_2070507.h5,AXT2,16,4,640,320,False,1.494,multicoil_val,0.00029353471
data/multicoil_train/file_brain_AXT2_207_2070195.h5,AXT2,16,4,640,320,False,1.494,multicoil_val,0.00035010133
data/multicoil_train/file_brain_AXT2_207_2070695_corrupted.h5,AXT2,16,4,640,320,True,1.494,multicoil_val,0.00028324814
data/multicoil_val/file_brain_AXT2_208_2080164_corrupted.h5,AXT2,16,4,640,320,True,1.494,multicoil_val,0.00029608497
data/multicoil_train/file_brain_AXT2_208_2080216_corrupted.h5,AXT2,16,4,640,320,True,1.494,multicoil_val,0.00033784015
data/multicoil_train/file_brain_AXT2_207_2070795_corrupted.h5,AXT2,16,4,640,320,True,1.494,multicoil_val,0.00020331959
data/multicoil_train/file_brain_AXT2_208_2080579_corrupted.h5,AXT2,16,4,640,320,True,1.494,multicoil_val,0.00021730187
data/multicoil_val/file_brain_AXT2_207_2070148_corrupted.h5,AXT2,16,4,640,320,True,1.494,multicoil_val,0.0002890931
data/multicoil_train/file_brain_AXT2_208_2080016_corrupted.h5,AXT2,16,4,640,320,True,1.494,multicoil_val,0.00023583532
data/multicoil_val/file_brain_AXT2_207_2070036_corrupted.h5,AXT2,16,4,640,320,True,1.494,multicoil_val,0.0003154045
data/multicoil_val/file_brain_AXT2_207_2070507_corrupted.h5,AXT2,16,4,640,320,True,1.494,multicoil_val,0.00029184404
data/multicoil_train/file_brain_AXT2_207_2070800_corrupted.h5,AXT2,16,4,640,320,True,1.494,multicoil_val,0.00031456113
data/multicoil_val/file_brain_AXT2_208_2080136_corrupted.h5,AXT2,16,4,640,320,True,1.494,multicoil_val,0.0002673228
data/multicoil_val/file_brain_AXT2_208_2080243_corrupted.h5,AXT2,16,4,640,320,True,1.494,multicoil_val,0.0003230253
data/multicoil_train/file_brain_AXT2_207_2070449_corrupted.h5,AXT2,16,4,640,320,True,1.494,multicoil_val,0.00028125997
data/multicoil_val/file_brain_AXT2_208_2080541_corrupted.h5,AXT2,16,4,640,320,True,1.494,multicoil_val,0.00031356857
data/multicoil_train/file_brain_AXT2_207_2070151_corrupted.h5,AXT2,16,4,640,320,True,1.494,multicoil_val,0.0002516312
data/multicoil_train/file_brain_AXT2_207_2070409_corrupted.h5,AXT2,16,4,640,320,True,1.494,multicoil_val,0.00027307283
data/multicoil_val/file_brain_AXT2_207_2070217_corrupted.h5,AXT2,16,4,640,320,True,1.494,multicoil_val,0.00034742994
data/multicoil_train/file_brain_AXT2_207_2070606_corrupted.h5,AXT2,16,4,640,320,True,1.494,multicoil_val,0.00032188167
data/multicoil_val/file_brain_AXT2_208_2080266_corrupted.h5,AXT2,16,4,640,320,True,1.494,multicoil_val,0.00023110502
data/multicoil_val/file_brain_AXT2_207_2070614_corrupted.h5,AXT2,16,4,640,320,True,1.494,multicoil_val,0.00027609157
data/multicoil_train/file_brain_AXT2_208_2080440_corrupted.h5,AXT2,16,4,640,320,True,1.494,multicoil_val,0.00026114975
data/multicoil_train/file_brain_AXT2_207_2070826_corrupted.h5,AXT2,16,4,640,320,True,1.494,multicoil_val,0.00032303616
data/multicoil_train/file_brain_AXT2_207_2070415_corrupted.h5,AXT2,16,4,640,320,True,1.494,multicoil_val,0.00028782323
data/multicoil_train/file_brain_AXT2_208_2080221_corrupted.h5,AXT2,16,4,640,320,True,1.494,multicoil_val,0.0002791888
data/multicoil_train/file_brain_AXT2_207_2070467_corrupted.h5,AXT2,16,4,640,320,True,1.494,multicoil_val,0.00028900252
data/multicoil_val/file_brain_AXT2_207_2070269_corrupted.h5,AXT2,16,4,640,320,True,1.494,multicoil_val,0.00026799605
data/multicoil_train/file_brain_AXT2_207_2070815_corrupted.h5,AXT2,16,4,640,320,True,1.494,multicoil_val,0.0003153424
data/multicoil_val/file_brain_AXT2_207_2070041_corrupted.h5,AXT2,16,4,640,320,True,1.494,multicoil_val,0.00027521842
data/multicoil_train/file_brain_AXT2_208_2080581_corrupted.h5,AXT2,16,4,640,320,True,1.494,multicoil_val,0.0003311067
data/multicoil_train/file_brain_AXT2_207_2070420_corrupted.h5,AXT2,16,4,640,320,True,1.494,multicoil_val,0.00028064294
data/multicoil_train/file_brain_AXT2_208_2080607_corrupted.h5,AXT2,16,4,640,320,True,1.494,multicoil_val,0.0002763175
data/multicoil_train/file_brain_AXT2_208_2080532_corrupted.h5,AXT2,16,4,640,320,True,1.494,multicoil_val,0.0002934443
data/multicoil_train/file_brain_AXT2_208_2080516_corrupted.h5,AXT2,16,4,640,320,True,1.494,multicoil_val,0.00029528223
data/multicoil_val/file_brain_AXT2_208_2080688_corrupted.h5,AXT2,16,4,640,320,True,1.494,multicoil_val,0.00025604625
data/multicoil_train/file_brain_AXT2_208_2080277_corrupted.h5,AXT2,16,4,640,320,True,1.494,multicoil_val,0.00034718905
data/multicoil_train/file_brain_AXT2_207_2070329_corrupted.h5,AXT2,16,4,640,320,True,1.494,multicoil_val,0.00030565582
data/multicoil_train/file_brain_AXT2_208_2080264_corrupted.h5,AXT2,16,4,640,320,True,1.494,multicoil_val,0.000326142
data/multicoil_train/file_brain_AXT2_207_2070770_corrupted.h5,AXT2,16,4,640,320,True,1.494,multicoil_val,0.0003105872
data/multicoil_train/file_brain_AXT2_207_2070029_corrupted.h5,AXT2,16,4,640,320,True,1.494,multicoil_val,0.00031422183
data/multicoil_train/file_brain_AXT2_207_2070703_corrupted.h5,AXT2,16,4,640,320,True,1.494,multicoil_val,0.0003528606
data/multicoil_train/file_brain_AXT2_208_2080723_corrupted.h5,AXT2,16,4,640,320,True,1.494,multicoil_val,0.00023276985
data/multicoil_train/file_brain_AXT2_207_2070464_corrupted.h5,AXT2,16,4,640,320,True,1.494,multicoil_val,0.00029976596
data/multicoil_train/file_brain_AXT2_207_2070838_corrupted.h5,AXT2,16,4,640,320,True,1.494,multicoil_val,0.00022336298
data/multicoil_train/file_brain_AXT2_207_2070435_corrupted.h5,AXT2,16,4,640,320,True,1.494,multicoil_val,0.0002948267
data/multicoil_train/file_brain_AXT2_208_2080255_corrupted.h5,AXT2,16,4,640,320,True,1.494,multicoil_val,0.0002995936
data/multicoil_val/file_brain_AXT2_207_2070663_corrupted.h5,AXT2,16,4,640,320,True,1.494,multicoil_val,0.00026104375
data/multicoil_train/file_brain_AXT2_208_2080317_corrupted.h5,AXT2,16,4,640,320,True,1.494,multicoil_val,0.00030688033
data/multicoil_train/file_brain_AXT2_207_2070670_corrupted.h5,AXT2,16,4,640,320,True,1.494,multicoil_val,0.00030747065
data/multicoil_train/file_brain_AXT2_207_2070678_corrupted.h5,AXT2,16,4,640,320,True,1.494,multicoil_val,0.00027899246
data/multicoil_train/file_brain_AXT2_208_2080353_corrupted.h5,AXT2,16,4,640,320,True,1.494,multicoil_val,0.0003035202
data/multicoil_train/file_brain_AXT2_207_2070153_corrupted.h5,AXT2,16,4,640,320,True,1.494,multicoil_val,0.0003016615
data/multicoil_train/file_brain_AXT2_208_2080525_corrupted.h5,AXT2,16,4,640,320,True,1.494,multicoil_val,0.0003276483
data/multicoil_train/file_brain_AXT2_208_2080319_corrupted.h5,AXT2,16,4,640,320,True,1.494,multicoil_val,0.00029695057
data/multicoil_train/file_brain_AXT2_208_2080067_corrupted.h5,AXT2,16,4,640,320,True,1.494,multicoil_val,0.00027892675
data/multicoil_val/file_brain_AXT2_207_2070110_corrupted.h5,AXT2,16,4,640,320,True,1.494,multicoil_val,0.0002517027
data/multicoil_train/file_brain_AXT2_207_2070842_corrupted.h5,AXT2,16,4,640,320,True,1.494,multicoil_val,0.00030477624
data/multicoil_val/file_brain_AXT2_207_2070811_corrupted.h5,AXT2,16,4,640,320,True,1.494,multicoil_val,0.00081513764
data/multicoil_train/file_brain_AXT2_207_2070699_corrupted.h5,AXT2,16,4,640,320,True,1.494,multicoil_val,0.00027876793
data/multicoil_train/file_brain_AXT2_208_2080497_corrupted.h5,AXT2,16,4,640,320,True,1.494,multicoil_val,0.0002901642
data/multicoil_train/file_brain_AXT2_208_2080390_corrupted.h5,AXT2,16,4,640,320,True,1.494,multicoil_val,0.00029227682
data/multicoil_val/file_brain_AXT2_208_2080492_corrupted.h5,AXT2,16,4,640,320,True,1.494,multicoil_val,0.00031589792
data/multicoil_train/file_brain_AXT2_208_2080509_corrupted.h5,AXT2,16,4,640,320,True,1.494,multicoil_val,0.00032015488
data/multicoil_val/file_brain_AXT2_208_2080250_corrupted.h5,AXT2,16,4,640,320,True,1.494,multicoil_val,0.0003063874
data/multicoil_train/file_brain_AXT2_208_2080395_corrupted.h5,AXT2,16,4,640,320,True,1.494,multicoil_val,0.0003453884
data/multicoil_train/file_brain_AXT2_207_2070577_corrupted.h5,AXT2,16,4,640,320,True,1.494,multicoil_val,0.0003087459
data/multicoil_train/file_brain_AXT2_208_2080386_corrupted.h5,AXT2,16,4,640,320,True,1.494,multicoil_val,0.00022073381
data/multicoil_train/file_brain_AXT2_207_2070793_corrupted.h5,AXT2,16,4,640,320,True,1.494,multicoil_val,0.0003079028
data/multicoil_train/file_brain_AXT2_208_2080046_corrupted.h5,AXT2,16,4,640,320,True,1.494,multicoil_val,0.00032092986
data/multicoil_train/file_brain_AXT2_207_2070245_corrupted.h5,AXT2,16,4,640,320,True,1.494,multicoil_val,0.00025976222
data/multicoil_train/file_brain_AXT2_208_2080273_corrupted.h5,AXT2,16,4,640,320,True,1.494,multicoil_val,0.0002707305
data/multicoil_train/file_brain_AXT2_207_2070820_corrupted.h5,AXT2,16,4,640,320,True,1.494,multicoil_val,0.00031686886
data/multicoil_train/file_brain_AXT2_207_2070315_corrupted.h5,AXT2,16,4,640,320,True,1.494,multicoil_val,0.00025512275
data/multicoil_val/file_brain_AXT2_207_2070554_corrupted.h5,AXT2,16,4,640,320,True,1.494,multicoil_val,0.0003303554
data/multicoil_train/file_brain_AXT2_208_2080029_corrupted.h5,AXT2,16,4,640,320,True,1.494,multicoil_val,0.00034021554
data/multicoil_train/file_brain_AXT2_208_2080415_corrupted.h5,AXT2,16,4,640,320,True,1.494,multicoil_val,0.00032008314
data/multicoil_train/file_brain_AXT2_208_2080478_corrupted.h5,AXT2,16,4,640,320,True,1.494,multicoil_val,0.00031834125
data/multicoil_train/file_brain_AXT2_208_2080359_corrupted.h5,AXT2,16,4,640,320,True,1.494,multicoil_val,0.00032200682
data/multicoil_train/file_brain_AXT2_207_2070198_corrupted.h5,AXT2,16,4,640,320,True,1.494,multicoil_val,0.000312058
data/multicoil_train/file_brain_AXT2_207_2070113_corrupted.h5,AXT2,16,4,640,320,True,1.494,multicoil_val,0.00033257986
data/multicoil_train/file_brain_AXT2_208_2080519_corrupted.h5,AXT2,16,4,640,320,True,1.494,multicoil_val,0.00034044366
data/multicoil_train/file_brain_AXT2_207_2070692_corrupted.h5,AXT2,16,4,640,320,True,1.494,multicoil_val,0.00022839018
data/multicoil_val/file_brain_AXT2_208_2080483_corrupted.h5,AXT2,16,4,640,320,True,1.494,multicoil_val,0.00034938683
data/multicoil_train/file_brain_AXT2_208_2080506_corrupted.h5,AXT2,16,4,640,320,True,1.494,multicoil_val,0.00031525292
data/multicoil_train/file_brain_AXT2_207_2070152_corrupted.h5,AXT2,16,4,640,320,True,1.494,multicoil_val,0.00035672917
data/multicoil_train/file_brain_AXT2_207_2070111_corrupted.h5,AXT2,16,4,640,320,True,1.494,multicoil_val,0.0003407651
data/multicoil_train/file_brain_AXT2_208_2080019_corrupted.h5,AXT2,16,4,640,320,True,1.494,multicoil_val,0.00028446442
data/multicoil_train/file_brain_AXT2_207_2070074_corrupted.h5,AXT2,16,4,640,320,True,1.494,multicoil_val,0.00035091626
data/multicoil_train/file_brain_AXT2_208_2080533_corrupted.h5,AXT2,16,4,640,320,True,1.494,multicoil_val,0.00032953272
data/multicoil_train/file_brain_AXT2_208_2080043_corrupted.h5,AXT2,16,4,640,320,True,1.494,multicoil_val,0.00024242808
data/multicoil_train/file_brain_AXT2_208_2080076_corrupted.h5,AXT2,16,4,640,320,True,1.494,multicoil_val,0.0003042719
data/multicoil_train/file_brain_AXT2_207_2070613_corrupted.h5,AXT2,16,4,640,320,True,1.494,multicoil_val,0.00029370145
data/multicoil_val/file_brain_AXT2_207_2070393_corrupted.h5,AXT2,16,4,640,320,True,1.494,multicoil_val,0.00030952378
data/multicoil_train/file_brain_AXT2_207_2070749_corrupted.h5,AXT2,16,4,640,320,True,1.494,multicoil_val,0.00030004318
data/multicoil_val/file_brain_AXT2_207_2070323_corrupted.h5,AXT2,16,4,640,320,True,1.494,multicoil_val,0.00027184386
data/multicoil_val/file_brain_AXT2_207_2070720_corrupted.h5,AXT2,16,4,640,320,True,1.494,multicoil_val,0.0002963089
data/multicoil_train/file_brain_AXT2_207_2070652_corrupted.h5,AXT2,16,4,640,320,True,1.494,multicoil_val,0.00032805555
data/multicoil_val/file_brain_AXT2_208_2080276_corrupted.h5,AXT2,16,4,640,320,True,1.494,multicoil_val,0.00031407794
data/multicoil_train/file_brain_AXT2_208_2080206_corrupted.h5,AXT2,16,4,640,320,True,1.494,multicoil_val,0.0003285837
data/multicoil_train/file_brain_AXT2_208_2080396_corrupted.h5,AXT2,16,4,640,320,True,1.494,multicoil_val,0.00029204378
data/multicoil_train/file_brain_AXT2_207_2070693_corrupted.h5,AXT2,16,4,640,320,True,1.494,multicoil_val,0.00029321515
data/multicoil_train/file_brain_AXT2_207_2070309_corrupted.h5,AXT2,16,4,640,320,True,1.494,multicoil_val,0.00032570158
data/multicoil_val/file_brain_AXT2_208_2080672_corrupted.h5,AXT2,16,4,640,320,True,1.494,multicoil_val,0.00031640448
data/multicoil_train/file_brain_AXT2_207_2070805_corrupted.h5,AXT2,16,4,640,320,True,1.494,multicoil_val,0.00031998925
data/multicoil_val/file_brain_AXT2_207_2070115_corrupted.h5,AXT2,16,4,640,320,True,1.494,multicoil_val,0.0003396981
data/multicoil_train/file_brain_AXT2_207_2070460_corrupted.h5,AXT2,16,4,640,320,True,1.494,multicoil_val,0.00030838436
data/multicoil_train/file_brain_AXT2_207_2070552_corrupted.h5,AXT2,16,4,640,320,True,1.494,multicoil_val,0.00028547042
data/multicoil_train/file_brain_AXT2_207_2070169_corrupted.h5,AXT2,16,4,640,320,True,1.494,multicoil_val,0.0002729104
data/multicoil_train/file_brain_AXT2_208_2080377_corrupted.h5,AXT2,16,4,640,320,True,1.494,multicoil_val,0.00023884817
data/multicoil_train/file_brain_AXT2_207_2070257_corrupted.h5,AXT2,16,4,640,320,True,1.494,multicoil_val,0.00029273288
data/multicoil_train/file_brain_AXT2_207_2070779_corrupted.h5,AXT2,16,4,640,320,True,1.494,multicoil_val,0.00036579935
data/multicoil_train/file_brain_AXT2_207_2070555_corrupted.h5,AXT2,16,4,640,320,True,1.494,multicoil_val,0.00031658044
data/multicoil_train/file_brain_AXT2_208_2080295_corrupted.h5,AXT2,16,4,640,320,True,1.494,multicoil_val,0.0003213063
data/multicoil_train/file_brain_AXT2_208_2080338_corrupted.h5,AXT2,16,4,640,320,True,1.494,multicoil_val,0.0003284369
data/multicoil_train/file_brain_AXT2_207_2070055_corrupted.h5,AXT2,16,4,640,320,True,1.494,multicoil_val,0.00018891592
data/multicoil_train/file_brain_AXT2_207_2070642_corrupted.h5,AXT2,16,4,640,320,True,1.494,multicoil_val,0.0003084928
data/multicoil_train/file_brain_AXT2_207_2070542_corrupted.h5,AXT2,16,4,640,320,True,1.494,multicoil_val,0.0003306804
data/multicoil_train/file_brain_AXT2_207_2070308_corrupted.h5,AXT2,16,4,640,320,True,1.494,multicoil_val,0.0002491998
data/multicoil_train/file_brain_AXT2_207_2070442_corrupted.h5,AXT2,16,4,640,320,True,1.494,multicoil_val,0.0002804512
data/multicoil_val/file_brain_AXT2_207_2070470_corrupted.h5,AXT2,16,4,640,320,True,1.494,multicoil_val,0.00029179142
data/multicoil_val/file_brain_AXT2_207_2070295_corrupted.h5,AXT2,16,4,640,320,True,1.494,multicoil_val,0.00031714432
data/multicoil_train/file_brain_AXT2_208_2080680_corrupted.h5,AXT2,16,4,640,320,True,1.494,multicoil_val,0.0003232566
data/multicoil_val/file_brain_AXT2_207_2070166_corrupted.h5,AXT2,16,4,640,320,True,1.494,multicoil_val,0.00031342186
data/multicoil_val/file_brain_AXT2_207_2070759_corrupted.h5,AXT2,16,4,640,320,True,1.494,multicoil_val,0.0002707783
data/multicoil_train/file_brain_AXT2_207_2070526_corrupted.h5,AXT2,16,4,640,320,True,1.494,multicoil_val,0.00020710568
data/multicoil_train/file_brain_AXT2_208_2080202_corrupted.h5,AXT2,16,4,640,320,True,1.494,multicoil_val,0.00021917181
data/multicoil_train/file_brain_AXT2_207_2070528_corrupted.h5,AXT2,16,4,640,320,True,1.494,multicoil_val,0.00021404757
data/multicoil_train/file_brain_AXT2_207_2070763_corrupted.h5,AXT2,16,4,640,320,True,1.494,multicoil_val,0.00024941342
data/multicoil_train/file_brain_AXT2_208_2080470_corrupted.h5,AXT2,16,4,640,320,True,1.494,multicoil_val,0.00030175396
data/multicoil_train/file_brain_AXT2_208_2080280_corrupted.h5,AXT2,16,4,640,320,True,1.494,multicoil_val,0.0002852545
data/multicoil_val/file_brain_AXT2_208_2080544_corrupted.h5,AXT2,16,4,640,320,True,1.494,multicoil_val,0.0003247075
data/multicoil_train/file_brain_AXT2_207_2070171_corrupted.h5,AXT2,16,4,640,320,True,1.494,multicoil_val,0.0003153094
data/multicoil_train/file_brain_AXT2_208_2080306_corrupted.h5,AXT2,16,4,640,320,True,1.494,multicoil_val,0.00022095095
data/multicoil_val/file_brain_AXT2_207_2070799_corrupted.h5,AXT2,16,4,640,320,True,1.494,multicoil_val,0.00032344347
data/multicoil_train/file_brain_AXT2_208_2080558_corrupted.h5,AXT2,16,4,640,320,True,1.494,multicoil_val,0.00030525704
data/multicoil_train/file_brain_AXT2_208_2080438_corrupted.h5,AXT2,16,4,640,320,True,1.494,multicoil_val,0.00026225482
data/multicoil_train/file_brain_AXT2_208_2080498_corrupted.h5,AXT2,16,4,640,320,True,1.494,multicoil_val,0.00029711192
data/multicoil_val/file_brain_AXT2_207_2070473_corrupted.h5,AXT2,16,4,640,320,True,1.494,multicoil_val,0.00028896093
data/multicoil_train/file_brain_AXT2_207_2070546_corrupted.h5,AXT2,16,4,640,320,True,1.494,multicoil_val,0.0002971203
data/multicoil_train/file_brain_AXT2_208_2080607.h5,AXT2,16,4,640,320,False,1.494,multicoil_test,0.0003214302
data/multicoil_train/file_brain_AXT2_207_2070516.h5,AXT2,16,4,640,320,False,1.494,multicoil_test,0.00031441683
data/multicoil_train/file_brain_AXT2_207_2070171.h5,AXT2,16,4,640,320,False,1.494,multicoil_test,0.00044202973
data/multicoil_train/file_brain_AXT2_207_2070128.h5,AXT2,16,4,640,320,False,1.494,multicoil_test,0.00034368728
data/multicoil_val/file_brain_AXT2_208_2080461.h5,AXT2,16,4,640,320,False,1.494,multicoil_test,0.00031607057
data/multicoil_val/file_brain_AXT2_207_2070373.h5,AXT2,16,4,640,320,False,1.494,multicoil_test,0.00033432376
data/multicoil_val/file_brain_AXT2_208_2080309.h5,AXT2,16,4,640,320,False,1.494,multicoil_test,0.00031110138
data/multicoil_train/file_brain_AXT2_208_2080080.h5,AXT2,16,4,640,320,False,1.494,multicoil_test,0.00029983738
data/multicoil_train/file_brain_AXT2_207_2070409.h5,AXT2,16,4,640,320,False,1.494,multicoil_test,0.00032450593
data/multicoil_train/file_brain_AXT2_207_2070145.h5,AXT2,16,4,640,320,False,1.494,multicoil_test,0.00032737394
data/multicoil_train/file_brain_AXT2_208_2080059.h5,AXT2,16,4,640,320,False,1.494,multicoil_test,0.00032634445
data/multicoil_train/file_brain_AXT2_207_2070184.h5,AXT2,16,4,640,320,False,1.494,multicoil_test,0.00031946233
data/multicoil_train/file_brain_AXT2_208_2080239.h5,AXT2,16,4,640,320,False,1.494,multicoil_test,0.00035860803
data/multicoil_train/file_brain_AXT2_207_2070500.h5,AXT2,16,4,640,320,False,1.494,multicoil_test,0.00031530793
data/multicoil_val/file_brain_AXT2_207_2070431.h5,AXT2,16,4,640,320,False,1.494,multicoil_test,0.00035258578
data/multicoil_train/file_brain_AXT2_207_2070805.h5,AXT2,16,4,640,320,False,1.494,multicoil_test,0.00032330345
data/multicoil_val/file_brain_AXT2_208_2080307.h5,AXT2,16,4,640,320,False,1.494,multicoil_test,0.00031467158
data/multicoil_train/file_brain_AXT2_207_2070570.h5,AXT2,16,4,640,320,False,1.494,multicoil_test,0.00031602342
data/multicoil_train/file_brain_AXT2_208_2080273.h5,AXT2,16,4,640,320,False,1.494,multicoil_test,0.0003037921
data/multicoil_train/file_brain_AXT2_208_2080339.h5,AXT2,16,4,640,320,False,1.494,multicoil_test,0.00033020182
data/multicoil_train/file_brain_AXT2_207_2070716.h5,AXT2,16,4,640,320,False,1.494,multicoil_test,0.00031780277
data/multicoil_train/file_brain_AXT2_208_2080188.h5,AXT2,16,4,640,320,False,1.494,multicoil_test,0.0003198959
data/multicoil_train/file_brain_AXT2_207_2070740.h5,AXT2,16,4,640,320,False,1.494,multicoil_test,0.00035962596
data/multicoil_train/file_brain_AXT2_207_2070704.h5,AXT2,16,4,640,320,False,1.494,multicoil_test,0.00029590394
data/multicoil_val/file_brain_AXT2_207_2070723.h5,AXT2,16,4,640,320,False,1.494,multicoil_test,0.00029170647
data/multicoil_train/file_brain_AXT2_208_2080418.h5,AXT2,16,4,640,320,False,1.494,multicoil_test,0.00031464457
data/multicoil_val/file_brain_AXT2_207_2070107.h5,AXT2,16,4,640,320,False,1.494,multicoil_test,0.00033330088
data/multicoil_train/file_brain_AXT2_207_2070305.h5,AXT2,16,4,640,320,False,1.494,multicoil_test,0.0003473722
data/multicoil_val/file_brain_AXT2_207_2070287.h5,AXT2,16,4,640,320,False,1.494,multicoil_test,0.00031087315
data/multicoil_train/file_brain_AXT2_207_2070090.h5,AXT2,16,4,640,320,False,1.494,multicoil_test,0.00032233898
data/multicoil_train/file_brain_AXT2_208_2080437.h5,AXT2,16,4,640,320,False,1.494,multicoil_test,0.00030094327
data/multicoil_val/file_brain_AXT2_208_2080241.h5,AXT2,16,4,640,320,False,1.494,multicoil_test,0.00031225084
data/multicoil_train/file_brain_AXT2_208_2080139.h5,AXT2,16,4,640,320,False,1.494,multicoil_test,0.00038530098
data/multicoil_val/file_brain_AXT2_208_2080555.h5,AXT2,16,4,640,320,False,1.494,multicoil_test,0.0003137754
data/multicoil_val/file_brain_AXT2_207_2070046.h5,AXT2,16,4,640,320,False,1.494,multicoil_test,0.0002941084
data/multicoil_train/file_brain_AXT2_208_2080216.h5,AXT2,16,4,640,320,False,1.494,multicoil_test,0.00030856385
data/multicoil_train/file_brain_AXT2_207_2070449.h5,AXT2,16,4,640,320,False,1.494,multicoil_test,0.00031246402
data/multicoil_val/file_brain_AXT2_207_2070410.h5,AXT2,16,4,640,320,False,1.494,multicoil_test,0.00033177735
data/multicoil_train/file_brain_AXT2_207_2070427.h5,AXT2,16,4,640,320,False,1.494,multicoil_test,0.00033705874
data/multicoil_train/file_brain_AXT2_208_2080468.h5,AXT2,16,4,640,320,False,1.494,multicoil_test,0.0003418121
data/multicoil_train/file_brain_AXT2_208_2080438.h5,AXT2,16,4,640,320,False,1.494,multicoil_test,0.00030961313
data/multicoil_train/file_brain_AXT2_207_2070222.h5,AXT2,16,4,640,320,False,1.494,multicoil_test,0.00031768644
data/multicoil_train/file_brain_AXT2_207_2070480.h5,AXT2,16,4,640,320,False,1.494,multicoil_test,0.00039226073
data/multicoil_train/file_brain_AXT2_208_2080039.h5,AXT2,16,4,640,320,False,1.494,multicoil_test,0.00033332384
data/multicoil_train/file_brain_AXT2_207_2070763.h5,AXT2,16,4,640,320,False,1.494,multicoil_test,0.00031185892
data/multicoil_train/file_brain_AXT2_208_2080160.h5,AXT2,16,4,640,320,False,1.494,multicoil_test,0.000399938
data/multicoil_train/file_brain_AXT2_207_2070080.h5,AXT2,16,4,640,320,False,1.494,multicoil_test,0.00031471657
data/multicoil_train/file_brain_AXT2_208_2080284.h5,AXT2,16,4,640,320,False,1.494,multicoil_test,0.0003042479
data/multicoil_train/file_brain_AXT2_208_2080042.h5,AXT2,16,4,640,320,False,1.494,multicoil_test,0.00031327066
data/multicoil_train/file_brain_AXT2_208_2080502.h5,AXT2,16,4,640,320,False,1.494,multicoil_test,0.00030667282
data/multicoil_train/file_brain_AXT2_208_2080603.h5,AXT2,16,4,640,320,False,1.494,multicoil_test,0.000345285
data/multicoil_train/file_brain_AXT2_207_2070581.h5,AXT2,16,4,640,320,False,1.494,multicoil_test,0.00030130468
data/multicoil_train/file_brain_AXT2_208_2080043.h5,AXT2,16,4,640,320,False,1.494,multicoil_test,0.00033786165
data/multicoil_train/file_brain_AXT2_208_2080344.h5,AXT2,16,4,640,320,False,1.494,multicoil_test,0.00032866455
data/multicoil_val/file_brain_AXT2_207_2070819.h5,AXT2,16,4,640,320,False,1.494,multicoil_test,0.0002773118
data/multicoil_train/file_brain_AXT2_207_2070155.h5,AXT2,16,4,640,320,False,1.494,multicoil_test,0.0004519304
data/multicoil_train/file_brain_AXT2_207_2070559.h5,AXT2,16,4,640,320,False,1.494,multicoil_test,0.00028661283
data/multicoil_train/file_brain_AXT2_208_2080398.h5,AXT2,16,4,640,320,False,1.494,multicoil_test,0.00031790216
data/multicoil_val/file_brain_AXT2_207_2070092.h5,AXT2,16,4,640,320,False,1.494,multicoil_test,0.00039717322
data/multicoil_train/file_brain_AXT2_208_2080330.h5,AXT2,16,4,640,320,False,1.494,multicoil_test,0.00028749328
data/multicoil_train/file_brain_AXT2_207_2070822.h5,AXT2,16,4,640,320,False,1.494,multicoil_test,0.00031120292
data/multicoil_val/file_brain_AXT2_208_2080358.h5,AXT2,16,4,640,320,False,1.494,multicoil_test,0.00033709506
data/multicoil_train/file_brain_AXT2_207_2070542.h5,AXT2,16,4,640,320,False,1.494,multicoil_test,0.00033343403
data/multicoil_val/file_brain_AXT2_207_2070663.h5,AXT2,16,4,640,320,False,1.494,multicoil_test,0.00033379006
data/multicoil_train/file_brain_AXT2_207_2070770.h5,AXT2,16,4,640,320,False,1.494,multicoil_test,0.00031385382
data/multicoil_train/file_brain_AXT2_208_2080662.h5,AXT2,16,4,640,320,False,1.494,multicoil_test,0.00030565326
data/multicoil_val/file_brain_AXT2_207_2070166.h5,AXT2,16,4,640,320,False,1.494,multicoil_test,0.00032208007
data/multicoil_train/file_brain_AXT2_207_2070795.h5,AXT2,16,4,640,320,False,1.494,multicoil_test,0.0002909237
data/multicoil_train/file_brain_AXT2_208_2080162.h5,AXT2,16,4,640,320,False,1.494,multicoil_test,0.0003292277
data/multicoil_val/file_brain_AXT2_207_2070597.h5,AXT2,16,4,640,320,False,1.494,multicoil_test,0.00030931065
data/multicoil_train/file_brain_AXT2_207_2070606.h5,AXT2,16,4,640,320,False,1.494,multicoil_test,0.0003609803
data/multicoil_train/file_brain_AXT2_208_2080620.h5,AXT2,16,4,640,320,False,1.494,multicoil_test,0.0002916599
data/multicoil_train/file_brain_AXT2_208_2080181.h5,AXT2,16,4,640,320,False,1.494,multicoil_test,0.0003119145
data/multicoil_val/file_brain_AXT2_208_2080631.h5,AXT2,16,4,640,320,False,1.494,multicoil_test,0.00031170278
data/multicoil_train/file_brain_AXT2_208_2080485.h5,AXT2,16,4,640,320,False,1.494,multicoil_test,0.0003513877
data/multicoil_val/file_brain_AXT2_207_2070337.h5,AXT2,16,4,640,320,False,1.494,multicoil_test,0.0003058547
data/multicoil_train/file_brain_AXT2_208_2080727.h5,AXT2,16,4,640,320,False,1.494,multicoil_test,0.00038145157
data/multicoil_train/file_brain_AXT2_208_2080071.h5,AXT2,16,4,640,320,False,1.494,multicoil_test,0.0004043469
data/multicoil_train/file_brain_AXT2_207_2070315.h5,AXT2,16,4,640,320,False,1.494,multicoil_test,0.00033336427
data/multicoil_val/file_brain_AXT2_207_2070478.h5,AXT2,16,4,640,320,False,1.494,multicoil_test,0.0003130931
data/multicoil_train/file_brain_AXT2_207_2070320.h5,AXT2,16,4,640,320,False,1.494,multicoil_test,0.0003078616
data/multicoil_train/file_brain_AXT2_208_2080314.h5,AXT2,16,4,640,320,False,1.494,multicoil_test,0.000285616
data/multicoil_train/file_brain_AXT2_207_2070097.h5,AXT2,16,4,640,320,False,1.494,multicoil_test,0.00032545018
data/multicoil_train/file_brain_AXT2_208_2080710.h5,AXT2,16,4,640,320,False,1.494,multicoil_test,0.0002984136
data/multicoil_val/file_brain_AXT2_207_2070278.h5,AXT2,16,4,640,320,False,1.494,multicoil_test,0.0003093993
data/multicoil_val/file_brain_AXT2_207_2070235.h5,AXT2,16,4,640,320,False,1.494,multicoil_test,0.0003127083
data/multicoil_train/file_brain_AXT2_207_2070456.h5,AXT2,16,4,640,320,False,1.494,multicoil_test,0.0003264461
data/multicoil_val/file_brain_AXT2_208_2080074.h5,AXT2,16,4,640,320,False,1.494,multicoil_test,0.00030261412
data/multicoil_train/file_brain_AXT2_208_2080703.h5,AXT2,16,4,640,320,False,1.494,multicoil_test,0.00029999117
data/multicoil_train/file_brain_AXT2_208_2080299.h5,AXT2,16,4,640,320,False,1.494,multicoil_test,0.0003345198
data/multicoil_train/file_brain_AXT2_207_2070615.h5,AXT2,16,4,640,320,False,1.494,multicoil_test,0.0003527148
data/multicoil_train/file_brain_AXT2_207_2070552.h5,AXT2,16,4,640,320,False,1.494,multicoil_test,0.00030633752
data/multicoil_val/file_brain_AXT2_207_2070419.h5,AXT2,16,4,640,320,False,1.494,multicoil_test,0.00035425695
data/multicoil_val/file_brain_AXT2_208_2080266.h5,AXT2,16,4,640,320,False,1.494,multicoil_test,0.00029467832
data/multicoil_train/file_brain_AXT2_208_2080120.h5,AXT2,16,4,640,320,False,1.494,multicoil_test,0.0003330242
data/multicoil_train/file_brain_AXT2_207_2070530.h5,AXT2,16,4,640,320,False,1.494,multicoil_test,0.00029597853
data/multicoil_train/file_brain_AXT2_207_2070140.h5,AXT2,16,4,640,320,False,1.494,multicoil_test,0.000341993
data/multicoil_val/file_brain_AXT2_208_2080349.h5,AXT2,16,4,640,320,False,1.494,multicoil_test,0.00031570514
data/multicoil_train/file_brain_AXT2_208_2080106.h5,AXT2,16,4,640,320,False,1.494,multicoil_test,0.00030772734
data/multicoil_train/file_brain_AXT2_208_2080581.h5,AXT2,16,4,640,320,False,1.494,multicoil_test,0.00034255785
data/multicoil_train/file_brain_AXT2_208_2080317.h5,AXT2,16,4,640,320,False,1.494,multicoil_test,0.00032374516
data/multicoil_train/file_brain_AXT2_207_2070442.h5,AXT2,16,4,640,320,False,1.494,multicoil_test,0.0003334888
data/multicoil_train/file_brain_AXT2_207_2070285.h5,AXT2,16,4,640,320,False,1.494,multicoil_test,0.0002797529
data/multicoil_val/file_brain_AXT2_208_2080305.h5,AXT2,16,4,640,320,False,1.494,multicoil_test,0.00042619347
data/multicoil_train/file_brain_AXT2_207_2070498.h5,AXT2,16,4,640,320,False,1.494,multicoil_test,0.0003033274
data/multicoil_val/file_brain_AXT2_207_2070075.h5,AXT2,16,4,640,320,False,1.494,multicoil_test,0.00030309492
data/multicoil_train/file_brain_AXT2_207_2070054.h5,AXT2,16,4,640,320,False,1.494,multicoil_test,0.00035449635
data/multicoil_train/file_brain_AXT2_207_2070835.h5,AXT2,16,4,640,320,False,1.494,multicoil_test,0.00040727423
data/multicoil_train/file_brain_AXT2_208_2080138.h5,AXT2,16,4,640,320,False,1.494,multicoil_test,0.00031433353
data/multicoil_train/file_brain_AXT2_208_2080070.h5,AXT2,16,4,640,320,False,1.494,multicoil_test,0.0003356723
data/multicoil_train/file_brain_AXT2_208_2080375.h5,AXT2,16,4,640,320,False,1.494,multicoil_test,0.00035173405
data/multicoil_train/file_brain_AXT2_207_2070571.h5,AXT2,16,4,640,320,False,1.494,multicoil_test,0.00034924856
data/multicoil_train/file_brain_AXT2_207_2070086.h5,AXT2,16,4,640,320,False,1.494,multicoil_test,0.00032579145
data/multicoil_train/file_brain_AXT2_208_2080338.h5,AXT2,16,4,640,320,False,1.494,multicoil_test,0.00034528133
data/multicoil_train/file_brain_AXT2_207_2070562.h5,AXT2,16,4,640,320,False,1.494,multicoil_test,0.0008281006
data/multicoil_val/file_brain_AXT2_207_2070066.h5,AXT2,16,4,640,320,False,1.494,multicoil_test,0.00029725
data/multicoil_train/file_brain_AXT2_208_2080288.h5,AXT2,16,4,640,320,False,1.494,multicoil_test,0.0003267061
data/multicoil_train/file_brain_AXT2_207_2070266.h5,AXT2,16,4,640,320,False,1.494,multicoil_test,0.00036816284
data/multicoil_val/file_brain_AXT2_207_2070519.h5,AXT2,16,4,640,320,False,1.494,multicoil_test,0.00029272342
data/multicoil_val/file_brain_AXT2_207_2070637.h5,AXT2,16,4,640,320,False,1.494,multicoil_test,0.00032744458
data/multicoil_val/file_brain_AXT2_207_2070297.h5,AXT2,16,4,640,320,False,1.494,multicoil_test,0.0003066091
data/multicoil_train/file_brain_AXT2_207_2070452.h5,AXT2,16,4,640,320,False,1.494,multicoil_test,0.00035543254
data/multicoil_val/file_brain_AXT2_207_2070443.h5,AXT2,16,4,640,320,False,1.494,multicoil_test,0.00032330025
data/multicoil_train/file_brain_AXT2_208_2080695.h5,AXT2,16,4,640,320,False,1.494,multicoil_test,0.000313777
data/multicoil_train/file_brain_AXT2_207_2070749.h5,AXT2,16,4,640,320,False,1.494,multicoil_test,0.00031615494
data/multicoil_train/file_brain_AXT2_208_2080496.h5,AXT2,16,4,640,320,False,1.494,multicoil_test,0.00040051955
data/multicoil_train/file_brain_AXT2_208_2080561.h5,AXT2,16,4,640,320,False,1.494,multicoil_test,0.00031063333
data/multicoil_train/file_brain_AXT2_208_2080528.h5,AXT2,16,4,640,320,False,1.494,multicoil_test,0.00032623502
data/multicoil_val/file_brain_AXT2_208_2080610.h5,AXT2,16,4,640,320,False,1.494,multicoil_test,0.00037621963
data/multicoil_train/file_brain_AXT2_208_2080174.h5,AXT2,16,4,640,320,False,1.494,multicoil_test,0.00036256175
data/multicoil_val/file_brain_AXT2_207_2070585.h5,AXT2,16,4,640,320,False,1.494,multicoil_test,0.00034075772
data/multicoil_train/file_brain_AXT2_207_2070511.h5,AXT2,16,4,640,320,False,1.494,multicoil_test,0.00032409135
data/multicoil_train/file_brain_AXT2_207_2070113.h5,AXT2,16,4,640,320,False,1.494,multicoil_test,0.0004624423
data/multicoil_train/file_brain_AXT2_207_2070543.h5,AXT2,16,4,640,320,False,1.494,multicoil_test,0.00037092558
data/multicoil_val/file_brain_AXT2_208_2080268.h5,AXT2,16,4,640,320,False,1.494,multicoil_test,0.00036266178
data/multicoil_train/file_brain_AXT2_208_2080343.h5,AXT2,16,4,640,320,False,1.494,multicoil_test,0.0003000668
data/multicoil_train/file_brain_AXT2_207_2070605.h5,AXT2,16,4,640,320,False,1.494,multicoil_test,0.00029468758
data/multicoil_train/file_brain_AXT2_208_2080111.h5,AXT2,16,4,640,320,False,1.494,multicoil_test,0.00029250403
data/multicoil_train/file_brain_AXT2_208_2080262.h5,AXT2,16,4,640,320,False,1.494,multicoil_test,0.00030409073
data/multicoil_train/file_brain_AXT2_208_2080348_corrupted.h5,AXT2,16,4,640,320,True,1.494,multicoil_test,0.00025412373
data/multicoil_train/file_brain_AXT2_208_2080287_corrupted.h5,AXT2,16,4,640,320,True,1.494,multicoil_test,0.00028471724
data/multicoil_train/file_brain_AXT2_208_2080727_corrupted.h5,AXT2,16,4,640,320,True,1.494,multicoil_test,0.0003100239
data/multicoil_train/file_brain_AXT2_207_2070395_corrupted.h5,AXT2,16,4,640,320,True,1.494,multicoil_test,0.00029630578
data/multicoil_train/file_brain_AXT2_208_2080297_corrupted.h5,AXT2,16,4,640,320,True,1.494,multicoil_test,0.00025638953
data/multicoil_train/file_brain_AXT2_207_2070124_corrupted.h5,AXT2,16,4,640,320,True,1.494,multicoil_test,0.00030542898
data/multicoil_val/file_brain_AXT2_207_2070617_corrupted.h5,AXT2,16,4,640,320,True,1.494,multicoil_test,0.00023673172
data/multicoil_train/file_brain_AXT2_207_2070136_corrupted.h5,AXT2,16,4,640,320,True,1.494,multicoil_test,0.0002797394
data/multicoil_val/file_brain_AXT2_207_2070200_corrupted.h5,AXT2,16,4,640,320,True,1.494,multicoil_test,0.00030815403
data/multicoil_train/file_brain_AXT2_207_2070052_corrupted.h5,AXT2,16,4,640,320,True,1.494,multicoil_test,0.00029935013
data/multicoil_train/file_brain_AXT2_207_2070176_corrupted.h5,AXT2,16,4,640,320,True,1.494,multicoil_test,0.00034017174
data/multicoil_train/file_brain_AXT2_207_2070530_corrupted.h5,AXT2,16,4,640,320,True,1.494,multicoil_test,0.0003025523
data/multicoil_train/file_brain_AXT2_208_2080168_corrupted.h5,AXT2,16,4,640,320,True,1.494,multicoil_test,0.0002661546
data/multicoil_train/file_brain_AXT2_207_2070249_corrupted.h5,AXT2,16,4,640,320,True,1.494,multicoil_test,0.00031784535
data/multicoil_train/file_brain_AXT2_208_2080560_corrupted.h5,AXT2,16,4,640,320,True,1.494,multicoil_test,0.0003317124
data/multicoil_train/file_brain_AXT2_208_2080706_corrupted.h5,AXT2,16,4,640,320,True,1.494,multicoil_test,0.00032884508
data/multicoil_train/file_brain_AXT2_208_2080180_corrupted.h5,AXT2,16,4,640,320,True,1.494,multicoil_test,0.00031074742
data/multicoil_train/file_brain_AXT2_207_2070648_corrupted.h5,AXT2,16,4,640,320,True,1.494,multicoil_test,0.00029102046
data/multicoil_train/file_brain_AXT2_208_2080437_corrupted.h5,AXT2,16,4,640,320,True,1.494,multicoil_test,0.00022146755
data/multicoil_val/file_brain_AXT2_207_2070748_corrupted.h5,AXT2,16,4,640,320,True,1.494,multicoil_test,0.00027119205
data/multicoil_val/file_brain_AXT2_208_2080074_corrupted.h5,AXT2,16,4,640,320,True,1.494,multicoil_test,0.0002926748
data/multicoil_train/file_brain_AXT2_208_2080233_corrupted.h5,AXT2,16,4,640,320,True,1.494,multicoil_test,0.0003164979
data/multicoil_val/file_brain_AXT2_207_2070441_corrupted.h5,AXT2,16,4,640,320,True,1.494,multicoil_test,0.00033692727
data/multicoil_train/file_brain_AXT2_207_2070581_corrupted.h5,AXT2,16,4,640,320,True,1.494,multicoil_test,0.00027687126
data/multicoil_val/file_brain_AXT2_207_2070718_corrupted.h5,AXT2,16,4,640,320,True,1.494,multicoil_test,0.00029059718
data/multicoil_val/file_brain_AXT2_208_2080279_corrupted.h5,AXT2,16,4,640,320,True,1.494,multicoil_test,0.00030559205
data/multicoil_val/file_brain_AXT2_208_2080366_corrupted.h5,AXT2,16,4,640,320,True,1.494,multicoil_test,0.00027051324
data/multicoil_train/file_brain_AXT2_208_2080569_corrupted.h5,AXT2,16,4,640,320,True,1.494,multicoil_test,0.0003051197
data/multicoil_train/file_brain_AXT2_208_2080247_corrupted.h5,AXT2,16,4,640,320,True,1.494,multicoil_test,0.00031434488
data/multicoil_train/file_brain_AXT2_208_2080703_corrupted.h5,AXT2,16,4,640,320,True,1.494,multicoil_test,0.00027028227
data/multicoil_val/file_brain_AXT2_208_2080596_corrupted.h5,AXT2,16,4,640,320,True,1.494,multicoil_test,0.0003201305
data/multicoil_train/file_brain_AXT2_207_2070103_corrupted.h5,AXT2,16,4,640,320,True,1.494,multicoil_test,0.00026982906
data/multicoil_train/file_brain_AXT2_208_2080083_corrupted.h5,AXT2,16,4,640,320,True,1.494,multicoil_test,0.00036613323
data/multicoil_val/file_brain_AXT2_207_2070371_corrupted.h5,AXT2,16,4,640,320,True,1.494,multicoil_test,0.00034913217
data/multicoil_train/file_brain_AXT2_208_2080207_corrupted.h5,AXT2,16,4,640,320,True,1.494,multicoil_test,0.00028071293
data/multicoil_train/file_brain_AXT2_208_2080394_corrupted.h5,AXT2,16,4,640,320,True,1.494,multicoil_test,0.00027172465
data/multicoil_val/file_brain_AXT2_207_2070410_corrupted.h5,AXT2,16,4,640,320,True,1.494,multicoil_test,0.00021847527
data/multicoil_train/file_brain_AXT2_207_2070392_corrupted.h5,AXT2,16,4,640,320,True,1.494,multicoil_test,0.00030516356
data/multicoil_train/file_brain_AXT2_208_2080139_corrupted.h5,AXT2,16,4,640,320,True,1.494,multicoil_test,0.00027378145
data/multicoil_train/file_brain_AXT2_208_2080695_corrupted.h5,AXT2,16,4,640,320,True,1.494,multicoil_test,0.00033639697
data/multicoil_val/file_brain_AXT2_208_2080577_corrupted.h5,AXT2,16,4,640,320,True,1.494,multicoil_test,0.00028785973
data/multicoil_train/file_brain_AXT2_208_2080715_corrupted.h5,AXT2,16,4,640,320,True,1.494,multicoil_test,0.00034154803
data/multicoil_train/file_brain_AXT2_207_2070679_corrupted.h5,AXT2,16,4,640,320,True,1.494,multicoil_test,0.0003402917
data/multicoil_train/file_brain_AXT2_208_2080445_corrupted.h5,AXT2,16,4,640,320,True,1.494,multicoil_test,0.00029747168
data/multicoil_train/file_brain_AXT2_208_2080583_corrupted.h5,AXT2,16,4,640,320,True,1.494,multicoil_test,0.00023896148
data/multicoil_val/file_brain_AXT2_208_2080268_corrupted.h5,AXT2,16,4,640,320,True,1.494,multicoil_test,0.00031260127
data/multicoil_val/file_brain_AXT2_208_2080058_corrupted.h5,AXT2,16,4,640,320,True,1.494,multicoil_test,0.00021843532
data/multicoil_train/file_brain_AXT2_208_2080537_corrupted.h5,AXT2,16,4,640,320,True,1.494,multicoil_test,0.00024645563
data/multicoil_train/file_brain_AXT2_207_2070007_corrupted.h5,AXT2,16,4,640,320,True,1.494,multicoil_test,0.00028797207
data/multicoil_val/file_brain_AXT2_207_2070714_corrupted.h5,AXT2,16,4,640,320,True,1.494,multicoil_test,0.0003053
data/multicoil_train/file_brain_AXT2_207_2070140_corrupted.h5,AXT2,16,4,640,320,True,1.494,multicoil_test,0.00032158144
data/multicoil_train/file_brain_AXT2_208_2080712_corrupted.h5,AXT2,16,4,640,320,True,1.494,multicoil_test,0.0003169889
data/multicoil_train/file_brain_AXT2_208_2080080_corrupted.h5,AXT2,16,4,640,320,True,1.494,multicoil_test,0.0002555708
data/multicoil_val/file_brain_AXT2_207_2070122_corrupted.h5,AXT2,16,4,640,320,True,1.494,multicoil_test,0.0002447749
data/multicoil_train/file_brain_AXT2_208_2080341_corrupted.h5,AXT2,16,4,640,320,True,1.494,multicoil_test,0.00034536823
data/multicoil_val/file_brain_AXT2_207_2070300_corrupted.h5,AXT2,16,4,640,320,True,1.494,multicoil_test,0.00021348971
data/multicoil_train/file_brain_AXT2_207_2070422_corrupted.h5,AXT2,16,4,640,320,True,1.494,multicoil_test,0.000315028
data/multicoil_train/file_brain_AXT2_207_2070847_corrupted.h5,AXT2,16,4,640,320,True,1.494,multicoil_test,0.00026380227
data/multicoil_train/file_brain_AXT2_207_2070003_corrupted.h5,AXT2,16,4,640,320,True,1.494,multicoil_test,0.00030009437
data/multicoil_train/file_brain_AXT2_207_2070272_corrupted.h5,AXT2,16,4,640,320,True,1.494,multicoil_test,0.00023899971
data/multicoil_train/file_brain_AXT2_207_2070389_corrupted.h5,AXT2,16,4,640,320,True,1.494,multicoil_test,0.00025341476
data/multicoil_train/file_brain_AXT2_207_2070543_corrupted.h5,AXT2,16,4,640,320,True,1.494,multicoil_test,0.00032136746
data/multicoil_train/file_brain_AXT2_208_2080601_corrupted.h5,AXT2,16,4,640,320,True,1.494,multicoil_test,0.00026407695
data/multicoil_val/file_brain_AXT2_208_2080542_corrupted.h5,AXT2,16,4,640,320,True,1.494,multicoil_test,0.000341849
data/multicoil_train/file_brain_AXT2_208_2080284_corrupted.h5,AXT2,16,4,640,320,True,1.494,multicoil_test,0.0003057304
data/multicoil_val/file_brain_AXT2_207_2070373_corrupted.h5,AXT2,16,4,640,320,True,1.494,multicoil_test,0.00029819767
data/multicoil_train/file_brain_AXT2_207_2070712_corrupted.h5,AXT2,16,4,640,320,True,1.494,multicoil_test,0.00032528167
data/multicoil_train/file_brain_AXT2_208_2080050_corrupted.h5,AXT2,16,4,640,320,True,1.494,multicoil_test,0.00033552886
data/multicoil_train/file_brain_AXT2_207_2070343_corrupted.h5,AXT2,16,4,640,320,True,1.494,multicoil_test,0.00024944072
data/multicoil_train/file_brain_AXT2_207_2070605_corrupted.h5,AXT2,16,4,640,320,True,1.494,multicoil_test,0.0002118249
data/multicoil_val/file_brain_AXT2_207_2070645_corrupted.h5,AXT2,16,4,640,320,True,1.494,multicoil_test,0.00027354283
data/multicoil_val/file_brain_AXT2_207_2070231_corrupted.h5,AXT2,16,4,640,320,True,1.494,multicoil_test,0.00030105867
data/multicoil_train/file_brain_AXT2_207_2070372_corrupted.h5,AXT2,16,4,640,320,True,1.494,multicoil_test,0.00033726284
data/multicoil_val/file_brain_AXT2_207_2070146_corrupted.h5,AXT2,16,4,640,320,True,1.494,multicoil_test,0.0003369331
data/multicoil_train/file_brain_AXT2_208_2080598_corrupted.h5,AXT2,16,4,640,320,True,1.494,multicoil_test,0.00029766595
data/multicoil_val/file_brain_AXT2_207_2070609_corrupted.h5,AXT2,16,4,640,320,True,1.494,multicoil_test,0.00031377072
data/multicoil_train/file_brain_AXT2_207_2070403_corrupted.h5,AXT2,16,4,640,320,True,1.494,multicoil_test,0.00032186043
data/multicoil_val/file_brain_AXT2_207_2070344_corrupted.h5,AXT2,16,4,640,320,True,1.494,multicoil_test,0.00029913057
data/multicoil_train/file_brain_AXT2_207_2070172_corrupted.h5,AXT2,16,4,640,320,True,1.494,multicoil_test,0.00024908176
data/multicoil_train/file_brain_AXT2_207_2070065_corrupted.h5,AXT2,16,4,640,320,True,1.494,multicoil_test,0.0002678499
data/multicoil_val/file_brain_AXT2_207_2070066_corrupted.h5,AXT2,16,4,640,320,True,1.494,multicoil_test,0.00030009096
data/multicoil_train/file_brain_AXT2_208_2080260_corrupted.h5,AXT2,16,4,640,320,True,1.494,multicoil_test,0.00029779892
data/multicoil_val/file_brain_AXT2_207_2070045_corrupted.h5,AXT2,16,4,640,320,True,1.494,multicoil_test,0.00020967275
data/multicoil_val/file_brain_AXT2_207_2070434_corrupted.h5,AXT2,16,4,640,320,True,1.494,multicoil_test,0.00030691238
data/multicoil_train/file_brain_AXT2_208_2080138_corrupted.h5,AXT2,16,4,640,320,True,1.494,multicoil_test,0.00029816653
data/multicoil_train/file_brain_AXT2_207_2070089_corrupted.h5,AXT2,16,4,640,320,True,1.494,multicoil_test,0.00025648045
data/multicoil_train/file_brain_AXT2_208_2080269_corrupted.h5,AXT2,16,4,640,320,True,1.494,multicoil_test,0.00027630883
data/multicoil_train/file_brain_AXT2_208_2080072_corrupted.h5,AXT2,16,4,640,320,True,1.494,multicoil_test,0.00033101
data/multicoil_train/file_brain_AXT2_208_2080170_corrupted.h5,AXT2,16,4,640,320,True,1.494,multicoil_test,0.00019899396
data/multicoil_val/file_brain_AXT2_208_2080251_corrupted.h5,AXT2,16,4,640,320,True,1.494,multicoil_test,0.00024633438
data/multicoil_train/file_brain_AXT2_207_2070086_corrupted.h5,AXT2,16,4,640,320,True,1.494,multicoil_test,0.00031578168
data/multicoil_train/file_brain_AXT2_208_2080205_corrupted.h5,AXT2,16,4,640,320,True,1.494,multicoil_test,0.0003595543
data/multicoil_train/file_brain_AXT2_207_2070535_corrupted.h5,AXT2,16,4,640,320,True,1.494,multicoil_test,0.000347013
data/multicoil_val/file_brain_AXT2_207_2070232_corrupted.h5,AXT2,16,4,640,320,True,1.494,multicoil_test,0.0003535831
data/multicoil_val/file_brain_AXT2_208_2080424_corrupted.h5,AXT2,16,4,640,320,True,1.494,multicoil_test,0.00033644604
data/multicoil_val/file_brain_AXT2_208_2080602_corrupted.h5,AXT2,16,4,640,320,True,1.494,multicoil_test,0.00032838833
data/multicoil_train/file_brain_AXT2_208_2080026_corrupted.h5,AXT2,16,4,640,320,True,1.494,multicoil_test,0.0002613325
data/multicoil_train/file_brain_AXT2_207_2070427_corrupted.h5,AXT2,16,4,640,320,True,1.494,multicoil_test,0.0003201965
data/multicoil_train/file_brain_AXT2_208_2080594_corrupted.h5,AXT2,16,4,640,320,True,1.494,multicoil_test,0.0002509079
data/multicoil_val/file_brain_AXT2_207_2070798_corrupted.h5,AXT2,16,4,640,320,True,1.494,multicoil_test,0.00033372678
data/multicoil_train/file_brain_AXT2_207_2070559_corrupted.h5,AXT2,16,4,640,320,True,1.494,multicoil_test,0.0002781817
data/multicoil_val/file_brain_AXT2_207_2070578_corrupted.h5,AXT2,16,4,640,320,True,1.494,multicoil_test,0.0003091318
data/multicoil_train/file_brain_AXT2_207_2070408_corrupted.h5,AXT2,16,4,640,320,True,1.494,multicoil_test,0.00020164481
data/multicoil_train/file_brain_AXT2_207_2070545_corrupted.h5,AXT2,16,4,640,320,True,1.494,multicoil_test,0.0003848383
data/multicoil_val/file_brain_AXT2_208_2080564_corrupted.h5,AXT2,16,4,640,320,True,1.494,multicoil_test,0.00032675054
data/multicoil_train/file_brain_AXT2_207_2070285_corrupted.h5,AXT2,16,4,640,320,True,1.494,multicoil_test,0.00021555054
data/multicoil_train/file_brain_AXT2_208_2080466_corrupted.h5,AXT2,16,4,640,320,True,1.494,multicoil_test,0.00024259501
data/multicoil_train/file_brain_AXT2_207_2070436_corrupted.h5,AXT2,16,4,640,320,True,1.494,multicoil_test,0.00023517052
data/multicoil_train/file_brain_AXT2_207_2070416_corrupted.h5,AXT2,16,4,640,320,True,1.494,multicoil_test,0.00029210243
data/multicoil_train/file_brain_AXT2_207_2070736_corrupted.h5,AXT2,16,4,640,320,True,1.494,multicoil_test,0.00036712826
data/multicoil_train/file_brain_AXT2_207_2070164_corrupted.h5,AXT2,16,4,640,320,True,1.494,multicoil_test,0.00026310945
data/multicoil_train/file_brain_AXT2_208_2080412_corrupted.h5,AXT2,16,4,640,320,True,1.494,multicoil_test,0.00024463586
data/multicoil_train/file_brain_AXT2_207_2070611_corrupted.h5,AXT2,16,4,640,320,True,1.494,multicoil_test,0.0002796827
data/multicoil_val/file_brain_AXT2_208_2080555_corrupted.h5,AXT2,16,4,640,320,True,1.494,multicoil_test,0.00021009502
data/multicoil_train/file_brain_AXT2_208_2080303_corrupted.h5,AXT2,16,4,640,320,True,1.494,multicoil_test,0.00028853957
data/multicoil_val/file_brain_AXT2_208_2080461_corrupted.h5,AXT2,16,4,640,320,True,1.494,multicoil_test,0.0002080777
data/multicoil_train/file_brain_AXT2_207_2070456_corrupted.h5,AXT2,16,4,640,320,True,1.494,multicoil_test,0.00021407286
data/multicoil_train/file_brain_AXT2_207_2070106_corrupted.h5,AXT2,16,4,640,320,True,1.494,multicoil_test,0.00035637378
data/multicoil_train/file_brain_AXT2_207_2070724_corrupted.h5,AXT2,16,4,640,320,True,1.494,multicoil_test,0.00022189145
data/multicoil_train/file_brain_AXT2_208_2080630_corrupted.h5,AXT2,16,4,640,320,True,1.494,multicoil_test,0.00023432435
data/multicoil_train/file_brain_AXT2_207_2070571_corrupted.h5,AXT2,16,4,640,320,True,1.494,multicoil_test,0.00028653129
data/multicoil_train/file_brain_AXT2_208_2080157_corrupted.h5,AXT2,16,4,640,320,True,1.494,multicoil_test,0.00032751617
data/multicoil_val/file_brain_AXT2_208_2080441_corrupted.h5,AXT2,16,4,640,320,True,1.494,multicoil_test,0.00031362657
data/multicoil_val/file_brain_AXT2_208_2080229_corrupted.h5,AXT2,16,4,640,320,True,1.494,multicoil_test,0.0003366673
data/multicoil_val/file_brain_AXT2_207_2070070_corrupted.h5,AXT2,16,4,640,320,True,1.494,multicoil_test,0.0002688075
data/multicoil_train/file_brain_AXT2_207_2070777_corrupted.h5,AXT2,16,4,640,320,True,1.494,multicoil_test,0.00020483008
data/multicoil_train/file_brain_AXT2_207_2070551_corrupted.h5,AXT2,16,4,640,320,True,1.494,multicoil_test,0.00029162725
data/multicoil_val/file_brain_AXT2_208_2080307_corrupted.h5,AXT2,16,4,640,320,True,1.494,multicoil_test,0.00028223728
data/multicoil_train/file_brain_AXT2_207_2070726_corrupted.h5,AXT2,16,4,640,320,True,1.494,multicoil_test,0.00031115883
data/multicoil_train/file_brain_AXT2_207_2070134_corrupted.h5,AXT2,16,4,640,320,True,1.494,multicoil_test,0.00026711015
data/multicoil_train/file_brain_AXT2_208_2080330_corrupted.h5,AXT2,16,4,640,320,True,1.494,multicoil_test,0.0002578778
data/multicoil_train/file_brain_AXT2_208_2080262_corrupted.h5,AXT2,16,4,640,320,True,1.494,multicoil_test,0.00020571557
data/multicoil_train/file_brain_AXT2_207_2070142_corrupted.h5,AXT2,16,4,640,320,True,1.494,multicoil_test,0.0003264924
data/multicoil_train/file_brain_AXT2_207_2070211_corrupted.h5,AXT2,16,4,640,320,True,1.494,multicoil_test,0.00026480074
data/multicoil_train/file_brain_AXT2_207_2070355_corrupted.h5,AXT2,16,4,640,320,True,1.494,multicoil_test,0.0002452173
data/multicoil_train/file_brain_AXT2_207_2070266_corrupted.h5,AXT2,16,4,640,320,True,1.494,multicoil_test,0.00034119745
data/multicoil_train/file_brain_AXT2_207_2070352_corrupted.h5,AXT2,16,4,640,320,True,1.494,multicoil_test,0.00027447473
data/multicoil_train/file_brain_AXT2_207_2070746_corrupted.h5,AXT2,16,4,640,320,True,1.494,multicoil_test,0.00030014457
data/multicoil_train/file_brain_AXT2_207_2070486_corrupted.h5,AXT2,16,4,640,320,True,1.494,multicoil_test,0.0003011389
