mode,path,acquisition,slices,receiverChannels,height,width,corrupted,systemFieldStrength_T
multicoil_train,data\multicoil_train\file_brain_AXT1PRE_203_6000614.h5,AXT1PRE,16,4,640,320,False,2.8936
multicoil_train,data\multicoil_train\file_brain_AXT1PRE_203_6000614_corrupted.h5,AXT1PRE,16,4,640,320,True,2.8936
multicoil_train,data\multicoil_train\file_brain_AXT1PRE_203_6000616.h5,AXT1PRE,16,4,640,320,False,2.8936
multicoil_train,data\multicoil_train\file_brain_AXT1PRE_203_6000616_corrupted.h5,AXT1PRE,16,4,640,320,True,2.8936
multicoil_train,data\multicoil_train\file_brain_AXT1PRE_203_6000620.h5,AXT1PRE,16,4,640,320,False,2.8936
multicoil_train,data\multicoil_train\file_brain_AXT1PRE_203_6000620_corrupted.h5,AXT1PRE,16,4,640,320,True,2.8936
multicoil_train,data\multicoil_train\file_brain_AXT1PRE_203_6000627.h5,AXT1PRE,16,4,640,320,False,2.8936
multicoil_train,data\multicoil_train\file_brain_AXT1PRE_203_6000627_corrupted.h5,AXT1PRE,16,4,640,320,True,2.8936
multicoil_train,data\multicoil_train\file_brain_AXT1PRE_203_6000629.h5,AXT1PRE,16,4,640,320,False,2.8936
multicoil_train,data\multicoil_train\file_brain_AXT1PRE_203_6000629_corrupted.h5,AXT1PRE,16,4,640,320,True,2.8936
multicoil_train,data\multicoil_train\file_brain_AXT1PRE_203_6000633.h5,AXT1PRE,16,4,640,320,False,2.8936
multicoil_train,data\multicoil_train\file_brain_AXT1PRE_203_6000633_corrupted.h5,AXT1PRE,16,4,640,320,True,2.8936
multicoil_train,data\multicoil_train\file_brain_AXT1PRE_203_6000635.h5,AXT1PRE,16,4,640,320,False,2.8936
multicoil_train,data\multicoil_train\file_brain_AXT1PRE_203_6000635_corrupted.h5,AXT1PRE,16,4,640,320,True,2.8936
multicoil_train,data\multicoil_train\file_brain_AXT1PRE_203_6000639.h5,AXT1PRE,16,4,640,320,False,2.8936
multicoil_train,data\multicoil_train\file_brain_AXT1PRE_203_6000639_corrupted.h5,AXT1PRE,16,4,640,320,True,2.8936
multicoil_train,data\multicoil_train\file_brain_AXT1PRE_203_6000641.h5,AXT1PRE,16,4,640,320,False,2.8936
multicoil_train,data\multicoil_train\file_brain_AXT1PRE_203_6000641_corrupted.h5,AXT1PRE,16,4,640,320,True,2.8936
multicoil_train,data\multicoil_train\file_brain_AXT1PRE_203_6000643.h5,AXT1PRE,16,4,640,320,False,2.8936
multicoil_train,data\multicoil_train\file_brain_AXT1PRE_203_6000643_corrupted.h5,AXT1PRE,16,4,640,320,True,2.8936
multicoil_train,data\multicoil_train\file_brain_AXT1PRE_203_6000647.h5,AXT1PRE,16,4,640,320,False,2.8936
multicoil_train,data\multicoil_train\file_brain_AXT1PRE_203_6000647_corrupted.h5,AXT1PRE,16,4,640,320,True,2.8936
multicoil_train,data\multicoil_train\file_brain_AXT1PRE_203_6000653.h5,AXT1PRE,16,4,640,320,False,2.8936
multicoil_train,data\multicoil_train\file_brain_AXT1PRE_203_6000653_corrupted.h5,AXT1PRE,16,4,640,320,True,2.8936
multicoil_train,data\multicoil_train\file_brain_AXT1PRE_203_6000655.h5,AXT1PRE,16,4,640,320,False,2.8936
multicoil_train,data\multicoil_train\file_brain_AXT1PRE_203_6000655_corrupted.h5,AXT1PRE,16,4,640,320,True,2.8936
multicoil_train,data\multicoil_train\file_brain_AXT1PRE_203_6000658.h5,AXT1PRE,16,4,640,320,False,2.8936
multicoil_train,data\multicoil_train\file_brain_AXT1PRE_203_6000658_corrupted.h5,AXT1PRE,16,4,640,320,True,2.8936
multicoil_train,data\multicoil_train\file_brain_AXT1PRE_203_6000660.h5,AXT1PRE,16,4,640,320,False,2.8936
multicoil_train,data\multicoil_train\file_brain_AXT1PRE_203_6000660_corrupted.h5,AXT1PRE,16,4,640,320,True,2.8936
multicoil_train,data\multicoil_train\file_brain_AXT1PRE_203_6000664.h5,AXT1PRE,16,4,640,320,False,2.8936
multicoil_train,data\multicoil_train\file_brain_AXT1PRE_203_6000664_corrupted.h5,AXT1PRE,16,4,640,320,True,2.8936
multicoil_train,data\multicoil_train\file_brain_AXT1PRE_203_6000668.h5,AXT1PRE,16,4,640,320,False,2.8936
multicoil_train,data\multicoil_train\file_brain_AXT1PRE_203_6000668_corrupted.h5,AXT1PRE,16,4,640,320,True,2.8936
multicoil_train,data\multicoil_train\file_brain_AXT1PRE_203_6000672.h5,AXT1PRE,16,4,640,320,False,2.8936
multicoil_train,data\multicoil_train\file_brain_AXT1PRE_203_6000672_corrupted.h5,AXT1PRE,16,4,640,320,True,2.8936
multicoil_train,data\multicoil_train\file_brain_AXT1PRE_203_6000674.h5,AXT1PRE,16,4,640,320,False,2.8936
multicoil_train,data\multicoil_train\file_brain_AXT1PRE_203_6000674_corrupted.h5,AXT1PRE,16,4,640,320,True,2.8936
multicoil_train,data\multicoil_train\file_brain_AXT1PRE_203_6000676.h5,AXT1PRE,16,4,640,320,False,2.8936
multicoil_train,data\multicoil_train\file_brain_AXT1PRE_203_6000676_corrupted.h5,AXT1PRE,16,4,640,320,True,2.8936
multicoil_train,data\multicoil_train\file_brain_AXT1PRE_203_6000679.h5,AXT1PRE,16,4,640,320,False,2.8936
multicoil_train,data\multicoil_train\file_brain_AXT1PRE_203_6000679_corrupted.h5,AXT1PRE,16,4,640,320,True,2.8936
multicoil_train,data\multicoil_train\file_brain_AXT1PRE_203_6000683.h5,AXT1PRE,16,4,640,320,False,2.8936
multicoil_train,data\multicoil_train\file_brain_AXT1PRE_203_6000683_corrupted.h5,AXT1PRE,16,4,640,320,True,2.8936
multicoil_train,data\multicoil_train\file_brain_AXT1PRE_203_6000685.h5,AXT1PRE,16,4,640,320,False,2.8936
multicoil_train,data\multicoil_train\file_brain_AXT1PRE_203_6000685_corrupted.h5,AXT1PRE,16,4,640,320,True,2.8936
multicoil_train,data\multicoil_train\file_brain_AXT1PRE_203_6000689.h5,AXT1PRE,16,4,640,320,False,2.8936
multicoil_train,data\multicoil_train\file_brain_AXT1PRE_203_6000689_corrupted.h5,AXT1PRE,16,4,640,320,True,2.8936
multicoil_train,data\multicoil_train\file_brain_AXT1PRE_203_6000691.h5,AXT1PRE,16,4,640,320,False,2.8936
multicoil_train,data\multicoil_train\file_brain_AXT1PRE_203_6000691_corrupted.h5,AXT1PRE,16,4,640,320,True,2.8936
multicoil_train,data\multicoil_train\file_brain_AXT1PRE_203_6000695.h5,AXT1PRE,16,4,640,320,False,2.8936
multicoil_train,data\multicoil_train\file_brain_AXT1PRE_203_6000695_corrupted.h5,AXT1PRE,16,4,640,320,True,2.8936
multicoil_train,data\multicoil_train\file_brain_AXT1PRE_203_6000699.h5,AXT1PRE,16,4,640,320,False,2.8936
multicoil_train,data\multicoil_train\file_brain_AXT1PRE_203_6000699_corrupted.h5,AXT1PRE,16,4,640,320,True,2.8936
multicoil_train,data\multicoil_train\file_brain_AXT1PRE_203_6000701.h5,AXT1PRE,16,4,640,320,False,2.8936
multicoil_train,data\multicoil_train\file_brain_AXT1PRE_203_6000701_corrupted.h5,AXT1PRE,16,4,640,320,True,2.8936
multicoil_train,data\multicoil_train\file_brain_AXT1PRE_203_6000705.h5,AXT1PRE,16,4,640,320,False,2.8936
multicoil_train,data\multicoil_train\file_brain_AXT1PRE_203_6000705_corrupted.h5,AXT1PRE,16,4,640,320,True,2.8936
multicoil_train,data\multicoil_train\file_brain_AXT1PRE_203_6000707.h5,AXT1PRE,16,4,640,320,False,2.8936
multicoil_train,data\multicoil_train\file_brain_AXT1PRE_203_6000707_corrupted.h5,AXT1PRE,16,4,640,320,True,2.8936
multicoil_train,data\multicoil_train\file_brain_AXT1PRE_203_6000709.h5,AXT1PRE,16,4,640,320,False,2.8936
multicoil_train,data\multicoil_train\file_brain_AXT1PRE_203_6000709_corrupted.h5,AXT1PRE,16,4,640,320,True,2.8936
multicoil_train,data\multicoil_train\file_brain_AXT1PRE_203_6000711.h5,AXT1PRE,16,4,640,320,False,2.8936
multicoil_train,data\multicoil_train\file_brain_AXT1PRE_203_6000711_corrupted.h5,AXT1PRE,16,4,640,320,True,2.8936
multicoil_train,data\multicoil_train\file_brain_AXT1PRE_203_6000715.h5,AXT1PRE,16,4,640,320,False,2.8936
multicoil_train,data\multicoil_train\file_brain_AXT1PRE_203_6000715_corrupted.h5,AXT1PRE,16,4,640,320,True,2.8936
multicoil_train,data\multicoil_train\file_brain_AXT1PRE_203_6000717.h5,AXT1PRE,16,4,640,320,False,2.8936
multicoil_train,data\multicoil_train\file_brain_AXT1PRE_203_6000717_corrupted.h5,AXT1PRE,16,4,640,320,True,2.8936
multicoil_train,data\multicoil_train\file_brain_AXT1PRE_203_6000719.h5,AXT1PRE,16,4,640,320,False,2.8936
multicoil_train,data\multicoil_train\file_brain_AXT1PRE_203_6000719_corrupted.h5,AXT1PRE,16,4,640,320,True,2.8936
multicoil_train,data\multicoil_train\file_brain_AXT1PRE_203_6000721.h5,AXT1PRE,16,4,640,320,False,2.8936
multicoil_train,data\multicoil_train\file_brain_AXT1PRE_203_6000721_corrupted.h5,AXT1PRE,16,4,640,320,True,2.8936
multicoil_train,data\multicoil_train\file_brain_AXT1PRE_203_6000724.h5,AXT1PRE,16,4,640,320,False,2.8936
multicoil_train,data\multicoil_train\file_brain_AXT1PRE_203_6000724_corrupted.h5,AXT1PRE,16,4,640,320,True,2.8936
multicoil_train,data\multicoil_train\file_brain_AXT1PRE_203_6000726.h5,AXT1PRE,16,4,640,320,False,2.8936
multicoil_train,data\multicoil_train\file_brain_AXT1PRE_203_6000726_corrupted.h5,AXT1PRE,16,4,640,320,True,2.8936
multicoil_train,data\multicoil_train\file_brain_AXT1PRE_203_6000728.h5,AXT1PRE,16,4,640,320,False,2.8936
multicoil_train,data\multicoil_train\file_brain_AXT1PRE_203_6000728_corrupted.h5,AXT1PRE,16,4,640,320,True,2.8936
multicoil_train,data\multicoil_train\file_brain_AXT1PRE_203_6000730.h5,AXT1PRE,16,4,640,320,False,2.8936
multicoil_train,data\multicoil_train\file_brain_AXT1PRE_203_6000730_corrupted.h5,AXT1PRE,16,4,640,320,True,2.8936
multicoil_train,data\multicoil_train\file_brain_AXT1PRE_203_6000734.h5,AXT1PRE,16,4,640,320,False,2.8936
multicoil_train,data\multicoil_train\file_brain_AXT1PRE_203_6000734_corrupted.h5,AXT1PRE,16,4,640,320,True,2.8936
multicoil_train,data\multicoil_train\file_brain_AXT1PRE_203_6000736.h5,AXT1PRE,16,4,640,320,False,2.8936
multicoil_train,data\multicoil_train\file_brain_AXT1PRE_203_6000736_corrupted.h5,AXT1PRE,16,4,640,320,True,2.8936
multicoil_train,data\multicoil_train\file_brain_AXT1PRE_203_6000740.h5,AXT1PRE,16,4,640,320,False,2.8936
multicoil_train,data\multicoil_train\file_brain_AXT1PRE_203_6000740_corrupted.h5,AXT1PRE,16,4,640,320,True,2.8936
multicoil_train,data\multicoil_train\file_brain_AXT1PRE_203_6000744.h5,AXT1PRE,16,4,640,320,False,2.8936
multicoil_train,data\multicoil_train\file_brain_AXT1PRE_203_6000744_corrupted.h5,AXT1PRE,16,4,640,320,True,2.8936
multicoil_train,data\multicoil_train\file_brain_AXT1PRE_203_6000752.h5,AXT1PRE,16,4,640,320,False,2.8936
multicoil_train,data\multicoil_train\file_brain_AXT1PRE_203_6000752_corrupted.h5,AXT1PRE,16,4,640,320,True,2.8936
multicoil_train,data\multicoil_train\file_brain_AXT1PRE_203_6000761.h5,AXT1PRE,16,4,640,320,False,2.8936
multicoil_train,data\multicoil_train\file_brain_AXT1PRE_203_6000761_corrupted.h5,AXT1PRE,16,4,640,320,True,2.8936
multicoil_train,data\multicoil_train\file_brain_AXT1PRE_203_6000763.h5,AXT1PRE,16,4,640,320,False,2.8936
multicoil_train,data\multicoil_train\file_brain_AXT1PRE_203_6000763_corrupted.h5,AXT1PRE,16,4,640,320,True,2.8936
multicoil_train,data\multicoil_train\file_brain_AXT1PRE_203_6000769.h5,AXT1PRE,16,4,640,320,False,2.8936
multicoil_train,data\multicoil_train\file_brain_AXT1PRE_203_6000769_corrupted.h5,AXT1PRE,16,4,640,320,True,2.8936
multicoil_train,data\multicoil_train\file_brain_AXT1PRE_203_6000771.h5,AXT1PRE,16,4,640,320,False,2.8936
multicoil_train,data\multicoil_train\file_brain_AXT1PRE_203_6000771_corrupted.h5,AXT1PRE,16,4,640,320,True,2.8936
multicoil_train,data\multicoil_train\file_brain_AXT1PRE_203_6000773.h5,AXT1PRE,16,4,640,320,False,2.8936
multicoil_train,data\multicoil_train\file_brain_AXT1PRE_203_6000773_corrupted.h5,AXT1PRE,16,4,640,320,True,2.8936
multicoil_train,data\multicoil_train\file_brain_AXT1PRE_203_6000775.h5,AXT1PRE,16,4,640,320,False,2.8936
multicoil_train,data\multicoil_train\file_brain_AXT1PRE_203_6000775_corrupted.h5,AXT1PRE,16,4,640,320,True,2.8936
multicoil_train,data\multicoil_train\file_brain_AXT1PRE_203_6000779.h5,AXT1PRE,16,4,640,320,False,2.8936
multicoil_train,data\multicoil_train\file_brain_AXT1PRE_203_6000779_corrupted.h5,AXT1PRE,16,4,640,320,True,2.8936
multicoil_train,data\multicoil_train\file_brain_AXT1PRE_203_6000781.h5,AXT1PRE,16,4,640,320,False,2.8936
multicoil_train,data\multicoil_train\file_brain_AXT1PRE_203_6000781_corrupted.h5,AXT1PRE,16,4,640,320,True,2.8936
multicoil_train,data\multicoil_train\file_brain_AXT1PRE_203_6000785.h5,AXT1PRE,16,4,640,320,False,2.8936
multicoil_train,data\multicoil_train\file_brain_AXT1PRE_203_6000785_corrupted.h5,AXT1PRE,16,4,640,320,True,2.8936
multicoil_train,data\multicoil_train\file_brain_AXT1PRE_203_6000787.h5,AXT1PRE,16,4,640,320,False,2.8936
multicoil_train,data\multicoil_train\file_brain_AXT1PRE_203_6000787_corrupted.h5,AXT1PRE,16,4,640,320,True,2.8936
multicoil_train,data\multicoil_train\file_brain_AXT1PRE_203_6000789.h5,AXT1PRE,16,4,640,320,False,2.8936
multicoil_train,data\multicoil_train\file_brain_AXT1PRE_203_6000789_corrupted.h5,AXT1PRE,16,4,640,320,True,2.8936
multicoil_train,data\multicoil_train\file_brain_AXT1PRE_203_6000791.h5,AXT1PRE,16,4,640,320,False,2.8936
multicoil_train,data\multicoil_train\file_brain_AXT1PRE_203_6000791_corrupted.h5,AXT1PRE,16,4,640,320,True,2.8936
multicoil_train,data\multicoil_train\file_brain_AXT1PRE_203_6000795.h5,AXT1PRE,16,4,640,320,False,2.8936
multicoil_train,data\multicoil_train\file_brain_AXT1PRE_203_6000795_corrupted.h5,AXT1PRE,16,4,640,320,True,2.8936
multicoil_train,data\multicoil_train\file_brain_AXT1PRE_203_6000801.h5,AXT1PRE,16,4,640,320,False,2.8936
multicoil_train,data\multicoil_train\file_brain_AXT1PRE_203_6000801_corrupted.h5,AXT1PRE,16,4,640,320,True,2.8936
multicoil_train,data\multicoil_train\file_brain_AXT1PRE_203_6000805.h5,AXT1PRE,16,4,640,320,False,2.8936
multicoil_train,data\multicoil_train\file_brain_AXT1PRE_203_6000805_corrupted.h5,AXT1PRE,16,4,640,320,True,2.8936
multicoil_train,data\multicoil_train\file_brain_AXT1PRE_203_6000807.h5,AXT1PRE,16,4,640,320,False,2.8936
multicoil_train,data\multicoil_train\file_brain_AXT1PRE_203_6000807_corrupted.h5,AXT1PRE,16,4,640,320,True,2.8936
multicoil_train,data\multicoil_train\file_brain_AXT1PRE_203_6000811.h5,AXT1PRE,16,4,640,320,False,2.8936
multicoil_train,data\multicoil_train\file_brain_AXT1PRE_203_6000811_corrupted.h5,AXT1PRE,16,4,640,320,True,2.8936
multicoil_train,data\multicoil_train\file_brain_AXT1PRE_203_6000821.h5,AXT1PRE,16,4,640,320,False,2.8936
multicoil_train,data\multicoil_train\file_brain_AXT1PRE_203_6000821_corrupted.h5,AXT1PRE,16,4,640,320,True,2.8936
multicoil_train,data\multicoil_train\file_brain_AXT1PRE_203_6000823.h5,AXT1PRE,16,4,640,320,False,2.8936
multicoil_train,data\multicoil_train\file_brain_AXT1PRE_203_6000823_corrupted.h5,AXT1PRE,16,4,640,320,True,2.8936
multicoil_train,data\multicoil_train\file_brain_AXT1PRE_203_6000826.h5,AXT1PRE,16,4,640,320,False,2.8936
multicoil_train,data\multicoil_train\file_brain_AXT1PRE_203_6000826_corrupted.h5,AXT1PRE,16,4,640,320,True,2.8936
multicoil_train,data\multicoil_train\file_brain_AXT1PRE_203_6000829.h5,AXT1PRE,16,4,640,320,False,2.8936
multicoil_train,data\multicoil_train\file_brain_AXT1PRE_203_6000829_corrupted.h5,AXT1PRE,16,4,640,320,True,2.8936
multicoil_train,data\multicoil_train\file_brain_AXT1PRE_203_6000833.h5,AXT1PRE,16,4,640,320,False,2.8936
multicoil_train,data\multicoil_train\file_brain_AXT1PRE_203_6000833_corrupted.h5,AXT1PRE,16,4,640,320,True,2.8936
multicoil_train,data\multicoil_train\file_brain_AXT1PRE_203_6000835.h5,AXT1PRE,16,4,640,320,False,2.8936
multicoil_train,data\multicoil_train\file_brain_AXT1PRE_203_6000835_corrupted.h5,AXT1PRE,16,4,640,320,True,2.8936
multicoil_train,data\multicoil_train\file_brain_AXT1PRE_203_6000837.h5,AXT1PRE,16,4,640,320,False,2.8936
multicoil_train,data\multicoil_train\file_brain_AXT1PRE_203_6000837_corrupted.h5,AXT1PRE,16,4,640,320,True,2.8936
multicoil_train,data\multicoil_train\file_brain_AXT1PRE_203_6000843.h5,AXT1PRE,16,4,640,320,False,2.8936
multicoil_train,data\multicoil_train\file_brain_AXT1PRE_203_6000843_corrupted.h5,AXT1PRE,16,4,640,320,True,2.8936
multicoil_train,data\multicoil_train\file_brain_AXT1PRE_203_6000847.h5,AXT1PRE,16,4,640,320,False,2.8936
multicoil_train,data\multicoil_train\file_brain_AXT1PRE_203_6000847_corrupted.h5,AXT1PRE,16,4,640,320,True,2.8936
multicoil_train,data\multicoil_train\file_brain_AXT1PRE_203_6000851.h5,AXT1PRE,16,4,640,320,False,2.8936
multicoil_train,data\multicoil_train\file_brain_AXT1PRE_203_6000851_corrupted.h5,AXT1PRE,16,4,640,320,True,2.8936
multicoil_train,data\multicoil_train\file_brain_AXT1PRE_203_6000856.h5,AXT1PRE,16,4,640,320,False,2.8936
multicoil_train,data\multicoil_train\file_brain_AXT1PRE_203_6000856_corrupted.h5,AXT1PRE,16,4,640,320,True,2.8936
multicoil_train,data\multicoil_train\file_brain_AXT1PRE_203_6000860.h5,AXT1PRE,16,4,640,320,False,2.8936
multicoil_train,data\multicoil_train\file_brain_AXT1PRE_203_6000860_corrupted.h5,AXT1PRE,16,4,640,320,True,2.8936
multicoil_train,data\multicoil_train\file_brain_AXT1PRE_203_6000862.h5,AXT1PRE,16,4,640,320,False,2.8936
multicoil_train,data\multicoil_train\file_brain_AXT1PRE_203_6000862_corrupted.h5,AXT1PRE,16,4,640,320,True,2.8936
multicoil_train,data\multicoil_train\file_brain_AXT1PRE_203_6000864.h5,AXT1PRE,16,4,640,320,False,2.8936
multicoil_train,data\multicoil_train\file_brain_AXT1PRE_203_6000864_corrupted.h5,AXT1PRE,16,4,640,320,True,2.8936
multicoil_train,data\multicoil_train\file_brain_AXT1PRE_203_6000873.h5,AXT1PRE,16,4,640,320,False,2.8936
multicoil_train,data\multicoil_train\file_brain_AXT1PRE_203_6000873_corrupted.h5,AXT1PRE,16,4,640,320,True,2.8936
multicoil_train,data\multicoil_train\file_brain_AXT1PRE_203_6000876.h5,AXT1PRE,16,4,640,320,False,2.8936
multicoil_train,data\multicoil_train\file_brain_AXT1PRE_203_6000876_corrupted.h5,AXT1PRE,16,4,640,320,True,2.8936
multicoil_train,data\multicoil_train\file_brain_AXT1PRE_203_6000879.h5,AXT1PRE,16,4,640,320,False,2.8936
multicoil_train,data\multicoil_train\file_brain_AXT1PRE_203_6000879_corrupted.h5,AXT1PRE,16,4,640,320,True,2.8936
multicoil_train,data\multicoil_train\file_brain_AXT1PRE_203_6000885.h5,AXT1PRE,16,4,640,320,False,2.8936
multicoil_train,data\multicoil_train\file_brain_AXT1PRE_203_6000885_corrupted.h5,AXT1PRE,16,4,640,320,True,2.8936
multicoil_train,data\multicoil_train\file_brain_AXT1PRE_203_6000888.h5,AXT1PRE,16,4,640,320,False,2.8936
multicoil_train,data\multicoil_train\file_brain_AXT1PRE_203_6000888_corrupted.h5,AXT1PRE,16,4,640,320,True,2.8936
multicoil_train,data\multicoil_train\file_brain_AXT1PRE_203_6000894.h5,AXT1PRE,16,4,640,320,False,2.8936
multicoil_train,data\multicoil_train\file_brain_AXT1PRE_203_6000894_corrupted.h5,AXT1PRE,16,4,640,320,True,2.8936
multicoil_train,data\multicoil_train\file_brain_AXT2_203_2030004.h5,AXT2,16,4,768,392,False,2.8936
multicoil_train,data\multicoil_train\file_brain_AXT2_203_2030004_corrupted.h5,AXT2,16,4,768,392,True,2.8936
multicoil_train,data\multicoil_train\file_brain_AXT2_203_2030007.h5,AXT2,16,4,768,392,False,2.8936
multicoil_train,data\multicoil_train\file_brain_AXT2_203_2030007_corrupted.h5,AXT2,16,4,768,392,True,2.8936
multicoil_train,data\multicoil_train\file_brain_AXT2_203_2030012.h5,AXT2,16,4,768,392,False,2.8936
multicoil_train,data\multicoil_train\file_brain_AXT2_203_2030012_corrupted.h5,AXT2,16,4,768,392,True,2.8936
multicoil_train,data\multicoil_train\file_brain_AXT2_203_2030016.h5,AXT2,16,4,768,392,False,2.8936
multicoil_train,data\multicoil_train\file_brain_AXT2_203_2030016_corrupted.h5,AXT2,16,4,768,392,True,2.8936
multicoil_train,data\multicoil_train\file_brain_AXT2_203_2030019.h5,AXT2,16,4,768,392,False,2.8936
multicoil_train,data\multicoil_train\file_brain_AXT2_203_2030019_corrupted.h5,AXT2,16,4,768,392,True,2.8936
multicoil_train,data\multicoil_train\file_brain_AXT2_203_2030023.h5,AXT2,16,4,768,392,False,2.8936
multicoil_train,data\multicoil_train\file_brain_AXT2_203_2030023_corrupted.h5,AXT2,16,4,768,392,True,2.8936
multicoil_train,data\multicoil_train\file_brain_AXT2_203_2030029.h5,AXT2,16,4,768,392,False,2.8936
multicoil_train,data\multicoil_train\file_brain_AXT2_203_2030029_corrupted.h5,AXT2,16,4,768,392,True,2.8936
multicoil_train,data\multicoil_train\file_brain_AXT2_203_2030045.h5,AXT2,16,4,768,392,False,2.8936
multicoil_train,data\multicoil_train\file_brain_AXT2_203_2030045_corrupted.h5,AXT2,16,4,768,392,True,2.8936
multicoil_train,data\multicoil_train\file_brain_AXT2_203_2030047.h5,AXT2,16,4,768,392,False,2.8936
multicoil_train,data\multicoil_train\file_brain_AXT2_203_2030047_corrupted.h5,AXT2,16,4,768,392,True,2.8936
multicoil_train,data\multicoil_train\file_brain_AXT2_203_2030049.h5,AXT2,16,4,768,392,False,2.8936
multicoil_train,data\multicoil_train\file_brain_AXT2_203_2030049_corrupted.h5,AXT2,16,4,768,392,True,2.8936
multicoil_train,data\multicoil_train\file_brain_AXT2_203_2030065.h5,AXT2,16,4,768,392,False,2.8936
multicoil_train,data\multicoil_train\file_brain_AXT2_203_2030065_corrupted.h5,AXT2,16,4,768,392,True,2.8936
multicoil_train,data\multicoil_train\file_brain_AXT2_203_2030067.h5,AXT2,16,4,768,392,False,2.8936
multicoil_train,data\multicoil_train\file_brain_AXT2_203_2030067_corrupted.h5,AXT2,16,4,768,392,True,2.8936
multicoil_train,data\multicoil_train\file_brain_AXT2_203_2030069.h5,AXT2,16,4,768,392,False,2.8936
multicoil_train,data\multicoil_train\file_brain_AXT2_203_2030069_corrupted.h5,AXT2,16,4,768,392,True,2.8936
multicoil_train,data\multicoil_train\file_brain_AXT2_203_2030077.h5,AXT2,16,4,768,392,False,2.8936
multicoil_train,data\multicoil_train\file_brain_AXT2_203_2030077_corrupted.h5,AXT2,16,4,768,392,True,2.8936
multicoil_train,data\multicoil_train\file_brain_AXT2_203_2030081.h5,AXT2,16,4,768,392,False,2.8936
multicoil_train,data\multicoil_train\file_brain_AXT2_203_2030081_corrupted.h5,AXT2,16,4,768,392,True,2.8936
multicoil_train,data\multicoil_train\file_brain_AXT2_203_2030082.h5,AXT2,16,4,768,392,False,2.8936
multicoil_train,data\multicoil_train\file_brain_AXT2_203_2030082_corrupted.h5,AXT2,16,4,768,392,True,2.8936
multicoil_train,data\multicoil_train\file_brain_AXT2_203_2030084.h5,AXT2,16,4,768,392,False,2.8936
multicoil_train,data\multicoil_train\file_brain_AXT2_203_2030084_corrupted.h5,AXT2,16,4,768,392,True,2.8936
multicoil_train,data\multicoil_train\file_brain_AXT2_203_2030086.h5,AXT2,16,4,768,392,False,2.8936
multicoil_train,data\multicoil_train\file_brain_AXT2_203_2030086_corrupted.h5,AXT2,16,4,768,392,True,2.8936
multicoil_train,data\multicoil_train\file_brain_AXT2_203_2030088.h5,AXT2,16,4,768,392,False,2.8936
multicoil_train,data\multicoil_train\file_brain_AXT2_203_2030088_corrupted.h5,AXT2,16,4,768,392,True,2.8936
multicoil_train,data\multicoil_train\file_brain_AXT2_203_2030090.h5,AXT2,16,4,768,392,False,2.8936
multicoil_train,data\multicoil_train\file_brain_AXT2_203_2030090_corrupted.h5,AXT2,16,4,768,392,True,2.8936
multicoil_train,data\multicoil_train\file_brain_AXT2_203_2030092.h5,AXT2,16,4,768,392,False,2.8936
multicoil_train,data\multicoil_train\file_brain_AXT2_203_2030092_corrupted.h5,AXT2,16,4,768,392,True,2.8936
multicoil_train,data\multicoil_train\file_brain_AXT2_203_2030094.h5,AXT2,16,4,768,392,False,2.8936
multicoil_train,data\multicoil_train\file_brain_AXT2_203_2030094_corrupted.h5,AXT2,16,4,768,392,True,2.8936
multicoil_train,data\multicoil_train\file_brain_AXT2_203_2030096.h5,AXT2,16,4,768,392,False,2.8936
multicoil_train,data\multicoil_train\file_brain_AXT2_203_2030096_corrupted.h5,AXT2,16,4,768,392,True,2.8936
multicoil_train,data\multicoil_train\file_brain_AXT2_203_2030111.h5,AXT2,16,4,768,392,False,2.8936
multicoil_train,data\multicoil_train\file_brain_AXT2_203_2030111_corrupted.h5,AXT2,16,4,768,392,True,2.8936
multicoil_train,data\multicoil_train\file_brain_AXT2_203_2030118.h5,AXT2,16,4,768,392,False,2.8936
multicoil_train,data\multicoil_train\file_brain_AXT2_203_2030118_corrupted.h5,AXT2,16,4,768,392,True,2.8936
multicoil_train,data\multicoil_train\file_brain_AXT2_203_2030122.h5,AXT2,16,4,768,392,False,2.8936
multicoil_train,data\multicoil_train\file_brain_AXT2_203_2030122_corrupted.h5,AXT2,16,4,768,392,True,2.8936
multicoil_train,data\multicoil_train\file_brain_AXT2_203_2030131.h5,AXT2,16,4,768,392,False,2.8936
multicoil_train,data\multicoil_train\file_brain_AXT2_203_2030131_corrupted.h5,AXT2,16,4,768,392,True,2.8936
multicoil_train,data\multicoil_train\file_brain_AXT2_203_2030133.h5,AXT2,16,4,768,392,False,2.8936
multicoil_train,data\multicoil_train\file_brain_AXT2_203_2030133_corrupted.h5,AXT2,16,4,768,392,True,2.8936
multicoil_train,data\multicoil_train\file_brain_AXT2_203_2030135.h5,AXT2,16,4,768,392,False,2.8936
multicoil_train,data\multicoil_train\file_brain_AXT2_203_2030135_corrupted.h5,AXT2,16,4,768,392,True,2.8936
multicoil_train,data\multicoil_train\file_brain_AXT2_203_2030143.h5,AXT2,16,4,768,392,False,2.8936
multicoil_train,data\multicoil_train\file_brain_AXT2_203_2030143_corrupted.h5,AXT2,16,4,768,392,True,2.8936
multicoil_train,data\multicoil_train\file_brain_AXT2_203_2030145.h5,AXT2,16,4,768,392,False,2.8936
multicoil_train,data\multicoil_train\file_brain_AXT2_203_2030145_corrupted.h5,AXT2,16,4,768,392,True,2.8936
multicoil_train,data\multicoil_train\file_brain_AXT2_203_2030147.h5,AXT2,16,4,768,392,False,2.8936
multicoil_train,data\multicoil_train\file_brain_AXT2_203_2030147_corrupted.h5,AXT2,16,4,768,392,True,2.8936
multicoil_train,data\multicoil_train\file_brain_AXT2_203_2030149.h5,AXT2,16,4,768,392,False,2.8936
multicoil_train,data\multicoil_train\file_brain_AXT2_203_2030149_corrupted.h5,AXT2,16,4,768,392,True,2.8936
multicoil_train,data\multicoil_train\file_brain_AXT2_203_2030161.h5,AXT2,16,4,768,392,False,2.8936
multicoil_train,data\multicoil_train\file_brain_AXT2_203_2030161_corrupted.h5,AXT2,16,4,768,392,True,2.8936
multicoil_train,data\multicoil_train\file_brain_AXT2_203_2030163.h5,AXT2,16,4,768,392,False,2.8936
multicoil_train,data\multicoil_train\file_brain_AXT2_203_2030163_corrupted.h5,AXT2,16,4,768,392,True,2.8936
multicoil_train,data\multicoil_train\file_brain_AXT2_203_2030177.h5,AXT2,16,4,768,392,False,2.8936
multicoil_train,data\multicoil_train\file_brain_AXT2_203_2030177_corrupted.h5,AXT2,16,4,768,392,True,2.8936
multicoil_train,data\multicoil_train\file_brain_AXT2_203_2030180.h5,AXT2,16,4,768,392,False,2.8936
multicoil_train,data\multicoil_train\file_brain_AXT2_203_2030180_corrupted.h5,AXT2,16,4,768,392,True,2.8936
multicoil_train,data\multicoil_train\file_brain_AXT2_203_2030188.h5,AXT2,16,4,768,392,False,2.8936
multicoil_train,data\multicoil_train\file_brain_AXT2_203_2030188_corrupted.h5,AXT2,16,4,768,392,True,2.8936
multicoil_train,data\multicoil_train\file_brain_AXT2_203_2030196.h5,AXT2,16,4,768,392,False,2.8936
multicoil_train,data\multicoil_train\file_brain_AXT2_203_2030196_corrupted.h5,AXT2,16,4,768,392,True,2.8936
multicoil_train,data\multicoil_train\file_brain_AXT2_203_2030198.h5,AXT2,16,4,768,392,False,2.8936
multicoil_train,data\multicoil_train\file_brain_AXT2_203_2030198_corrupted.h5,AXT2,16,4,768,392,True,2.8936
multicoil_train,data\multicoil_train\file_brain_AXT2_203_2030199.h5,AXT2,16,4,768,392,False,2.8936
multicoil_train,data\multicoil_train\file_brain_AXT2_203_2030199_corrupted.h5,AXT2,16,4,768,392,True,2.8936
multicoil_train,data\multicoil_train\file_brain_AXT2_203_2030201.h5,AXT2,16,4,768,392,False,2.8936
multicoil_train,data\multicoil_train\file_brain_AXT2_203_2030201_corrupted.h5,AXT2,16,4,768,392,True,2.8936
multicoil_train,data\multicoil_train\file_brain_AXT2_203_2030203.h5,AXT2,16,4,768,392,False,2.8936
multicoil_train,data\multicoil_train\file_brain_AXT2_203_2030203_corrupted.h5,AXT2,16,4,768,392,True,2.8936
multicoil_train,data\multicoil_train\file_brain_AXT2_203_2030217.h5,AXT2,16,4,768,392,False,2.8936
multicoil_train,data\multicoil_train\file_brain_AXT2_203_2030217_corrupted.h5,AXT2,16,4,768,392,True,2.8936
multicoil_train,data\multicoil_train\file_brain_AXT2_203_2030219.h5,AXT2,16,4,768,392,False,2.8936
multicoil_train,data\multicoil_train\file_brain_AXT2_203_2030219_corrupted.h5,AXT2,16,4,768,392,True,2.8936
multicoil_train,data\multicoil_train\file_brain_AXT2_203_2030221.h5,AXT2,16,4,768,392,False,2.8936
multicoil_train,data\multicoil_train\file_brain_AXT2_203_2030221_corrupted.h5,AXT2,16,4,768,392,True,2.8936
multicoil_train,data\multicoil_train\file_brain_AXT2_203_2030227.h5,AXT2,16,4,768,392,False,2.8936
multicoil_train,data\multicoil_train\file_brain_AXT2_203_2030227_corrupted.h5,AXT2,16,4,768,392,True,2.8936
multicoil_train,data\multicoil_train\file_brain_AXT2_203_2030239.h5,AXT2,16,4,768,392,False,2.8936
multicoil_train,data\multicoil_train\file_brain_AXT2_203_2030239_corrupted.h5,AXT2,16,4,768,392,True,2.8936
multicoil_train,data\multicoil_train\file_brain_AXT2_203_2030242.h5,AXT2,16,4,768,392,False,2.8936
multicoil_train,data\multicoil_train\file_brain_AXT2_203_2030242_corrupted.h5,AXT2,16,4,768,392,True,2.8936
multicoil_train,data\multicoil_train\file_brain_AXT2_203_2030244.h5,AXT2,16,4,768,392,False,2.8936
multicoil_train,data\multicoil_train\file_brain_AXT2_203_2030244_corrupted.h5,AXT2,16,4,768,392,True,2.8936
multicoil_train,data\multicoil_train\file_brain_AXT2_203_2030246.h5,AXT2,16,4,768,392,False,2.8936
multicoil_train,data\multicoil_train\file_brain_AXT2_203_2030246_corrupted.h5,AXT2,16,4,768,392,True,2.8936
multicoil_train,data\multicoil_train\file_brain_AXT2_203_2030248.h5,AXT2,16,4,768,392,False,2.8936
multicoil_train,data\multicoil_train\file_brain_AXT2_203_2030248_corrupted.h5,AXT2,16,4,768,392,True,2.8936
multicoil_train,data\multicoil_train\file_brain_AXT2_203_2030252.h5,AXT2,16,4,768,392,False,2.8936
multicoil_train,data\multicoil_train\file_brain_AXT2_203_2030252_corrupted.h5,AXT2,16,4,768,392,True,2.8936
multicoil_train,data\multicoil_train\file_brain_AXT2_203_2030254.h5,AXT2,16,4,768,392,False,2.8936
multicoil_train,data\multicoil_train\file_brain_AXT2_203_2030254_corrupted.h5,AXT2,16,4,768,392,True,2.8936
multicoil_train,data\multicoil_train\file_brain_AXT2_203_2030256.h5,AXT2,16,4,768,392,False,2.8936
multicoil_train,data\multicoil_train\file_brain_AXT2_203_2030256_corrupted.h5,AXT2,16,4,768,392,True,2.8936
multicoil_train,data\multicoil_train\file_brain_AXT2_203_2030258.h5,AXT2,16,4,768,392,False,2.8936
multicoil_train,data\multicoil_train\file_brain_AXT2_203_2030258_corrupted.h5,AXT2,16,4,768,392,True,2.8936
multicoil_train,data\multicoil_train\file_brain_AXT2_203_2030260.h5,AXT2,16,4,768,392,False,2.8936
multicoil_train,data\multicoil_train\file_brain_AXT2_203_2030260_corrupted.h5,AXT2,16,4,768,392,True,2.8936
multicoil_train,data\multicoil_train\file_brain_AXT2_203_2030262.h5,AXT2,16,4,768,392,False,2.8936
multicoil_train,data\multicoil_train\file_brain_AXT2_203_2030262_corrupted.h5,AXT2,16,4,768,392,True,2.8936
multicoil_train,data\multicoil_train\file_brain_AXT2_203_2030266.h5,AXT2,16,4,768,392,False,2.8936
multicoil_train,data\multicoil_train\file_brain_AXT2_203_2030266_corrupted.h5,AXT2,16,4,768,392,True,2.8936
multicoil_train,data\multicoil_train\file_brain_AXT2_203_2030270.h5,AXT2,16,4,768,392,False,2.8936
multicoil_train,data\multicoil_train\file_brain_AXT2_203_2030270_corrupted.h5,AXT2,16,4,768,392,True,2.8936
multicoil_train,data\multicoil_train\file_brain_AXT2_203_2030276.h5,AXT2,16,4,768,392,False,2.8936
multicoil_train,data\multicoil_train\file_brain_AXT2_203_2030276_corrupted.h5,AXT2,16,4,768,392,True,2.8936
multicoil_train,data\multicoil_train\file_brain_AXT2_203_2030278.h5,AXT2,16,4,768,392,False,2.8936
multicoil_train,data\multicoil_train\file_brain_AXT2_203_2030278_corrupted.h5,AXT2,16,4,768,392,True,2.8936
multicoil_train,data\multicoil_train\file_brain_AXT2_203_2030280.h5,AXT2,16,4,768,392,False,2.8936
multicoil_train,data\multicoil_train\file_brain_AXT2_203_2030280_corrupted.h5,AXT2,16,4,768,392,True,2.8936
multicoil_train,data\multicoil_train\file_brain_AXT2_203_2030288.h5,AXT2,16,4,768,392,False,2.8936
multicoil_train,data\multicoil_train\file_brain_AXT2_203_2030288_corrupted.h5,AXT2,16,4,768,392,True,2.8936
multicoil_train,data\multicoil_train\file_brain_AXT2_203_2030290.h5,AXT2,16,4,768,392,False,2.8936
multicoil_train,data\multicoil_train\file_brain_AXT2_203_2030290_corrupted.h5,AXT2,16,4,768,392,True,2.8936
multicoil_train,data\multicoil_train\file_brain_AXT2_203_2030294.h5,AXT2,16,4,768,392,False,2.8936
multicoil_train,data\multicoil_train\file_brain_AXT2_203_2030294_corrupted.h5,AXT2,16,4,768,392,True,2.8936
multicoil_train,data\multicoil_train\file_brain_AXT2_203_2030296.h5,AXT2,16,4,768,392,False,2.8936
multicoil_train,data\multicoil_train\file_brain_AXT2_203_2030296_corrupted.h5,AXT2,16,4,768,392,True,2.8936
multicoil_train,data\multicoil_train\file_brain_AXT2_203_2030298.h5,AXT2,16,4,768,392,False,2.8936
multicoil_train,data\multicoil_train\file_brain_AXT2_203_2030298_corrupted.h5,AXT2,16,4,768,392,True,2.8936
multicoil_train,data\multicoil_train\file_brain_AXT2_203_2030302.h5,AXT2,16,4,768,392,False,2.8936
multicoil_train,data\multicoil_train\file_brain_AXT2_203_2030302_corrupted.h5,AXT2,16,4,768,392,True,2.8936
multicoil_train,data\multicoil_train\file_brain_AXT2_203_2030304.h5,AXT2,16,4,768,392,False,2.8936
multicoil_train,data\multicoil_train\file_brain_AXT2_203_2030304_corrupted.h5,AXT2,16,4,768,392,True,2.8936
multicoil_train,data\multicoil_train\file_brain_AXT2_203_2030316.h5,AXT2,16,4,768,392,False,2.8936
multicoil_train,data\multicoil_train\file_brain_AXT2_203_2030316_corrupted.h5,AXT2,16,4,768,392,True,2.8936
multicoil_train,data\multicoil_train\file_brain_AXT2_203_2030317.h5,AXT2,16,4,768,392,False,2.8936
multicoil_train,data\multicoil_train\file_brain_AXT2_203_2030317_corrupted.h5,AXT2,16,4,768,392,True,2.8936
multicoil_train,data\multicoil_train\file_brain_AXT2_203_2030320.h5,AXT2,16,4,768,392,False,2.8936
multicoil_train,data\multicoil_train\file_brain_AXT2_203_2030320_corrupted.h5,AXT2,16,4,768,392,True,2.8936
multicoil_train,data\multicoil_train\file_brain_AXT2_203_2030323.h5,AXT2,16,4,768,392,False,2.8936
multicoil_train,data\multicoil_train\file_brain_AXT2_203_2030323_corrupted.h5,AXT2,16,4,768,392,True,2.8936
multicoil_train,data\multicoil_train\file_brain_AXT2_203_2030327.h5,AXT2,16,4,768,392,False,2.8936
multicoil_train,data\multicoil_train\file_brain_AXT2_203_2030327_corrupted.h5,AXT2,16,4,768,392,True,2.8936
multicoil_train,data\multicoil_train\file_brain_AXT2_203_2030329.h5,AXT2,16,4,768,392,False,2.8936
multicoil_train,data\multicoil_train\file_brain_AXT2_203_2030329_corrupted.h5,AXT2,16,4,768,392,True,2.8936
multicoil_train,data\multicoil_train\file_brain_AXT2_203_2030333.h5,AXT2,16,4,768,392,False,2.8936
multicoil_train,data\multicoil_train\file_brain_AXT2_203_2030333_corrupted.h5,AXT2,16,4,768,392,True,2.8936
multicoil_train,data\multicoil_train\file_brain_AXT2_203_2030335.h5,AXT2,16,4,768,392,False,2.8936
multicoil_train,data\multicoil_train\file_brain_AXT2_203_2030335_corrupted.h5,AXT2,16,4,768,392,True,2.8936
multicoil_train,data\multicoil_train\file_brain_AXT2_203_2030339.h5,AXT2,16,4,768,392,False,2.8936
multicoil_train,data\multicoil_train\file_brain_AXT2_203_2030339_corrupted.h5,AXT2,16,4,768,392,True,2.8936
multicoil_train,data\multicoil_train\file_brain_AXT2_203_2030341.h5,AXT2,16,4,768,392,False,2.8936
multicoil_train,data\multicoil_train\file_brain_AXT2_203_2030341_corrupted.h5,AXT2,16,4,768,392,True,2.8936
multicoil_train,data\multicoil_train\file_brain_AXT2_203_2030343.h5,AXT2,16,4,768,392,False,2.8936
multicoil_train,data\multicoil_train\file_brain_AXT2_203_2030343_corrupted.h5,AXT2,16,4,768,392,True,2.8936
multicoil_train,data\multicoil_train\file_brain_AXT2_203_2030345.h5,AXT2,16,4,768,392,False,2.8936
multicoil_train,data\multicoil_train\file_brain_AXT2_203_2030345_corrupted.h5,AXT2,16,4,768,392,True,2.8936
multicoil_train,data\multicoil_train\file_brain_AXT2_203_2030350.h5,AXT2,16,4,768,392,False,2.8936
multicoil_train,data\multicoil_train\file_brain_AXT2_203_2030350_corrupted.h5,AXT2,16,4,768,392,True,2.8936
multicoil_train,data\multicoil_train\file_brain_AXT2_203_2030352.h5,AXT2,16,4,768,392,False,2.8936
multicoil_train,data\multicoil_train\file_brain_AXT2_203_2030352_corrupted.h5,AXT2,16,4,768,392,True,2.8936
multicoil_train,data\multicoil_train\file_brain_AXT2_203_2030354.h5,AXT2,16,4,768,392,False,2.8936
multicoil_train,data\multicoil_train\file_brain_AXT2_203_2030354_corrupted.h5,AXT2,16,4,768,392,True,2.8936
multicoil_train,data\multicoil_train\file_brain_AXT2_203_2030367.h5,AXT2,16,4,768,392,False,2.8936
multicoil_train,data\multicoil_train\file_brain_AXT2_203_2030367_corrupted.h5,AXT2,16,4,768,392,True,2.8936
multicoil_train,data\multicoil_train\file_brain_AXT2_203_2030369.h5,AXT2,16,4,768,392,False,2.8936
multicoil_train,data\multicoil_train\file_brain_AXT2_203_2030369_corrupted.h5,AXT2,16,4,768,392,True,2.8936
multicoil_train,data\multicoil_train\file_brain_AXT2_203_2030380.h5,AXT2,16,4,768,392,False,2.8936
multicoil_train,data\multicoil_train\file_brain_AXT2_203_2030380_corrupted.h5,AXT2,16,4,768,392,True,2.8936
multicoil_train,data\multicoil_train\file_brain_AXT2_203_2030383.h5,AXT2,16,4,768,392,False,2.8936
multicoil_train,data\multicoil_train\file_brain_AXT2_203_2030383_corrupted.h5,AXT2,16,4,768,392,True,2.8936
multicoil_train,data\multicoil_train\file_brain_AXT2_203_2030385.h5,AXT2,16,4,768,392,False,2.8936
multicoil_train,data\multicoil_train\file_brain_AXT2_203_2030385_corrupted.h5,AXT2,16,4,768,392,True,2.8936
multicoil_train,data\multicoil_train\file_brain_AXT2_203_2030387.h5,AXT2,16,4,768,392,False,2.8936
multicoil_train,data\multicoil_train\file_brain_AXT2_203_2030387_corrupted.h5,AXT2,16,4,768,392,True,2.8936
multicoil_train,data\multicoil_train\file_brain_AXT2_203_2030389.h5,AXT2,16,4,768,392,False,2.8936
multicoil_train,data\multicoil_train\file_brain_AXT2_203_2030389_corrupted.h5,AXT2,16,4,768,392,True,2.8936
multicoil_train,data\multicoil_train\file_brain_AXT2_203_2030391.h5,AXT2,16,4,768,392,False,2.8936
multicoil_train,data\multicoil_train\file_brain_AXT2_203_2030391_corrupted.h5,AXT2,16,4,768,392,True,2.8936
multicoil_train,data\multicoil_train\file_brain_AXT2_203_2030393.h5,AXT2,16,4,768,392,False,2.8936
multicoil_train,data\multicoil_train\file_brain_AXT2_203_2030393_corrupted.h5,AXT2,16,4,768,392,True,2.8936
multicoil_train,data\multicoil_train\file_brain_AXT2_203_2030397.h5,AXT2,16,4,768,392,False,2.8936
multicoil_train,data\multicoil_train\file_brain_AXT2_203_2030397_corrupted.h5,AXT2,16,4,768,392,True,2.8936
multicoil_train,data\multicoil_train\file_brain_AXT2_203_2030401.h5,AXT2,16,4,768,392,False,2.8936
multicoil_train,data\multicoil_train\file_brain_AXT2_203_2030401_corrupted.h5,AXT2,16,4,768,392,True,2.8936
multicoil_train,data\multicoil_train\file_brain_AXT2_203_2030404.h5,AXT2,16,4,768,392,False,2.8936
multicoil_train,data\multicoil_train\file_brain_AXT2_203_2030404_corrupted.h5,AXT2,16,4,768,392,True,2.8936
multicoil_train,data\multicoil_train\file_brain_AXT2_207_2070003.h5,AXT2,16,4,640,320,False,1.494
multicoil_train,data\multicoil_train\file_brain_AXT2_207_2070003_corrupted.h5,AXT2,16,4,640,320,True,1.494
multicoil_train,data\multicoil_train\file_brain_AXT2_207_2070007.h5,AXT2,16,4,640,320,False,1.494
multicoil_train,data\multicoil_train\file_brain_AXT2_207_2070007_corrupted.h5,AXT2,16,4,640,320,True,1.494
multicoil_train,data\multicoil_train\file_brain_AXT2_207_2070011.h5,AXT2,16,4,640,320,False,1.494
multicoil_train,data\multicoil_train\file_brain_AXT2_207_2070011_corrupted.h5,AXT2,16,4,640,320,True,1.494
multicoil_train,data\multicoil_train\file_brain_AXT2_207_2070029.h5,AXT2,16,4,640,320,False,1.494
multicoil_train,data\multicoil_train\file_brain_AXT2_207_2070029_corrupted.h5,AXT2,16,4,640,320,True,1.494
multicoil_train,data\multicoil_train\file_brain_AXT2_207_2070030.h5,AXT2,16,4,640,320,False,1.494
multicoil_train,data\multicoil_train\file_brain_AXT2_207_2070030_corrupted.h5,AXT2,16,4,640,320,True,1.494
multicoil_train,data\multicoil_train\file_brain_AXT2_207_2070037.h5,AXT2,16,4,640,320,False,1.494
multicoil_train,data\multicoil_train\file_brain_AXT2_207_2070037_corrupted.h5,AXT2,16,4,640,320,True,1.494
multicoil_train,data\multicoil_train\file_brain_AXT2_207_2070039.h5,AXT2,16,4,640,320,False,1.494
multicoil_train,data\multicoil_train\file_brain_AXT2_207_2070039_corrupted.h5,AXT2,16,4,640,320,True,1.494
multicoil_train,data\multicoil_train\file_brain_AXT2_207_2070040.h5,AXT2,16,4,640,320,False,1.494
multicoil_train,data\multicoil_train\file_brain_AXT2_207_2070040_corrupted.h5,AXT2,16,4,640,320,True,1.494
multicoil_train,data\multicoil_train\file_brain_AXT2_207_2070048.h5,AXT2,16,4,640,320,False,1.494
multicoil_train,data\multicoil_train\file_brain_AXT2_207_2070048_corrupted.h5,AXT2,16,4,640,320,True,1.494
multicoil_train,data\multicoil_train\file_brain_AXT2_207_2070049.h5,AXT2,16,4,640,320,False,1.494
multicoil_train,data\multicoil_train\file_brain_AXT2_207_2070049_corrupted.h5,AXT2,16,4,640,320,True,1.494
multicoil_train,data\multicoil_train\file_brain_AXT2_207_2070052.h5,AXT2,16,4,640,320,False,1.494
multicoil_train,data\multicoil_train\file_brain_AXT2_207_2070052_corrupted.h5,AXT2,16,4,640,320,True,1.494
multicoil_train,data\multicoil_train\file_brain_AXT2_207_2070054.h5,AXT2,16,4,640,320,False,1.494
multicoil_train,data\multicoil_train\file_brain_AXT2_207_2070054_corrupted.h5,AXT2,16,4,640,320,True,1.494
multicoil_train,data\multicoil_train\file_brain_AXT2_207_2070055.h5,AXT2,16,4,640,320,False,1.494
multicoil_train,data\multicoil_train\file_brain_AXT2_207_2070055_corrupted.h5,AXT2,16,4,640,320,True,1.494
multicoil_train,data\multicoil_train\file_brain_AXT2_207_2070056.h5,AXT2,16,4,640,320,False,1.494
multicoil_train,data\multicoil_train\file_brain_AXT2_207_2070056_corrupted.h5,AXT2,16,4,640,320,True,1.494
multicoil_train,data\multicoil_train\file_brain_AXT2_207_2070058.h5,AXT2,16,4,640,320,False,1.494
multicoil_train,data\multicoil_train\file_brain_AXT2_207_2070058_corrupted.h5,AXT2,16,4,640,320,True,1.494
multicoil_train,data\multicoil_train\file_brain_AXT2_207_2070059.h5,AXT2,16,4,640,320,False,1.494
multicoil_train,data\multicoil_train\file_brain_AXT2_207_2070059_corrupted.h5,AXT2,16,4,640,320,True,1.494
multicoil_train,data\multicoil_train\file_brain_AXT2_207_2070062.h5,AXT2,16,4,640,320,False,1.494
multicoil_train,data\multicoil_train\file_brain_AXT2_207_2070062_corrupted.h5,AXT2,16,4,640,320,True,1.494
multicoil_train,data\multicoil_train\file_brain_AXT2_207_2070064.h5,AXT2,16,4,640,320,False,1.494
multicoil_train,data\multicoil_train\file_brain_AXT2_207_2070064_corrupted.h5,AXT2,16,4,640,320,True,1.494
multicoil_train,data\multicoil_train\file_brain_AXT2_207_2070065.h5,AXT2,16,4,640,320,False,1.494
multicoil_train,data\multicoil_train\file_brain_AXT2_207_2070065_corrupted.h5,AXT2,16,4,640,320,True,1.494
multicoil_train,data\multicoil_train\file_brain_AXT2_207_2070074.h5,AXT2,16,4,640,320,False,1.494
multicoil_train,data\multicoil_train\file_brain_AXT2_207_2070074_corrupted.h5,AXT2,16,4,640,320,True,1.494
multicoil_train,data\multicoil_train\file_brain_AXT2_207_2070078.h5,AXT2,16,4,640,320,False,1.494
multicoil_train,data\multicoil_train\file_brain_AXT2_207_2070078_corrupted.h5,AXT2,16,4,640,320,True,1.494
multicoil_train,data\multicoil_train\file_brain_AXT2_207_2070080.h5,AXT2,16,4,640,320,False,1.494
multicoil_train,data\multicoil_train\file_brain_AXT2_207_2070080_corrupted.h5,AXT2,16,4,640,320,True,1.494
multicoil_train,data\multicoil_train\file_brain_AXT2_207_2070081.h5,AXT2,16,4,640,320,False,1.494
multicoil_train,data\multicoil_train\file_brain_AXT2_207_2070081_corrupted.h5,AXT2,16,4,640,320,True,1.494
multicoil_train,data\multicoil_train\file_brain_AXT2_207_2070086.h5,AXT2,16,4,640,320,False,1.494
multicoil_train,data\multicoil_train\file_brain_AXT2_207_2070086_corrupted.h5,AXT2,16,4,640,320,True,1.494
multicoil_train,data\multicoil_train\file_brain_AXT2_207_2070087.h5,AXT2,16,4,640,320,False,1.494
multicoil_train,data\multicoil_train\file_brain_AXT2_207_2070087_corrupted.h5,AXT2,16,4,640,320,True,1.494
multicoil_train,data\multicoil_train\file_brain_AXT2_207_2070089.h5,AXT2,16,4,640,320,False,1.494
multicoil_train,data\multicoil_train\file_brain_AXT2_207_2070089_corrupted.h5,AXT2,16,4,640,320,True,1.494
multicoil_train,data\multicoil_train\file_brain_AXT2_207_2070090.h5,AXT2,16,4,640,320,False,1.494
multicoil_train,data\multicoil_train\file_brain_AXT2_207_2070090_corrupted.h5,AXT2,16,4,640,320,True,1.494
multicoil_train,data\multicoil_train\file_brain_AXT2_207_2070096.h5,AXT2,16,4,640,320,False,1.494
multicoil_train,data\multicoil_train\file_brain_AXT2_207_2070096_corrupted.h5,AXT2,16,4,640,320,True,1.494
multicoil_train,data\multicoil_train\file_brain_AXT2_207_2070097.h5,AXT2,16,4,640,320,False,1.494
multicoil_train,data\multicoil_train\file_brain_AXT2_207_2070097_corrupted.h5,AXT2,16,4,640,320,True,1.494
multicoil_train,data\multicoil_train\file_brain_AXT2_207_2070100.h5,AXT2,16,4,640,320,False,1.494
multicoil_train,data\multicoil_train\file_brain_AXT2_207_2070100_corrupted.h5,AXT2,16,4,640,320,True,1.494
multicoil_train,data\multicoil_train\file_brain_AXT2_207_2070103.h5,AXT2,16,4,640,320,False,1.494
multicoil_train,data\multicoil_train\file_brain_AXT2_207_2070103_corrupted.h5,AXT2,16,4,640,320,True,1.494
multicoil_train,data\multicoil_train\file_brain_AXT2_207_2070106.h5,AXT2,16,4,640,320,False,1.494
multicoil_train,data\multicoil_train\file_brain_AXT2_207_2070106_corrupted.h5,AXT2,16,4,640,320,True,1.494
multicoil_train,data\multicoil_train\file_brain_AXT2_207_2070111.h5,AXT2,16,4,640,320,False,1.494
multicoil_train,data\multicoil_train\file_brain_AXT2_207_2070111_corrupted.h5,AXT2,16,4,640,320,True,1.494
multicoil_train,data\multicoil_train\file_brain_AXT2_207_2070113.h5,AXT2,16,4,640,320,False,1.494
multicoil_train,data\multicoil_train\file_brain_AXT2_207_2070113_corrupted.h5,AXT2,16,4,640,320,True,1.494
multicoil_train,data\multicoil_train\file_brain_AXT2_207_2070119.h5,AXT2,16,4,640,320,False,1.494
multicoil_train,data\multicoil_train\file_brain_AXT2_207_2070119_corrupted.h5,AXT2,16,4,640,320,True,1.494
multicoil_train,data\multicoil_train\file_brain_AXT2_207_2070124.h5,AXT2,16,4,640,320,False,1.494
multicoil_train,data\multicoil_train\file_brain_AXT2_207_2070124_corrupted.h5,AXT2,16,4,640,320,True,1.494
multicoil_train,data\multicoil_train\file_brain_AXT2_207_2070128.h5,AXT2,16,4,640,320,False,1.494
multicoil_train,data\multicoil_train\file_brain_AXT2_207_2070128_corrupted.h5,AXT2,16,4,640,320,True,1.494
multicoil_train,data\multicoil_train\file_brain_AXT2_207_2070134.h5,AXT2,16,4,640,320,False,1.494
multicoil_train,data\multicoil_train\file_brain_AXT2_207_2070134_corrupted.h5,AXT2,16,4,640,320,True,1.494
multicoil_train,data\multicoil_train\file_brain_AXT2_207_2070135.h5,AXT2,16,4,640,320,False,1.494
multicoil_train,data\multicoil_train\file_brain_AXT2_207_2070135_corrupted.h5,AXT2,16,4,640,320,True,1.494
multicoil_train,data\multicoil_train\file_brain_AXT2_207_2070136.h5,AXT2,16,4,640,320,False,1.494
multicoil_train,data\multicoil_train\file_brain_AXT2_207_2070136_corrupted.h5,AXT2,16,4,640,320,True,1.494
multicoil_train,data\multicoil_train\file_brain_AXT2_207_2070139.h5,AXT2,16,4,640,320,False,1.494
multicoil_train,data\multicoil_train\file_brain_AXT2_207_2070139_corrupted.h5,AXT2,16,4,640,320,True,1.494
multicoil_train,data\multicoil_train\file_brain_AXT2_207_2070140.h5,AXT2,16,4,640,320,False,1.494
multicoil_train,data\multicoil_train\file_brain_AXT2_207_2070140_corrupted.h5,AXT2,16,4,640,320,True,1.494
multicoil_train,data\multicoil_train\file_brain_AXT2_207_2070141.h5,AXT2,16,4,640,320,False,1.494
multicoil_train,data\multicoil_train\file_brain_AXT2_207_2070141_corrupted.h5,AXT2,16,4,640,320,True,1.494
multicoil_train,data\multicoil_train\file_brain_AXT2_207_2070142.h5,AXT2,16,4,640,320,False,1.494
multicoil_train,data\multicoil_train\file_brain_AXT2_207_2070142_corrupted.h5,AXT2,16,4,640,320,True,1.494
multicoil_train,data\multicoil_train\file_brain_AXT2_207_2070145.h5,AXT2,16,4,640,320,False,1.494
multicoil_train,data\multicoil_train\file_brain_AXT2_207_2070145_corrupted.h5,AXT2,16,4,640,320,True,1.494
multicoil_train,data\multicoil_train\file_brain_AXT2_207_2070150.h5,AXT2,16,4,640,320,False,1.494
multicoil_train,data\multicoil_train\file_brain_AXT2_207_2070150_corrupted.h5,AXT2,16,4,640,320,True,1.494
multicoil_train,data\multicoil_train\file_brain_AXT2_207_2070151.h5,AXT2,16,4,640,320,False,1.494
multicoil_train,data\multicoil_train\file_brain_AXT2_207_2070151_corrupted.h5,AXT2,16,4,640,320,True,1.494
multicoil_train,data\multicoil_train\file_brain_AXT2_207_2070152.h5,AXT2,16,4,640,320,False,1.494
multicoil_train,data\multicoil_train\file_brain_AXT2_207_2070152_corrupted.h5,AXT2,16,4,640,320,True,1.494
multicoil_train,data\multicoil_train\file_brain_AXT2_207_2070153.h5,AXT2,16,4,640,320,False,1.494
multicoil_train,data\multicoil_train\file_brain_AXT2_207_2070153_corrupted.h5,AXT2,16,4,640,320,True,1.494
multicoil_train,data\multicoil_train\file_brain_AXT2_207_2070154.h5,AXT2,16,4,640,320,False,1.494
multicoil_train,data\multicoil_train\file_brain_AXT2_207_2070154_corrupted.h5,AXT2,16,4,640,320,True,1.494
multicoil_train,data\multicoil_train\file_brain_AXT2_207_2070155.h5,AXT2,16,4,640,320,False,1.494
multicoil_train,data\multicoil_train\file_brain_AXT2_207_2070155_corrupted.h5,AXT2,16,4,640,320,True,1.494
multicoil_train,data\multicoil_train\file_brain_AXT2_207_2070164.h5,AXT2,16,4,640,320,False,1.494
multicoil_train,data\multicoil_train\file_brain_AXT2_207_2070164_corrupted.h5,AXT2,16,4,640,320,True,1.494
multicoil_train,data\multicoil_train\file_brain_AXT2_207_2070165.h5,AXT2,16,4,640,320,False,1.494
multicoil_train,data\multicoil_train\file_brain_AXT2_207_2070165_corrupted.h5,AXT2,16,4,640,320,True,1.494
multicoil_train,data\multicoil_train\file_brain_AXT2_207_2070167.h5,AXT2,16,4,640,320,False,1.494
multicoil_train,data\multicoil_train\file_brain_AXT2_207_2070167_corrupted.h5,AXT2,16,4,640,320,True,1.494
multicoil_train,data\multicoil_train\file_brain_AXT2_207_2070169.h5,AXT2,16,4,640,320,False,1.494
multicoil_train,data\multicoil_train\file_brain_AXT2_207_2070169_corrupted.h5,AXT2,16,4,640,320,True,1.494
multicoil_train,data\multicoil_train\file_brain_AXT2_207_2070171.h5,AXT2,16,4,640,320,False,1.494
multicoil_train,data\multicoil_train\file_brain_AXT2_207_2070171_corrupted.h5,AXT2,16,4,640,320,True,1.494
multicoil_train,data\multicoil_train\file_brain_AXT2_207_2070172.h5,AXT2,16,4,640,320,False,1.494
multicoil_train,data\multicoil_train\file_brain_AXT2_207_2070172_corrupted.h5,AXT2,16,4,640,320,True,1.494
multicoil_train,data\multicoil_train\file_brain_AXT2_207_2070174.h5,AXT2,16,4,640,320,False,1.494
multicoil_train,data\multicoil_train\file_brain_AXT2_207_2070174_corrupted.h5,AXT2,16,4,640,320,True,1.494
multicoil_train,data\multicoil_train\file_brain_AXT2_207_2070175.h5,AXT2,16,4,640,320,False,1.494
multicoil_train,data\multicoil_train\file_brain_AXT2_207_2070175_corrupted.h5,AXT2,16,4,640,320,True,1.494
multicoil_train,data\multicoil_train\file_brain_AXT2_207_2070176.h5,AXT2,16,4,640,320,False,1.494
multicoil_train,data\multicoil_train\file_brain_AXT2_207_2070176_corrupted.h5,AXT2,16,4,640,320,True,1.494
multicoil_train,data\multicoil_train\file_brain_AXT2_207_2070181.h5,AXT2,16,4,640,320,False,1.494
multicoil_train,data\multicoil_train\file_brain_AXT2_207_2070181_corrupted.h5,AXT2,16,4,640,320,True,1.494
multicoil_train,data\multicoil_train\file_brain_AXT2_207_2070184.h5,AXT2,16,4,640,320,False,1.494
multicoil_train,data\multicoil_train\file_brain_AXT2_207_2070184_corrupted.h5,AXT2,16,4,640,320,True,1.494
multicoil_train,data\multicoil_train\file_brain_AXT2_207_2070195.h5,AXT2,16,4,640,320,False,1.494
multicoil_train,data\multicoil_train\file_brain_AXT2_207_2070195_corrupted.h5,AXT2,16,4,640,320,True,1.494
multicoil_train,data\multicoil_train\file_brain_AXT2_207_2070198.h5,AXT2,16,4,640,320,False,1.494
multicoil_train,data\multicoil_train\file_brain_AXT2_207_2070198_corrupted.h5,AXT2,16,4,640,320,True,1.494
multicoil_train,data\multicoil_train\file_brain_AXT2_207_2070201.h5,AXT2,16,4,640,320,False,1.494
multicoil_train,data\multicoil_train\file_brain_AXT2_207_2070201_corrupted.h5,AXT2,16,4,640,320,True,1.494
multicoil_train,data\multicoil_train\file_brain_AXT2_207_2070204.h5,AXT2,16,4,640,320,False,1.494
multicoil_train,data\multicoil_train\file_brain_AXT2_207_2070204_corrupted.h5,AXT2,16,4,640,320,True,1.494
multicoil_train,data\multicoil_train\file_brain_AXT2_207_2070208.h5,AXT2,16,4,640,320,False,1.494
multicoil_train,data\multicoil_train\file_brain_AXT2_207_2070208_corrupted.h5,AXT2,16,4,640,320,True,1.494
multicoil_train,data\multicoil_train\file_brain_AXT2_207_2070211.h5,AXT2,16,4,640,320,False,1.494
multicoil_train,data\multicoil_train\file_brain_AXT2_207_2070211_corrupted.h5,AXT2,16,4,640,320,True,1.494
multicoil_train,data\multicoil_train\file_brain_AXT2_207_2070219.h5,AXT2,16,4,640,320,False,1.494
multicoil_train,data\multicoil_train\file_brain_AXT2_207_2070219_corrupted.h5,AXT2,16,4,640,320,True,1.494
multicoil_train,data\multicoil_train\file_brain_AXT2_207_2070222.h5,AXT2,16,4,640,320,False,1.494
multicoil_train,data\multicoil_train\file_brain_AXT2_207_2070222_corrupted.h5,AXT2,16,4,640,320,True,1.494
multicoil_train,data\multicoil_train\file_brain_AXT2_207_2070226.h5,AXT2,16,4,640,320,False,1.494
multicoil_train,data\multicoil_train\file_brain_AXT2_207_2070226_corrupted.h5,AXT2,16,4,640,320,True,1.494
multicoil_train,data\multicoil_train\file_brain_AXT2_207_2070228.h5,AXT2,16,4,640,320,False,1.494
multicoil_train,data\multicoil_train\file_brain_AXT2_207_2070228_corrupted.h5,AXT2,16,4,640,320,True,1.494
multicoil_train,data\multicoil_train\file_brain_AXT2_207_2070237.h5,AXT2,16,4,640,320,False,1.494
multicoil_train,data\multicoil_train\file_brain_AXT2_207_2070237_corrupted.h5,AXT2,16,4,640,320,True,1.494
multicoil_train,data\multicoil_train\file_brain_AXT2_207_2070245.h5,AXT2,16,4,640,320,False,1.494
multicoil_train,data\multicoil_train\file_brain_AXT2_207_2070245_corrupted.h5,AXT2,16,4,640,320,True,1.494
multicoil_train,data\multicoil_train\file_brain_AXT2_207_2070249.h5,AXT2,16,4,640,320,False,1.494
multicoil_train,data\multicoil_train\file_brain_AXT2_207_2070249_corrupted.h5,AXT2,16,4,640,320,True,1.494
multicoil_train,data\multicoil_train\file_brain_AXT2_207_2070250.h5,AXT2,16,4,640,320,False,1.494
multicoil_train,data\multicoil_train\file_brain_AXT2_207_2070250_corrupted.h5,AXT2,16,4,640,320,True,1.494
multicoil_train,data\multicoil_train\file_brain_AXT2_207_2070252.h5,AXT2,16,4,640,320,False,1.494
multicoil_train,data\multicoil_train\file_brain_AXT2_207_2070252_corrupted.h5,AXT2,16,4,640,320,True,1.494
multicoil_train,data\multicoil_train\file_brain_AXT2_207_2070257.h5,AXT2,16,4,640,320,False,1.494
multicoil_train,data\multicoil_train\file_brain_AXT2_207_2070257_corrupted.h5,AXT2,16,4,640,320,True,1.494
multicoil_train,data\multicoil_train\file_brain_AXT2_207_2070261.h5,AXT2,16,4,640,320,False,1.494
multicoil_train,data\multicoil_train\file_brain_AXT2_207_2070261_corrupted.h5,AXT2,16,4,640,320,True,1.494
multicoil_train,data\multicoil_train\file_brain_AXT2_207_2070266.h5,AXT2,16,4,640,320,False,1.494
multicoil_train,data\multicoil_train\file_brain_AXT2_207_2070266_corrupted.h5,AXT2,16,4,640,320,True,1.494
multicoil_train,data\multicoil_train\file_brain_AXT2_207_2070270.h5,AXT2,16,4,640,320,False,1.494
multicoil_train,data\multicoil_train\file_brain_AXT2_207_2070270_corrupted.h5,AXT2,16,4,640,320,True,1.494
multicoil_train,data\multicoil_train\file_brain_AXT2_207_2070272.h5,AXT2,16,4,640,320,False,1.494
multicoil_train,data\multicoil_train\file_brain_AXT2_207_2070272_corrupted.h5,AXT2,16,4,640,320,True,1.494
multicoil_train,data\multicoil_train\file_brain_AXT2_207_2070277.h5,AXT2,16,4,640,320,False,1.494
multicoil_train,data\multicoil_train\file_brain_AXT2_207_2070277_corrupted.h5,AXT2,16,4,640,320,True,1.494
multicoil_train,data\multicoil_train\file_brain_AXT2_207_2070280.h5,AXT2,16,4,640,320,False,1.494
multicoil_train,data\multicoil_train\file_brain_AXT2_207_2070280_corrupted.h5,AXT2,16,4,640,320,True,1.494
multicoil_train,data\multicoil_train\file_brain_AXT2_207_2070285.h5,AXT2,16,4,640,320,False,1.494
multicoil_train,data\multicoil_train\file_brain_AXT2_207_2070285_corrupted.h5,AXT2,16,4,640,320,True,1.494
multicoil_train,data\multicoil_train\file_brain_AXT2_207_2070302.h5,AXT2,16,4,640,320,False,1.494
multicoil_train,data\multicoil_train\file_brain_AXT2_207_2070302_corrupted.h5,AXT2,16,4,640,320,True,1.494
multicoil_train,data\multicoil_train\file_brain_AXT2_207_2070305.h5,AXT2,16,4,640,320,False,1.494
multicoil_train,data\multicoil_train\file_brain_AXT2_207_2070305_corrupted.h5,AXT2,16,4,640,320,True,1.494
multicoil_train,data\multicoil_train\file_brain_AXT2_207_2070308.h5,AXT2,16,4,640,320,False,1.494
multicoil_train,data\multicoil_train\file_brain_AXT2_207_2070308_corrupted.h5,AXT2,16,4,640,320,True,1.494
multicoil_train,data\multicoil_train\file_brain_AXT2_207_2070309.h5,AXT2,16,4,640,320,False,1.494
multicoil_train,data\multicoil_train\file_brain_AXT2_207_2070309_corrupted.h5,AXT2,16,4,640,320,True,1.494
multicoil_train,data\multicoil_train\file_brain_AXT2_207_2070313.h5,AXT2,16,4,640,320,False,1.494
multicoil_train,data\multicoil_train\file_brain_AXT2_207_2070313_corrupted.h5,AXT2,16,4,640,320,True,1.494
multicoil_train,data\multicoil_train\file_brain_AXT2_207_2070315.h5,AXT2,16,4,640,320,False,1.494
multicoil_train,data\multicoil_train\file_brain_AXT2_207_2070315_corrupted.h5,AXT2,16,4,640,320,True,1.494
multicoil_train,data\multicoil_train\file_brain_AXT2_207_2070320.h5,AXT2,16,4,640,320,False,1.494
multicoil_train,data\multicoil_train\file_brain_AXT2_207_2070320_corrupted.h5,AXT2,16,4,640,320,True,1.494
multicoil_train,data\multicoil_train\file_brain_AXT2_207_2070325.h5,AXT2,16,4,640,320,False,1.494
multicoil_train,data\multicoil_train\file_brain_AXT2_207_2070325_corrupted.h5,AXT2,16,4,640,320,True,1.494
multicoil_train,data\multicoil_train\file_brain_AXT2_207_2070329.h5,AXT2,16,4,640,320,False,1.494
multicoil_train,data\multicoil_train\file_brain_AXT2_207_2070329_corrupted.h5,AXT2,16,4,640,320,True,1.494
multicoil_train,data\multicoil_train\file_brain_AXT2_207_2070330.h5,AXT2,16,4,640,320,False,1.494
multicoil_train,data\multicoil_train\file_brain_AXT2_207_2070330_corrupted.h5,AXT2,16,4,640,320,True,1.494
multicoil_train,data\multicoil_train\file_brain_AXT2_207_2070332.h5,AXT2,16,4,640,320,False,1.494
multicoil_train,data\multicoil_train\file_brain_AXT2_207_2070332_corrupted.h5,AXT2,16,4,640,320,True,1.494
multicoil_train,data\multicoil_train\file_brain_AXT2_207_2070333.h5,AXT2,16,4,640,320,False,1.494
multicoil_train,data\multicoil_train\file_brain_AXT2_207_2070333_corrupted.h5,AXT2,16,4,640,320,True,1.494
multicoil_train,data\multicoil_train\file_brain_AXT2_207_2070342.h5,AXT2,16,4,640,320,False,1.494
multicoil_train,data\multicoil_train\file_brain_AXT2_207_2070342_corrupted.h5,AXT2,16,4,640,320,True,1.494
multicoil_train,data\multicoil_train\file_brain_AXT2_207_2070343.h5,AXT2,16,4,640,320,False,1.494
multicoil_train,data\multicoil_train\file_brain_AXT2_207_2070343_corrupted.h5,AXT2,16,4,640,320,True,1.494
multicoil_train,data\multicoil_train\file_brain_AXT2_207_2070351.h5,AXT2,16,4,640,320,False,1.494
multicoil_train,data\multicoil_train\file_brain_AXT2_207_2070351_corrupted.h5,AXT2,16,4,640,320,True,1.494
multicoil_train,data\multicoil_train\file_brain_AXT2_207_2070352.h5,AXT2,16,4,640,320,False,1.494
multicoil_train,data\multicoil_train\file_brain_AXT2_207_2070352_corrupted.h5,AXT2,16,4,640,320,True,1.494
multicoil_train,data\multicoil_train\file_brain_AXT2_207_2070355.h5,AXT2,16,4,640,320,False,1.494
multicoil_train,data\multicoil_train\file_brain_AXT2_207_2070355_corrupted.h5,AXT2,16,4,640,320,True,1.494
multicoil_train,data\multicoil_train\file_brain_AXT2_207_2070356.h5,AXT2,16,4,640,320,False,1.494
multicoil_train,data\multicoil_train\file_brain_AXT2_207_2070356_corrupted.h5,AXT2,16,4,640,320,True,1.494
multicoil_train,data\multicoil_train\file_brain_AXT2_207_2070366.h5,AXT2,16,4,640,320,False,1.494
multicoil_train,data\multicoil_train\file_brain_AXT2_207_2070366_corrupted.h5,AXT2,16,4,640,320,True,1.494
multicoil_train,data\multicoil_train\file_brain_AXT2_207_2070372.h5,AXT2,16,4,640,320,False,1.494
multicoil_train,data\multicoil_train\file_brain_AXT2_207_2070372_corrupted.h5,AXT2,16,4,640,320,True,1.494
multicoil_train,data\multicoil_train\file_brain_AXT2_207_2070380.h5,AXT2,16,4,640,320,False,1.494
multicoil_train,data\multicoil_train\file_brain_AXT2_207_2070380_corrupted.h5,AXT2,16,4,640,320,True,1.494
multicoil_train,data\multicoil_train\file_brain_AXT2_207_2070384.h5,AXT2,16,4,640,320,False,1.494
multicoil_train,data\multicoil_train\file_brain_AXT2_207_2070384_corrupted.h5,AXT2,16,4,640,320,True,1.494
multicoil_train,data\multicoil_train\file_brain_AXT2_207_2070389.h5,AXT2,16,4,640,320,False,1.494
multicoil_train,data\multicoil_train\file_brain_AXT2_207_2070389_corrupted.h5,AXT2,16,4,640,320,True,1.494
multicoil_train,data\multicoil_train\file_brain_AXT2_207_2070390.h5,AXT2,16,4,640,320,False,1.494
multicoil_train,data\multicoil_train\file_brain_AXT2_207_2070390_corrupted.h5,AXT2,16,4,640,320,True,1.494
multicoil_train,data\multicoil_train\file_brain_AXT2_207_2070392.h5,AXT2,16,4,640,320,False,1.494
multicoil_train,data\multicoil_train\file_brain_AXT2_207_2070392_corrupted.h5,AXT2,16,4,640,320,True,1.494
multicoil_train,data\multicoil_train\file_brain_AXT2_207_2070395.h5,AXT2,16,4,640,320,False,1.494
multicoil_train,data\multicoil_train\file_brain_AXT2_207_2070395_corrupted.h5,AXT2,16,4,640,320,True,1.494
multicoil_train,data\multicoil_train\file_brain_AXT2_207_2070397.h5,AXT2,16,4,640,320,False,1.494
multicoil_train,data\multicoil_train\file_brain_AXT2_207_2070397_corrupted.h5,AXT2,16,4,640,320,True,1.494
multicoil_train,data\multicoil_train\file_brain_AXT2_207_2070403.h5,AXT2,16,4,640,320,False,1.494
multicoil_train,data\multicoil_train\file_brain_AXT2_207_2070403_corrupted.h5,AXT2,16,4,640,320,True,1.494
multicoil_train,data\multicoil_train\file_brain_AXT2_207_2070405.h5,AXT2,16,4,640,320,False,1.494
multicoil_train,data\multicoil_train\file_brain_AXT2_207_2070405_corrupted.h5,AXT2,16,4,640,320,True,1.494
multicoil_train,data\multicoil_train\file_brain_AXT2_207_2070408.h5,AXT2,16,4,640,320,False,1.494
multicoil_train,data\multicoil_train\file_brain_AXT2_207_2070408_corrupted.h5,AXT2,16,4,640,320,True,1.494
multicoil_train,data\multicoil_train\file_brain_AXT2_207_2070409.h5,AXT2,16,4,640,320,False,1.494
multicoil_train,data\multicoil_train\file_brain_AXT2_207_2070409_corrupted.h5,AXT2,16,4,640,320,True,1.494
multicoil_train,data\multicoil_train\file_brain_AXT2_207_2070415.h5,AXT2,16,4,640,320,False,1.494
multicoil_train,data\multicoil_train\file_brain_AXT2_207_2070415_corrupted.h5,AXT2,16,4,640,320,True,1.494
multicoil_train,data\multicoil_train\file_brain_AXT2_207_2070416.h5,AXT2,16,4,640,320,False,1.494
multicoil_train,data\multicoil_train\file_brain_AXT2_207_2070416_corrupted.h5,AXT2,16,4,640,320,True,1.494
multicoil_train,data\multicoil_train\file_brain_AXT2_207_2070420.h5,AXT2,16,4,640,320,False,1.494
multicoil_train,data\multicoil_train\file_brain_AXT2_207_2070420_corrupted.h5,AXT2,16,4,640,320,True,1.494
multicoil_train,data\multicoil_train\file_brain_AXT2_207_2070422.h5,AXT2,16,4,640,320,False,1.494
multicoil_train,data\multicoil_train\file_brain_AXT2_207_2070422_corrupted.h5,AXT2,16,4,640,320,True,1.494
multicoil_train,data\multicoil_train\file_brain_AXT2_207_2070427.h5,AXT2,16,4,640,320,False,1.494
multicoil_train,data\multicoil_train\file_brain_AXT2_207_2070427_corrupted.h5,AXT2,16,4,640,320,True,1.494
multicoil_train,data\multicoil_train\file_brain_AXT2_207_2070435.h5,AXT2,16,4,640,320,False,1.494
multicoil_train,data\multicoil_train\file_brain_AXT2_207_2070435_corrupted.h5,AXT2,16,4,640,320,True,1.494
multicoil_train,data\multicoil_train\file_brain_AXT2_207_2070436.h5,AXT2,16,4,640,320,False,1.494
multicoil_train,data\multicoil_train\file_brain_AXT2_207_2070436_corrupted.h5,AXT2,16,4,640,320,True,1.494
multicoil_train,data\multicoil_train\file_brain_AXT2_207_2070439.h5,AXT2,16,4,640,320,False,1.494
multicoil_train,data\multicoil_train\file_brain_AXT2_207_2070439_corrupted.h5,AXT2,16,4,640,320,True,1.494
multicoil_train,data\multicoil_train\file_brain_AXT2_207_2070442.h5,AXT2,16,4,640,320,False,1.494
multicoil_train,data\multicoil_train\file_brain_AXT2_207_2070442_corrupted.h5,AXT2,16,4,640,320,True,1.494
multicoil_train,data\multicoil_train\file_brain_AXT2_207_2070449.h5,AXT2,16,4,640,320,False,1.494
multicoil_train,data\multicoil_train\file_brain_AXT2_207_2070449_corrupted.h5,AXT2,16,4,640,320,True,1.494
multicoil_train,data\multicoil_train\file_brain_AXT2_207_2070452.h5,AXT2,16,4,640,320,False,1.494
multicoil_train,data\multicoil_train\file_brain_AXT2_207_2070452_corrupted.h5,AXT2,16,4,640,320,True,1.494
multicoil_train,data\multicoil_train\file_brain_AXT2_207_2070454.h5,AXT2,16,4,640,320,False,1.494
multicoil_train,data\multicoil_train\file_brain_AXT2_207_2070454_corrupted.h5,AXT2,16,4,640,320,True,1.494
multicoil_train,data\multicoil_train\file_brain_AXT2_207_2070456.h5,AXT2,16,4,640,320,False,1.494
multicoil_train,data\multicoil_train\file_brain_AXT2_207_2070456_corrupted.h5,AXT2,16,4,640,320,True,1.494
multicoil_train,data\multicoil_train\file_brain_AXT2_207_2070458.h5,AXT2,16,4,640,320,False,1.494
multicoil_train,data\multicoil_train\file_brain_AXT2_207_2070458_corrupted.h5,AXT2,16,4,640,320,True,1.494
multicoil_train,data\multicoil_train\file_brain_AXT2_207_2070459.h5,AXT2,16,4,640,320,False,1.494
multicoil_train,data\multicoil_train\file_brain_AXT2_207_2070459_corrupted.h5,AXT2,16,4,640,320,True,1.494
multicoil_train,data\multicoil_train\file_brain_AXT2_207_2070460.h5,AXT2,16,4,640,320,False,1.494
multicoil_train,data\multicoil_train\file_brain_AXT2_207_2070460_corrupted.h5,AXT2,16,4,640,320,True,1.494
multicoil_train,data\multicoil_train\file_brain_AXT2_207_2070464.h5,AXT2,16,4,640,320,False,1.494
multicoil_train,data\multicoil_train\file_brain_AXT2_207_2070464_corrupted.h5,AXT2,16,4,640,320,True,1.494
multicoil_train,data\multicoil_train\file_brain_AXT2_207_2070467.h5,AXT2,16,4,640,320,False,1.494
multicoil_train,data\multicoil_train\file_brain_AXT2_207_2070467_corrupted.h5,AXT2,16,4,640,320,True,1.494
multicoil_train,data\multicoil_train\file_brain_AXT2_207_2070471.h5,AXT2,16,4,640,320,False,1.494
multicoil_train,data\multicoil_train\file_brain_AXT2_207_2070471_corrupted.h5,AXT2,16,4,640,320,True,1.494
multicoil_train,data\multicoil_train\file_brain_AXT2_207_2070480.h5,AXT2,16,4,640,320,False,1.494
multicoil_train,data\multicoil_train\file_brain_AXT2_207_2070480_corrupted.h5,AXT2,16,4,640,320,True,1.494
multicoil_train,data\multicoil_train\file_brain_AXT2_207_2070482.h5,AXT2,16,4,640,320,False,1.494
multicoil_train,data\multicoil_train\file_brain_AXT2_207_2070482_corrupted.h5,AXT2,16,4,640,320,True,1.494
multicoil_train,data\multicoil_train\file_brain_AXT2_207_2070484.h5,AXT2,16,4,640,320,False,1.494
multicoil_train,data\multicoil_train\file_brain_AXT2_207_2070484_corrupted.h5,AXT2,16,4,640,320,True,1.494
multicoil_train,data\multicoil_train\file_brain_AXT2_207_2070486.h5,AXT2,16,4,640,320,False,1.494
multicoil_train,data\multicoil_train\file_brain_AXT2_207_2070486_corrupted.h5,AXT2,16,4,640,320,True,1.494
multicoil_train,data\multicoil_train\file_brain_AXT2_207_2070488.h5,AXT2,16,4,640,320,False,1.494
multicoil_train,data\multicoil_train\file_brain_AXT2_207_2070488_corrupted.h5,AXT2,16,4,640,320,True,1.494
multicoil_train,data\multicoil_train\file_brain_AXT2_207_2070491.h5,AXT2,16,4,640,320,False,1.494
multicoil_train,data\multicoil_train\file_brain_AXT2_207_2070491_corrupted.h5,AXT2,16,4,640,320,True,1.494
multicoil_train,data\multicoil_train\file_brain_AXT2_207_2070497.h5,AXT2,16,4,640,320,False,1.494
multicoil_train,data\multicoil_train\file_brain_AXT2_207_2070497_corrupted.h5,AXT2,16,4,640,320,True,1.494
multicoil_train,data\multicoil_train\file_brain_AXT2_207_2070498.h5,AXT2,16,4,640,320,False,1.494
multicoil_train,data\multicoil_train\file_brain_AXT2_207_2070498_corrupted.h5,AXT2,16,4,640,320,True,1.494
multicoil_train,data\multicoil_train\file_brain_AXT2_207_2070500.h5,AXT2,16,4,640,320,False,1.494
multicoil_train,data\multicoil_train\file_brain_AXT2_207_2070500_corrupted.h5,AXT2,16,4,640,320,True,1.494
multicoil_train,data\multicoil_train\file_brain_AXT2_207_2070501.h5,AXT2,16,4,640,320,False,1.494
multicoil_train,data\multicoil_train\file_brain_AXT2_207_2070501_corrupted.h5,AXT2,16,4,640,320,True,1.494
multicoil_train,data\multicoil_train\file_brain_AXT2_207_2070504.h5,AXT2,16,4,640,320,False,1.494
multicoil_train,data\multicoil_train\file_brain_AXT2_207_2070504_corrupted.h5,AXT2,16,4,640,320,True,1.494
multicoil_train,data\multicoil_train\file_brain_AXT2_207_2070511.h5,AXT2,16,4,640,320,False,1.494
multicoil_train,data\multicoil_train\file_brain_AXT2_207_2070511_corrupted.h5,AXT2,16,4,640,320,True,1.494
multicoil_train,data\multicoil_train\file_brain_AXT2_207_2070514.h5,AXT2,16,4,640,320,False,1.494
multicoil_train,data\multicoil_train\file_brain_AXT2_207_2070514_corrupted.h5,AXT2,16,4,640,320,True,1.494
multicoil_train,data\multicoil_train\file_brain_AXT2_207_2070515.h5,AXT2,16,4,640,320,False,1.494
multicoil_train,data\multicoil_train\file_brain_AXT2_207_2070515_corrupted.h5,AXT2,16,4,640,320,True,1.494
multicoil_train,data\multicoil_train\file_brain_AXT2_207_2070516.h5,AXT2,16,4,640,320,False,1.494
multicoil_train,data\multicoil_train\file_brain_AXT2_207_2070516_corrupted.h5,AXT2,16,4,640,320,True,1.494
multicoil_train,data\multicoil_train\file_brain_AXT2_207_2070522.h5,AXT2,16,4,640,320,False,1.494
multicoil_train,data\multicoil_train\file_brain_AXT2_207_2070522_corrupted.h5,AXT2,16,4,640,320,True,1.494
multicoil_train,data\multicoil_train\file_brain_AXT2_207_2070523.h5,AXT2,16,4,640,320,False,1.494
multicoil_train,data\multicoil_train\file_brain_AXT2_207_2070523_corrupted.h5,AXT2,16,4,640,320,True,1.494
multicoil_train,data\multicoil_train\file_brain_AXT2_207_2070524.h5,AXT2,16,4,640,320,False,1.494
multicoil_train,data\multicoil_train\file_brain_AXT2_207_2070524_corrupted.h5,AXT2,16,4,640,320,True,1.494
multicoil_train,data\multicoil_train\file_brain_AXT2_207_2070526.h5,AXT2,16,4,640,320,False,1.494
multicoil_train,data\multicoil_train\file_brain_AXT2_207_2070526_corrupted.h5,AXT2,16,4,640,320,True,1.494
multicoil_train,data\multicoil_train\file_brain_AXT2_207_2070528.h5,AXT2,16,4,640,320,False,1.494
multicoil_train,data\multicoil_train\file_brain_AXT2_207_2070528_corrupted.h5,AXT2,16,4,640,320,True,1.494
multicoil_train,data\multicoil_train\file_brain_AXT2_207_2070529.h5,AXT2,16,4,640,320,False,1.494
multicoil_train,data\multicoil_train\file_brain_AXT2_207_2070529_corrupted.h5,AXT2,16,4,640,320,True,1.494
multicoil_train,data\multicoil_train\file_brain_AXT2_207_2070530.h5,AXT2,16,4,640,320,False,1.494
multicoil_train,data\multicoil_train\file_brain_AXT2_207_2070530_corrupted.h5,AXT2,16,4,640,320,True,1.494
multicoil_train,data\multicoil_train\file_brain_AXT2_207_2070533.h5,AXT2,16,4,640,320,False,1.494
multicoil_train,data\multicoil_train\file_brain_AXT2_207_2070533_corrupted.h5,AXT2,16,4,640,320,True,1.494
multicoil_train,data\multicoil_train\file_brain_AXT2_207_2070535.h5,AXT2,16,4,640,320,False,1.494
multicoil_train,data\multicoil_train\file_brain_AXT2_207_2070535_corrupted.h5,AXT2,16,4,640,320,True,1.494
multicoil_train,data\multicoil_train\file_brain_AXT2_207_2070536.h5,AXT2,16,4,640,320,False,1.494
multicoil_train,data\multicoil_train\file_brain_AXT2_207_2070536_corrupted.h5,AXT2,16,4,640,320,True,1.494
multicoil_train,data\multicoil_train\file_brain_AXT2_207_2070540.h5,AXT2,16,4,640,320,False,1.494
multicoil_train,data\multicoil_train\file_brain_AXT2_207_2070540_corrupted.h5,AXT2,16,4,640,320,True,1.494
multicoil_train,data\multicoil_train\file_brain_AXT2_207_2070542.h5,AXT2,16,4,640,320,False,1.494
multicoil_train,data\multicoil_train\file_brain_AXT2_207_2070542_corrupted.h5,AXT2,16,4,640,320,True,1.494
multicoil_train,data\multicoil_train\file_brain_AXT2_207_2070543.h5,AXT2,16,4,640,320,False,1.494
multicoil_train,data\multicoil_train\file_brain_AXT2_207_2070543_corrupted.h5,AXT2,16,4,640,320,True,1.494
multicoil_train,data\multicoil_train\file_brain_AXT2_207_2070545.h5,AXT2,16,4,640,320,False,1.494
multicoil_train,data\multicoil_train\file_brain_AXT2_207_2070545_corrupted.h5,AXT2,16,4,640,320,True,1.494
multicoil_train,data\multicoil_train\file_brain_AXT2_207_2070546.h5,AXT2,16,4,640,320,False,1.494
multicoil_train,data\multicoil_train\file_brain_AXT2_207_2070546_corrupted.h5,AXT2,16,4,640,320,True,1.494
multicoil_train,data\multicoil_train\file_brain_AXT2_207_2070550.h5,AXT2,16,4,640,320,False,1.494
multicoil_train,data\multicoil_train\file_brain_AXT2_207_2070550_corrupted.h5,AXT2,16,4,640,320,True,1.494
multicoil_train,data\multicoil_train\file_brain_AXT2_207_2070551.h5,AXT2,16,4,640,320,False,1.494
multicoil_train,data\multicoil_train\file_brain_AXT2_207_2070551_corrupted.h5,AXT2,16,4,640,320,True,1.494
multicoil_train,data\multicoil_train\file_brain_AXT2_207_2070552.h5,AXT2,16,4,640,320,False,1.494
multicoil_train,data\multicoil_train\file_brain_AXT2_207_2070552_corrupted.h5,AXT2,16,4,640,320,True,1.494
multicoil_train,data\multicoil_train\file_brain_AXT2_207_2070555.h5,AXT2,16,4,640,320,False,1.494
multicoil_train,data\multicoil_train\file_brain_AXT2_207_2070555_corrupted.h5,AXT2,16,4,640,320,True,1.494
multicoil_train,data\multicoil_train\file_brain_AXT2_207_2070559.h5,AXT2,16,4,640,320,False,1.494
multicoil_train,data\multicoil_train\file_brain_AXT2_207_2070559_corrupted.h5,AXT2,16,4,640,320,True,1.494
multicoil_train,data\multicoil_train\file_brain_AXT2_207_2070562.h5,AXT2,16,4,640,320,False,1.494
multicoil_train,data\multicoil_train\file_brain_AXT2_207_2070562_corrupted.h5,AXT2,16,4,640,320,True,1.494
multicoil_train,data\multicoil_train\file_brain_AXT2_207_2070566.h5,AXT2,16,4,640,320,False,1.494
multicoil_train,data\multicoil_train\file_brain_AXT2_207_2070566_corrupted.h5,AXT2,16,4,640,320,True,1.494
multicoil_train,data\multicoil_train\file_brain_AXT2_207_2070570.h5,AXT2,16,4,640,320,False,1.494
multicoil_train,data\multicoil_train\file_brain_AXT2_207_2070570_corrupted.h5,AXT2,16,4,640,320,True,1.494
multicoil_train,data\multicoil_train\file_brain_AXT2_207_2070571.h5,AXT2,16,4,640,320,False,1.494
multicoil_train,data\multicoil_train\file_brain_AXT2_207_2070571_corrupted.h5,AXT2,16,4,640,320,True,1.494
multicoil_train,data\multicoil_train\file_brain_AXT2_207_2070577.h5,AXT2,16,4,640,320,False,1.494
multicoil_train,data\multicoil_train\file_brain_AXT2_207_2070577_corrupted.h5,AXT2,16,4,640,320,True,1.494
multicoil_train,data\multicoil_train\file_brain_AXT2_207_2070580.h5,AXT2,16,4,640,320,False,1.494
multicoil_train,data\multicoil_train\file_brain_AXT2_207_2070580_corrupted.h5,AXT2,16,4,640,320,True,1.494
multicoil_train,data\multicoil_train\file_brain_AXT2_207_2070581.h5,AXT2,16,4,640,320,False,1.494
multicoil_train,data\multicoil_train\file_brain_AXT2_207_2070581_corrupted.h5,AXT2,16,4,640,320,True,1.494
multicoil_train,data\multicoil_train\file_brain_AXT2_207_2070582.h5,AXT2,16,4,640,320,False,1.494
multicoil_train,data\multicoil_train\file_brain_AXT2_207_2070582_corrupted.h5,AXT2,16,4,640,320,True,1.494
multicoil_train,data\multicoil_train\file_brain_AXT2_207_2070586.h5,AXT2,16,4,640,320,False,1.494
multicoil_train,data\multicoil_train\file_brain_AXT2_207_2070586_corrupted.h5,AXT2,16,4,640,320,True,1.494
multicoil_train,data\multicoil_train\file_brain_AXT2_207_2070590.h5,AXT2,16,4,640,320,False,1.494
multicoil_train,data\multicoil_train\file_brain_AXT2_207_2070590_corrupted.h5,AXT2,16,4,640,320,True,1.494
multicoil_train,data\multicoil_train\file_brain_AXT2_207_2070592.h5,AXT2,16,4,640,320,False,1.494
multicoil_train,data\multicoil_train\file_brain_AXT2_207_2070592_corrupted.h5,AXT2,16,4,640,320,True,1.494
multicoil_train,data\multicoil_train\file_brain_AXT2_207_2070595.h5,AXT2,16,4,640,320,False,1.494
multicoil_train,data\multicoil_train\file_brain_AXT2_207_2070595_corrupted.h5,AXT2,16,4,640,320,True,1.494
multicoil_train,data\multicoil_train\file_brain_AXT2_207_2070602.h5,AXT2,16,4,640,320,False,1.494
multicoil_train,data\multicoil_train\file_brain_AXT2_207_2070602_corrupted.h5,AXT2,16,4,640,320,True,1.494
multicoil_train,data\multicoil_train\file_brain_AXT2_207_2070605.h5,AXT2,16,4,640,320,False,1.494
multicoil_train,data\multicoil_train\file_brain_AXT2_207_2070605_corrupted.h5,AXT2,16,4,640,320,True,1.494
multicoil_train,data\multicoil_train\file_brain_AXT2_207_2070606.h5,AXT2,16,4,640,320,False,1.494
multicoil_train,data\multicoil_train\file_brain_AXT2_207_2070606_corrupted.h5,AXT2,16,4,640,320,True,1.494
multicoil_train,data\multicoil_train\file_brain_AXT2_207_2070607.h5,AXT2,16,4,640,320,False,1.494
multicoil_train,data\multicoil_train\file_brain_AXT2_207_2070607_corrupted.h5,AXT2,16,4,640,320,True,1.494
multicoil_train,data\multicoil_train\file_brain_AXT2_207_2070608.h5,AXT2,16,4,640,320,False,1.494
multicoil_train,data\multicoil_train\file_brain_AXT2_207_2070608_corrupted.h5,AXT2,16,4,640,320,True,1.494
multicoil_train,data\multicoil_train\file_brain_AXT2_207_2070611.h5,AXT2,16,4,640,320,False,1.494
multicoil_train,data\multicoil_train\file_brain_AXT2_207_2070611_corrupted.h5,AXT2,16,4,640,320,True,1.494
multicoil_train,data\multicoil_train\file_brain_AXT2_207_2070613.h5,AXT2,16,4,640,320,False,1.494
multicoil_train,data\multicoil_train\file_brain_AXT2_207_2070613_corrupted.h5,AXT2,16,4,640,320,True,1.494
multicoil_train,data\multicoil_train\file_brain_AXT2_207_2070615.h5,AXT2,16,4,640,320,False,1.494
multicoil_train,data\multicoil_train\file_brain_AXT2_207_2070615_corrupted.h5,AXT2,16,4,640,320,True,1.494
multicoil_train,data\multicoil_train\file_brain_AXT2_207_2070620.h5,AXT2,16,4,640,320,False,1.494
multicoil_train,data\multicoil_train\file_brain_AXT2_207_2070620_corrupted.h5,AXT2,16,4,640,320,True,1.494
multicoil_train,data\multicoil_train\file_brain_AXT2_207_2070621.h5,AXT2,16,4,640,320,False,1.494
multicoil_train,data\multicoil_train\file_brain_AXT2_207_2070621_corrupted.h5,AXT2,16,4,640,320,True,1.494
multicoil_train,data\multicoil_train\file_brain_AXT2_207_2070624.h5,AXT2,16,4,640,320,False,1.494
multicoil_train,data\multicoil_train\file_brain_AXT2_207_2070624_corrupted.h5,AXT2,16,4,640,320,True,1.494
multicoil_train,data\multicoil_train\file_brain_AXT2_207_2070625.h5,AXT2,16,4,640,320,False,1.494
multicoil_train,data\multicoil_train\file_brain_AXT2_207_2070625_corrupted.h5,AXT2,16,4,640,320,True,1.494
multicoil_train,data\multicoil_train\file_brain_AXT2_207_2070626.h5,AXT2,16,4,640,320,False,1.494
multicoil_train,data\multicoil_train\file_brain_AXT2_207_2070626_corrupted.h5,AXT2,16,4,640,320,True,1.494
multicoil_train,data\multicoil_train\file_brain_AXT2_207_2070636.h5,AXT2,16,4,640,320,False,1.494
multicoil_train,data\multicoil_train\file_brain_AXT2_207_2070636_corrupted.h5,AXT2,16,4,640,320,True,1.494
multicoil_train,data\multicoil_train\file_brain_AXT2_207_2070639.h5,AXT2,16,4,640,320,False,1.494
multicoil_train,data\multicoil_train\file_brain_AXT2_207_2070639_corrupted.h5,AXT2,16,4,640,320,True,1.494
multicoil_train,data\multicoil_train\file_brain_AXT2_207_2070642.h5,AXT2,16,4,640,320,False,1.494
multicoil_train,data\multicoil_train\file_brain_AXT2_207_2070642_corrupted.h5,AXT2,16,4,640,320,True,1.494
multicoil_train,data\multicoil_train\file_brain_AXT2_207_2070646.h5,AXT2,16,4,640,320,False,1.494
multicoil_train,data\multicoil_train\file_brain_AXT2_207_2070646_corrupted.h5,AXT2,16,4,640,320,True,1.494
multicoil_train,data\multicoil_train\file_brain_AXT2_207_2070648.h5,AXT2,16,4,640,320,False,1.494
multicoil_train,data\multicoil_train\file_brain_AXT2_207_2070648_corrupted.h5,AXT2,16,4,640,320,True,1.494
multicoil_train,data\multicoil_train\file_brain_AXT2_207_2070650.h5,AXT2,16,4,640,320,False,1.494
multicoil_train,data\multicoil_train\file_brain_AXT2_207_2070650_corrupted.h5,AXT2,16,4,640,320,True,1.494
multicoil_train,data\multicoil_train\file_brain_AXT2_207_2070652.h5,AXT2,16,4,640,320,False,1.494
multicoil_train,data\multicoil_train\file_brain_AXT2_207_2070652_corrupted.h5,AXT2,16,4,640,320,True,1.494
multicoil_train,data\multicoil_train\file_brain_AXT2_207_2070653.h5,AXT2,16,4,640,320,False,1.494
multicoil_train,data\multicoil_train\file_brain_AXT2_207_2070653_corrupted.h5,AXT2,16,4,640,320,True,1.494
multicoil_train,data\multicoil_train\file_brain_AXT2_207_2070656.h5,AXT2,16,4,640,320,False,1.494
multicoil_train,data\multicoil_train\file_brain_AXT2_207_2070656_corrupted.h5,AXT2,16,4,640,320,True,1.494
multicoil_train,data\multicoil_train\file_brain_AXT2_207_2070659.h5,AXT2,16,4,640,320,False,1.494
multicoil_train,data\multicoil_train\file_brain_AXT2_207_2070659_corrupted.h5,AXT2,16,4,640,320,True,1.494
multicoil_train,data\multicoil_train\file_brain_AXT2_207_2070665.h5,AXT2,16,4,640,320,False,1.494
multicoil_train,data\multicoil_train\file_brain_AXT2_207_2070665_corrupted.h5,AXT2,16,4,640,320,True,1.494
multicoil_train,data\multicoil_train\file_brain_AXT2_207_2070668.h5,AXT2,16,4,640,320,False,1.494
multicoil_train,data\multicoil_train\file_brain_AXT2_207_2070668_corrupted.h5,AXT2,16,4,640,320,True,1.494
multicoil_train,data\multicoil_train\file_brain_AXT2_207_2070670.h5,AXT2,16,4,640,320,False,1.494
multicoil_train,data\multicoil_train\file_brain_AXT2_207_2070670_corrupted.h5,AXT2,16,4,640,320,True,1.494
multicoil_train,data\multicoil_train\file_brain_AXT2_207_2070675.h5,AXT2,16,4,640,320,False,1.494
multicoil_train,data\multicoil_train\file_brain_AXT2_207_2070675_corrupted.h5,AXT2,16,4,640,320,True,1.494
multicoil_train,data\multicoil_train\file_brain_AXT2_207_2070677.h5,AXT2,16,4,640,320,False,1.494
multicoil_train,data\multicoil_train\file_brain_AXT2_207_2070677_corrupted.h5,AXT2,16,4,640,320,True,1.494
multicoil_train,data\multicoil_train\file_brain_AXT2_207_2070678.h5,AXT2,16,4,640,320,False,1.494
multicoil_train,data\multicoil_train\file_brain_AXT2_207_2070678_corrupted.h5,AXT2,16,4,640,320,True,1.494
multicoil_train,data\multicoil_train\file_brain_AXT2_207_2070679.h5,AXT2,16,4,640,320,False,1.494
multicoil_train,data\multicoil_train\file_brain_AXT2_207_2070679_corrupted.h5,AXT2,16,4,640,320,True,1.494
multicoil_train,data\multicoil_train\file_brain_AXT2_207_2070686.h5,AXT2,16,4,640,320,False,1.494
multicoil_train,data\multicoil_train\file_brain_AXT2_207_2070686_corrupted.h5,AXT2,16,4,640,320,True,1.494
multicoil_train,data\multicoil_train\file_brain_AXT2_207_2070690.h5,AXT2,16,4,640,320,False,1.494
multicoil_train,data\multicoil_train\file_brain_AXT2_207_2070690_corrupted.h5,AXT2,16,4,640,320,True,1.494
multicoil_train,data\multicoil_train\file_brain_AXT2_207_2070692.h5,AXT2,16,4,640,320,False,1.494
multicoil_train,data\multicoil_train\file_brain_AXT2_207_2070692_corrupted.h5,AXT2,16,4,640,320,True,1.494
multicoil_train,data\multicoil_train\file_brain_AXT2_207_2070693.h5,AXT2,16,4,640,320,False,1.494
multicoil_train,data\multicoil_train\file_brain_AXT2_207_2070693_corrupted.h5,AXT2,16,4,640,320,True,1.494
multicoil_train,data\multicoil_train\file_brain_AXT2_207_2070695.h5,AXT2,16,4,640,320,False,1.494
multicoil_train,data\multicoil_train\file_brain_AXT2_207_2070695_corrupted.h5,AXT2,16,4,640,320,True,1.494
multicoil_train,data\multicoil_train\file_brain_AXT2_207_2070698.h5,AXT2,16,4,640,320,False,1.494
multicoil_train,data\multicoil_train\file_brain_AXT2_207_2070698_corrupted.h5,AXT2,16,4,640,320,True,1.494
multicoil_train,data\multicoil_train\file_brain_AXT2_207_2070699.h5,AXT2,16,4,640,320,False,1.494
multicoil_train,data\multicoil_train\file_brain_AXT2_207_2070699_corrupted.h5,AXT2,16,4,640,320,True,1.494
multicoil_train,data\multicoil_train\file_brain_AXT2_207_2070703.h5,AXT2,16,4,640,320,False,1.494
multicoil_train,data\multicoil_train\file_brain_AXT2_207_2070703_corrupted.h5,AXT2,16,4,640,320,True,1.494
multicoil_train,data\multicoil_train\file_brain_AXT2_207_2070704.h5,AXT2,16,4,640,320,False,1.494
multicoil_train,data\multicoil_train\file_brain_AXT2_207_2070704_corrupted.h5,AXT2,16,4,640,320,True,1.494
multicoil_train,data\multicoil_train\file_brain_AXT2_207_2070708.h5,AXT2,16,4,640,320,False,1.494
multicoil_train,data\multicoil_train\file_brain_AXT2_207_2070708_corrupted.h5,AXT2,16,4,640,320,True,1.494
multicoil_train,data\multicoil_train\file_brain_AXT2_207_2070712.h5,AXT2,16,4,640,320,False,1.494
multicoil_train,data\multicoil_train\file_brain_AXT2_207_2070712_corrupted.h5,AXT2,16,4,640,320,True,1.494
multicoil_train,data\multicoil_train\file_brain_AXT2_207_2070716.h5,AXT2,16,4,640,320,False,1.494
multicoil_train,data\multicoil_train\file_brain_AXT2_207_2070716_corrupted.h5,AXT2,16,4,640,320,True,1.494
multicoil_train,data\multicoil_train\file_brain_AXT2_207_2070724.h5,AXT2,16,4,640,320,False,1.494
multicoil_train,data\multicoil_train\file_brain_AXT2_207_2070724_corrupted.h5,AXT2,16,4,640,320,True,1.494
multicoil_train,data\multicoil_train\file_brain_AXT2_207_2070726.h5,AXT2,16,4,640,320,False,1.494
multicoil_train,data\multicoil_train\file_brain_AXT2_207_2070726_corrupted.h5,AXT2,16,4,640,320,True,1.494
multicoil_train,data\multicoil_train\file_brain_AXT2_207_2070729.h5,AXT2,16,4,640,320,False,1.494
multicoil_train,data\multicoil_train\file_brain_AXT2_207_2070729_corrupted.h5,AXT2,16,4,640,320,True,1.494
multicoil_train,data\multicoil_train\file_brain_AXT2_207_2070730.h5,AXT2,16,4,640,320,False,1.494
multicoil_train,data\multicoil_train\file_brain_AXT2_207_2070730_corrupted.h5,AXT2,16,4,640,320,True,1.494
multicoil_train,data\multicoil_train\file_brain_AXT2_207_2070731.h5,AXT2,16,4,640,320,False,1.494
multicoil_train,data\multicoil_train\file_brain_AXT2_207_2070731_corrupted.h5,AXT2,16,4,640,320,True,1.494
multicoil_train,data\multicoil_train\file_brain_AXT2_207_2070732.h5,AXT2,16,4,640,320,False,1.494
multicoil_train,data\multicoil_train\file_brain_AXT2_207_2070732_corrupted.h5,AXT2,16,4,640,320,True,1.494
multicoil_train,data\multicoil_train\file_brain_AXT2_207_2070734.h5,AXT2,16,4,640,320,False,1.494
multicoil_train,data\multicoil_train\file_brain_AXT2_207_2070734_corrupted.h5,AXT2,16,4,640,320,True,1.494
multicoil_train,data\multicoil_train\file_brain_AXT2_207_2070736.h5,AXT2,16,4,640,320,False,1.494
multicoil_train,data\multicoil_train\file_brain_AXT2_207_2070736_corrupted.h5,AXT2,16,4,640,320,True,1.494
multicoil_train,data\multicoil_train\file_brain_AXT2_207_2070739.h5,AXT2,16,4,640,320,False,1.494
multicoil_train,data\multicoil_train\file_brain_AXT2_207_2070739_corrupted.h5,AXT2,16,4,640,320,True,1.494
multicoil_train,data\multicoil_train\file_brain_AXT2_207_2070740.h5,AXT2,16,4,640,320,False,1.494
multicoil_train,data\multicoil_train\file_brain_AXT2_207_2070740_corrupted.h5,AXT2,16,4,640,320,True,1.494
multicoil_train,data\multicoil_train\file_brain_AXT2_207_2070746.h5,AXT2,16,4,640,320,False,1.494
multicoil_train,data\multicoil_train\file_brain_AXT2_207_2070746_corrupted.h5,AXT2,16,4,640,320,True,1.494
multicoil_train,data\multicoil_train\file_brain_AXT2_207_2070749.h5,AXT2,16,4,640,320,False,1.494
multicoil_train,data\multicoil_train\file_brain_AXT2_207_2070749_corrupted.h5,AXT2,16,4,640,320,True,1.494
multicoil_train,data\multicoil_train\file_brain_AXT2_207_2070753.h5,AXT2,16,4,640,320,False,1.494
multicoil_train,data\multicoil_train\file_brain_AXT2_207_2070753_corrupted.h5,AXT2,16,4,640,320,True,1.494
multicoil_train,data\multicoil_train\file_brain_AXT2_207_2070761.h5,AXT2,16,4,640,320,False,1.494
multicoil_train,data\multicoil_train\file_brain_AXT2_207_2070761_corrupted.h5,AXT2,16,4,640,320,True,1.494
multicoil_train,data\multicoil_train\file_brain_AXT2_207_2070763.h5,AXT2,16,4,640,320,False,1.494
multicoil_train,data\multicoil_train\file_brain_AXT2_207_2070763_corrupted.h5,AXT2,16,4,640,320,True,1.494
multicoil_train,data\multicoil_train\file_brain_AXT2_207_2070770.h5,AXT2,16,4,640,320,False,1.494
multicoil_train,data\multicoil_train\file_brain_AXT2_207_2070770_corrupted.h5,AXT2,16,4,640,320,True,1.494
multicoil_train,data\multicoil_train\file_brain_AXT2_207_2070771.h5,AXT2,16,4,640,320,False,1.494
multicoil_train,data\multicoil_train\file_brain_AXT2_207_2070771_corrupted.h5,AXT2,16,4,640,320,True,1.494
multicoil_train,data\multicoil_train\file_brain_AXT2_207_2070773.h5,AXT2,16,4,640,320,False,1.494
multicoil_train,data\multicoil_train\file_brain_AXT2_207_2070773_corrupted.h5,AXT2,16,4,640,320,True,1.494
multicoil_train,data\multicoil_train\file_brain_AXT2_207_2070777.h5,AXT2,16,4,640,320,False,1.494
multicoil_train,data\multicoil_train\file_brain_AXT2_207_2070777_corrupted.h5,AXT2,16,4,640,320,True,1.494
multicoil_train,data\multicoil_train\file_brain_AXT2_207_2070779.h5,AXT2,16,4,640,320,False,1.494
multicoil_train,data\multicoil_train\file_brain_AXT2_207_2070779_corrupted.h5,AXT2,16,4,640,320,True,1.494
multicoil_train,data\multicoil_train\file_brain_AXT2_207_2070780.h5,AXT2,16,4,640,320,False,1.494
multicoil_train,data\multicoil_train\file_brain_AXT2_207_2070780_corrupted.h5,AXT2,16,4,640,320,True,1.494
multicoil_train,data\multicoil_train\file_brain_AXT2_207_2070782.h5,AXT2,16,4,640,320,False,1.494
multicoil_train,data\multicoil_train\file_brain_AXT2_207_2070782_corrupted.h5,AXT2,16,4,640,320,True,1.494
multicoil_train,data\multicoil_train\file_brain_AXT2_207_2070793.h5,AXT2,16,4,640,320,False,1.494
multicoil_train,data\multicoil_train\file_brain_AXT2_207_2070793_corrupted.h5,AXT2,16,4,640,320,True,1.494
multicoil_train,data\multicoil_train\file_brain_AXT2_207_2070795.h5,AXT2,16,4,640,320,False,1.494
multicoil_train,data\multicoil_train\file_brain_AXT2_207_2070795_corrupted.h5,AXT2,16,4,640,320,True,1.494
multicoil_train,data\multicoil_train\file_brain_AXT2_207_2070800.h5,AXT2,16,4,640,320,False,1.494
multicoil_train,data\multicoil_train\file_brain_AXT2_207_2070800_corrupted.h5,AXT2,16,4,640,320,True,1.494
multicoil_train,data\multicoil_train\file_brain_AXT2_207_2070805.h5,AXT2,16,4,640,320,False,1.494
multicoil_train,data\multicoil_train\file_brain_AXT2_207_2070805_corrupted.h5,AXT2,16,4,640,320,True,1.494
multicoil_train,data\multicoil_train\file_brain_AXT2_207_2070808.h5,AXT2,16,4,640,320,False,1.494
multicoil_train,data\multicoil_train\file_brain_AXT2_207_2070808_corrupted.h5,AXT2,16,4,640,320,True,1.494
multicoil_train,data\multicoil_train\file_brain_AXT2_207_2070812.h5,AXT2,16,4,640,320,False,1.494
multicoil_train,data\multicoil_train\file_brain_AXT2_207_2070812_corrupted.h5,AXT2,16,4,640,320,True,1.494
multicoil_train,data\multicoil_train\file_brain_AXT2_207_2070815.h5,AXT2,16,4,640,320,False,1.494
multicoil_train,data\multicoil_train\file_brain_AXT2_207_2070815_corrupted.h5,AXT2,16,4,640,320,True,1.494
multicoil_train,data\multicoil_train\file_brain_AXT2_207_2070820.h5,AXT2,16,4,640,320,False,1.494
multicoil_train,data\multicoil_train\file_brain_AXT2_207_2070820_corrupted.h5,AXT2,16,4,640,320,True,1.494
multicoil_train,data\multicoil_train\file_brain_AXT2_207_2070822.h5,AXT2,16,4,640,320,False,1.494
multicoil_train,data\multicoil_train\file_brain_AXT2_207_2070822_corrupted.h5,AXT2,16,4,640,320,True,1.494
multicoil_train,data\multicoil_train\file_brain_AXT2_207_2070823.h5,AXT2,16,4,640,320,False,1.494
multicoil_train,data\multicoil_train\file_brain_AXT2_207_2070823_corrupted.h5,AXT2,16,4,640,320,True,1.494
multicoil_train,data\multicoil_train\file_brain_AXT2_207_2070826.h5,AXT2,16,4,640,320,False,1.494
multicoil_train,data\multicoil_train\file_brain_AXT2_207_2070826_corrupted.h5,AXT2,16,4,640,320,True,1.494
multicoil_train,data\multicoil_train\file_brain_AXT2_207_2070833.h5,AXT2,16,4,640,320,False,1.494
multicoil_train,data\multicoil_train\file_brain_AXT2_207_2070833_corrupted.h5,AXT2,16,4,640,320,True,1.494
multicoil_train,data\multicoil_train\file_brain_AXT2_207_2070834.h5,AXT2,16,4,640,320,False,1.494
multicoil_train,data\multicoil_train\file_brain_AXT2_207_2070834_corrupted.h5,AXT2,16,4,640,320,True,1.494
multicoil_train,data\multicoil_train\file_brain_AXT2_207_2070835.h5,AXT2,16,4,640,320,False,1.494
multicoil_train,data\multicoil_train\file_brain_AXT2_207_2070835_corrupted.h5,AXT2,16,4,640,320,True,1.494
multicoil_train,data\multicoil_train\file_brain_AXT2_207_2070838.h5,AXT2,16,4,640,320,False,1.494
multicoil_train,data\multicoil_train\file_brain_AXT2_207_2070838_corrupted.h5,AXT2,16,4,640,320,True,1.494
multicoil_train,data\multicoil_train\file_brain_AXT2_207_2070839.h5,AXT2,16,4,640,320,False,1.494
multicoil_train,data\multicoil_train\file_brain_AXT2_207_2070839_corrupted.h5,AXT2,16,4,640,320,True,1.494
multicoil_train,data\multicoil_train\file_brain_AXT2_207_2070840.h5,AXT2,16,4,640,320,False,1.494
multicoil_train,data\multicoil_train\file_brain_AXT2_207_2070840_corrupted.h5,AXT2,16,4,640,320,True,1.494
multicoil_train,data\multicoil_train\file_brain_AXT2_207_2070842.h5,AXT2,16,4,640,320,False,1.494
multicoil_train,data\multicoil_train\file_brain_AXT2_207_2070842_corrupted.h5,AXT2,16,4,640,320,True,1.494
multicoil_train,data\multicoil_train\file_brain_AXT2_207_2070844.h5,AXT2,16,4,640,320,False,1.494
multicoil_train,data\multicoil_train\file_brain_AXT2_207_2070844_corrupted.h5,AXT2,16,4,640,320,True,1.494
multicoil_train,data\multicoil_train\file_brain_AXT2_207_2070847.h5,AXT2,16,4,640,320,False,1.494
multicoil_train,data\multicoil_train\file_brain_AXT2_207_2070847_corrupted.h5,AXT2,16,4,640,320,True,1.494
multicoil_train,data\multicoil_train\file_brain_AXT2_207_6000966.h5,AXT2,16,4,640,320,False,1.494
multicoil_train,data\multicoil_train\file_brain_AXT2_207_6000966_corrupted.h5,AXT2,16,4,640,320,True,1.494
multicoil_train,data\multicoil_train\file_brain_AXT2_208_2080004.h5,AXT2,16,4,640,320,False,1.494
multicoil_train,data\multicoil_train\file_brain_AXT2_208_2080004_corrupted.h5,AXT2,16,4,640,320,True,1.494
multicoil_train,data\multicoil_train\file_brain_AXT2_208_2080006.h5,AXT2,16,4,640,320,False,1.494
multicoil_train,data\multicoil_train\file_brain_AXT2_208_2080006_corrupted.h5,AXT2,16,4,640,320,True,1.494
multicoil_train,data\multicoil_train\file_brain_AXT2_208_2080011.h5,AXT2,16,4,640,320,False,1.494
multicoil_train,data\multicoil_train\file_brain_AXT2_208_2080011_corrupted.h5,AXT2,16,4,640,320,True,1.494
multicoil_train,data\multicoil_train\file_brain_AXT2_208_2080013.h5,AXT2,16,4,640,320,False,1.494
multicoil_train,data\multicoil_train\file_brain_AXT2_208_2080013_corrupted.h5,AXT2,16,4,640,320,True,1.494
multicoil_train,data\multicoil_train\file_brain_AXT2_208_2080016.h5,AXT2,16,4,640,320,False,1.494
multicoil_train,data\multicoil_train\file_brain_AXT2_208_2080016_corrupted.h5,AXT2,16,4,640,320,True,1.494
multicoil_train,data\multicoil_train\file_brain_AXT2_208_2080019.h5,AXT2,16,4,640,320,False,1.494
multicoil_train,data\multicoil_train\file_brain_AXT2_208_2080019_corrupted.h5,AXT2,16,4,640,320,True,1.494
multicoil_train,data\multicoil_train\file_brain_AXT2_208_2080020.h5,AXT2,16,4,640,320,False,1.494
multicoil_train,data\multicoil_train\file_brain_AXT2_208_2080020_corrupted.h5,AXT2,16,4,640,320,True,1.494
multicoil_train,data\multicoil_train\file_brain_AXT2_208_2080026.h5,AXT2,16,4,640,320,False,1.494
multicoil_train,data\multicoil_train\file_brain_AXT2_208_2080026_corrupted.h5,AXT2,16,4,640,320,True,1.494
multicoil_train,data\multicoil_train\file_brain_AXT2_208_2080029.h5,AXT2,16,4,640,320,False,1.494
multicoil_train,data\multicoil_train\file_brain_AXT2_208_2080029_corrupted.h5,AXT2,16,4,640,320,True,1.494
multicoil_train,data\multicoil_train\file_brain_AXT2_208_2080031.h5,AXT2,16,4,640,320,False,1.494
multicoil_train,data\multicoil_train\file_brain_AXT2_208_2080031_corrupted.h5,AXT2,16,4,640,320,True,1.494
multicoil_train,data\multicoil_train\file_brain_AXT2_208_2080033.h5,AXT2,16,4,640,320,False,1.494
multicoil_train,data\multicoil_train\file_brain_AXT2_208_2080033_corrupted.h5,AXT2,16,4,640,320,True,1.494
multicoil_train,data\multicoil_train\file_brain_AXT2_208_2080039.h5,AXT2,16,4,640,320,False,1.494
multicoil_train,data\multicoil_train\file_brain_AXT2_208_2080039_corrupted.h5,AXT2,16,4,640,320,True,1.494
multicoil_train,data\multicoil_train\file_brain_AXT2_208_2080040.h5,AXT2,16,4,640,320,False,1.494
multicoil_train,data\multicoil_train\file_brain_AXT2_208_2080040_corrupted.h5,AXT2,16,4,640,320,True,1.494
multicoil_train,data\multicoil_train\file_brain_AXT2_208_2080042.h5,AXT2,16,4,640,320,False,1.494
multicoil_train,data\multicoil_train\file_brain_AXT2_208_2080042_corrupted.h5,AXT2,16,4,640,320,True,1.494
multicoil_train,data\multicoil_train\file_brain_AXT2_208_2080043.h5,AXT2,16,4,640,320,False,1.494
multicoil_train,data\multicoil_train\file_brain_AXT2_208_2080043_corrupted.h5,AXT2,16,4,640,320,True,1.494
multicoil_train,data\multicoil_train\file_brain_AXT2_208_2080046.h5,AXT2,16,4,640,320,False,1.494
multicoil_train,data\multicoil_train\file_brain_AXT2_208_2080046_corrupted.h5,AXT2,16,4,640,320,True,1.494
multicoil_train,data\multicoil_train\file_brain_AXT2_208_2080047.h5,AXT2,16,4,640,320,False,1.494
multicoil_train,data\multicoil_train\file_brain_AXT2_208_2080047_corrupted.h5,AXT2,16,4,640,320,True,1.494
multicoil_train,data\multicoil_train\file_brain_AXT2_208_2080050.h5,AXT2,16,4,640,320,False,1.494
multicoil_train,data\multicoil_train\file_brain_AXT2_208_2080050_corrupted.h5,AXT2,16,4,640,320,True,1.494
multicoil_train,data\multicoil_train\file_brain_AXT2_208_2080054.h5,AXT2,16,4,640,320,False,1.494
multicoil_train,data\multicoil_train\file_brain_AXT2_208_2080054_corrupted.h5,AXT2,16,4,640,320,True,1.494
multicoil_train,data\multicoil_train\file_brain_AXT2_208_2080059.h5,AXT2,16,4,640,320,False,1.494
multicoil_train,data\multicoil_train\file_brain_AXT2_208_2080059_corrupted.h5,AXT2,16,4,640,320,True,1.494
multicoil_train,data\multicoil_train\file_brain_AXT2_208_2080063.h5,AXT2,16,4,640,320,False,1.494
multicoil_train,data\multicoil_train\file_brain_AXT2_208_2080063_corrupted.h5,AXT2,16,4,640,320,True,1.494
multicoil_train,data\multicoil_train\file_brain_AXT2_208_2080064.h5,AXT2,16,4,640,320,False,1.494
multicoil_train,data\multicoil_train\file_brain_AXT2_208_2080064_corrupted.h5,AXT2,16,4,640,320,True,1.494
multicoil_train,data\multicoil_train\file_brain_AXT2_208_2080067.h5,AXT2,16,4,640,320,False,1.494
multicoil_train,data\multicoil_train\file_brain_AXT2_208_2080067_corrupted.h5,AXT2,16,4,640,320,True,1.494
multicoil_train,data\multicoil_train\file_brain_AXT2_208_2080070.h5,AXT2,16,4,640,320,False,1.494
multicoil_train,data\multicoil_train\file_brain_AXT2_208_2080070_corrupted.h5,AXT2,16,4,640,320,True,1.494
multicoil_train,data\multicoil_train\file_brain_AXT2_208_2080071.h5,AXT2,16,4,640,320,False,1.494
multicoil_train,data\multicoil_train\file_brain_AXT2_208_2080071_corrupted.h5,AXT2,16,4,640,320,True,1.494
multicoil_train,data\multicoil_train\file_brain_AXT2_208_2080072.h5,AXT2,16,4,640,320,False,1.494
multicoil_train,data\multicoil_train\file_brain_AXT2_208_2080072_corrupted.h5,AXT2,16,4,640,320,True,1.494
multicoil_train,data\multicoil_train\file_brain_AXT2_208_2080076.h5,AXT2,16,4,640,320,False,1.494
multicoil_train,data\multicoil_train\file_brain_AXT2_208_2080076_corrupted.h5,AXT2,16,4,640,320,True,1.494
multicoil_train,data\multicoil_train\file_brain_AXT2_208_2080080.h5,AXT2,16,4,640,320,False,1.494
multicoil_train,data\multicoil_train\file_brain_AXT2_208_2080080_corrupted.h5,AXT2,16,4,640,320,True,1.494
multicoil_train,data\multicoil_train\file_brain_AXT2_208_2080083.h5,AXT2,16,4,640,320,False,1.494
multicoil_train,data\multicoil_train\file_brain_AXT2_208_2080083_corrupted.h5,AXT2,16,4,640,320,True,1.494
multicoil_train,data\multicoil_train\file_brain_AXT2_208_2080088.h5,AXT2,16,4,640,320,False,1.494
multicoil_train,data\multicoil_train\file_brain_AXT2_208_2080088_corrupted.h5,AXT2,16,4,640,320,True,1.494
multicoil_train,data\multicoil_train\file_brain_AXT2_208_2080091.h5,AXT2,16,4,640,320,False,1.494
multicoil_train,data\multicoil_train\file_brain_AXT2_208_2080091_corrupted.h5,AXT2,16,4,640,320,True,1.494
multicoil_train,data\multicoil_train\file_brain_AXT2_208_2080098.h5,AXT2,16,4,640,320,False,1.494
multicoil_train,data\multicoil_train\file_brain_AXT2_208_2080098_corrupted.h5,AXT2,16,4,640,320,True,1.494
multicoil_train,data\multicoil_train\file_brain_AXT2_208_2080106.h5,AXT2,16,4,640,320,False,1.494
multicoil_train,data\multicoil_train\file_brain_AXT2_208_2080106_corrupted.h5,AXT2,16,4,640,320,True,1.494
multicoil_train,data\multicoil_train\file_brain_AXT2_208_2080111.h5,AXT2,16,4,640,320,False,1.494
multicoil_train,data\multicoil_train\file_brain_AXT2_208_2080111_corrupted.h5,AXT2,16,4,640,320,True,1.494
multicoil_train,data\multicoil_train\file_brain_AXT2_208_2080112.h5,AXT2,16,4,640,320,False,1.494
multicoil_train,data\multicoil_train\file_brain_AXT2_208_2080112_corrupted.h5,AXT2,16,4,640,320,True,1.494
multicoil_train,data\multicoil_train\file_brain_AXT2_208_2080120.h5,AXT2,16,4,640,320,False,1.494
multicoil_train,data\multicoil_train\file_brain_AXT2_208_2080120_corrupted.h5,AXT2,16,4,640,320,True,1.494
multicoil_train,data\multicoil_train\file_brain_AXT2_208_2080128.h5,AXT2,16,4,640,320,False,1.494
multicoil_train,data\multicoil_train\file_brain_AXT2_208_2080128_corrupted.h5,AXT2,16,4,640,320,True,1.494
multicoil_train,data\multicoil_train\file_brain_AXT2_208_2080132.h5,AXT2,16,4,640,320,False,1.494
multicoil_train,data\multicoil_train\file_brain_AXT2_208_2080132_corrupted.h5,AXT2,16,4,640,320,True,1.494
multicoil_train,data\multicoil_train\file_brain_AXT2_208_2080138.h5,AXT2,16,4,640,320,False,1.494
multicoil_train,data\multicoil_train\file_brain_AXT2_208_2080138_corrupted.h5,AXT2,16,4,640,320,True,1.494
multicoil_train,data\multicoil_train\file_brain_AXT2_208_2080139.h5,AXT2,16,4,640,320,False,1.494
multicoil_train,data\multicoil_train\file_brain_AXT2_208_2080139_corrupted.h5,AXT2,16,4,640,320,True,1.494
multicoil_train,data\multicoil_train\file_brain_AXT2_208_2080145.h5,AXT2,16,4,640,320,False,1.494
multicoil_train,data\multicoil_train\file_brain_AXT2_208_2080145_corrupted.h5,AXT2,16,4,640,320,True,1.494
multicoil_train,data\multicoil_train\file_brain_AXT2_208_2080148.h5,AXT2,16,4,640,320,False,1.494
multicoil_train,data\multicoil_train\file_brain_AXT2_208_2080148_corrupted.h5,AXT2,16,4,640,320,True,1.494
multicoil_train,data\multicoil_train\file_brain_AXT2_208_2080151.h5,AXT2,16,4,640,320,False,1.494
multicoil_train,data\multicoil_train\file_brain_AXT2_208_2080151_corrupted.h5,AXT2,16,4,640,320,True,1.494
multicoil_train,data\multicoil_train\file_brain_AXT2_208_2080152.h5,AXT2,16,4,640,320,False,1.494
multicoil_train,data\multicoil_train\file_brain_AXT2_208_2080152_corrupted.h5,AXT2,16,4,640,320,True,1.494
multicoil_train,data\multicoil_train\file_brain_AXT2_208_2080157.h5,AXT2,16,4,640,320,False,1.494
multicoil_train,data\multicoil_train\file_brain_AXT2_208_2080157_corrupted.h5,AXT2,16,4,640,320,True,1.494
multicoil_train,data\multicoil_train\file_brain_AXT2_208_2080158.h5,AXT2,16,4,640,320,False,1.494
multicoil_train,data\multicoil_train\file_brain_AXT2_208_2080158_corrupted.h5,AXT2,16,4,640,320,True,1.494
multicoil_train,data\multicoil_train\file_brain_AXT2_208_2080160.h5,AXT2,16,4,640,320,False,1.494
multicoil_train,data\multicoil_train\file_brain_AXT2_208_2080160_corrupted.h5,AXT2,16,4,640,320,True,1.494
multicoil_train,data\multicoil_train\file_brain_AXT2_208_2080162.h5,AXT2,16,4,640,320,False,1.494
multicoil_train,data\multicoil_train\file_brain_AXT2_208_2080162_corrupted.h5,AXT2,16,4,640,320,True,1.494
multicoil_train,data\multicoil_train\file_brain_AXT2_208_2080168.h5,AXT2,16,4,640,320,False,1.494
multicoil_train,data\multicoil_train\file_brain_AXT2_208_2080168_corrupted.h5,AXT2,16,4,640,320,True,1.494
multicoil_train,data\multicoil_train\file_brain_AXT2_208_2080170.h5,AXT2,16,4,640,320,False,1.494
multicoil_train,data\multicoil_train\file_brain_AXT2_208_2080170_corrupted.h5,AXT2,16,4,640,320,True,1.494
multicoil_train,data\multicoil_train\file_brain_AXT2_208_2080174.h5,AXT2,16,4,640,320,False,1.494
multicoil_train,data\multicoil_train\file_brain_AXT2_208_2080174_corrupted.h5,AXT2,16,4,640,320,True,1.494
multicoil_train,data\multicoil_train\file_brain_AXT2_208_2080175.h5,AXT2,16,4,640,320,False,1.494
multicoil_train,data\multicoil_train\file_brain_AXT2_208_2080175_corrupted.h5,AXT2,16,4,640,320,True,1.494
multicoil_train,data\multicoil_train\file_brain_AXT2_208_2080176.h5,AXT2,16,4,640,320,False,1.494
multicoil_train,data\multicoil_train\file_brain_AXT2_208_2080176_corrupted.h5,AXT2,16,4,640,320,True,1.494
multicoil_train,data\multicoil_train\file_brain_AXT2_208_2080180.h5,AXT2,16,4,640,320,False,1.494
multicoil_train,data\multicoil_train\file_brain_AXT2_208_2080180_corrupted.h5,AXT2,16,4,640,320,True,1.494
multicoil_train,data\multicoil_train\file_brain_AXT2_208_2080181.h5,AXT2,16,4,640,320,False,1.494
multicoil_train,data\multicoil_train\file_brain_AXT2_208_2080181_corrupted.h5,AXT2,16,4,640,320,True,1.494
multicoil_train,data\multicoil_train\file_brain_AXT2_208_2080186.h5,AXT2,16,4,640,320,False,1.494
multicoil_train,data\multicoil_train\file_brain_AXT2_208_2080186_corrupted.h5,AXT2,16,4,640,320,True,1.494
multicoil_train,data\multicoil_train\file_brain_AXT2_208_2080188.h5,AXT2,16,4,640,320,False,1.494
multicoil_train,data\multicoil_train\file_brain_AXT2_208_2080188_corrupted.h5,AXT2,16,4,640,320,True,1.494
multicoil_train,data\multicoil_train\file_brain_AXT2_208_2080190.h5,AXT2,16,4,640,320,False,1.494
multicoil_train,data\multicoil_train\file_brain_AXT2_208_2080190_corrupted.h5,AXT2,16,4,640,320,True,1.494
multicoil_train,data\multicoil_train\file_brain_AXT2_208_2080192.h5,AXT2,16,4,640,320,False,1.494
multicoil_train,data\multicoil_train\file_brain_AXT2_208_2080192_corrupted.h5,AXT2,16,4,640,320,True,1.494
multicoil_train,data\multicoil_train\file_brain_AXT2_208_2080197.h5,AXT2,16,4,640,320,False,1.494
multicoil_train,data\multicoil_train\file_brain_AXT2_208_2080197_corrupted.h5,AXT2,16,4,640,320,True,1.494
multicoil_train,data\multicoil_train\file_brain_AXT2_208_2080198.h5,AXT2,16,4,640,320,False,1.494
multicoil_train,data\multicoil_train\file_brain_AXT2_208_2080198_corrupted.h5,AXT2,16,4,640,320,True,1.494
multicoil_train,data\multicoil_train\file_brain_AXT2_208_2080202.h5,AXT2,16,4,640,320,False,1.494
multicoil_train,data\multicoil_train\file_brain_AXT2_208_2080202_corrupted.h5,AXT2,16,4,640,320,True,1.494
multicoil_train,data\multicoil_train\file_brain_AXT2_208_2080205.h5,AXT2,16,4,640,320,False,1.494
multicoil_train,data\multicoil_train\file_brain_AXT2_208_2080205_corrupted.h5,AXT2,16,4,640,320,True,1.494
multicoil_train,data\multicoil_train\file_brain_AXT2_208_2080206.h5,AXT2,16,4,640,320,False,1.494
multicoil_train,data\multicoil_train\file_brain_AXT2_208_2080206_corrupted.h5,AXT2,16,4,640,320,True,1.494
multicoil_train,data\multicoil_train\file_brain_AXT2_208_2080207.h5,AXT2,16,4,640,320,False,1.494
multicoil_train,data\multicoil_train\file_brain_AXT2_208_2080207_corrupted.h5,AXT2,16,4,640,320,True,1.494
multicoil_train,data\multicoil_train\file_brain_AXT2_208_2080216.h5,AXT2,16,4,640,320,False,1.494
multicoil_train,data\multicoil_train\file_brain_AXT2_208_2080216_corrupted.h5,AXT2,16,4,640,320,True,1.494
multicoil_train,data\multicoil_train\file_brain_AXT2_208_2080218.h5,AXT2,16,4,640,320,False,1.494
multicoil_train,data\multicoil_train\file_brain_AXT2_208_2080218_corrupted.h5,AXT2,16,4,640,320,True,1.494
multicoil_train,data\multicoil_train\file_brain_AXT2_208_2080220.h5,AXT2,16,4,640,320,False,1.494
multicoil_train,data\multicoil_train\file_brain_AXT2_208_2080220_corrupted.h5,AXT2,16,4,640,320,True,1.494
multicoil_train,data\multicoil_train\file_brain_AXT2_208_2080221.h5,AXT2,16,4,640,320,False,1.494
multicoil_train,data\multicoil_train\file_brain_AXT2_208_2080221_corrupted.h5,AXT2,16,4,640,320,True,1.494
multicoil_train,data\multicoil_train\file_brain_AXT2_208_2080222.h5,AXT2,16,4,640,320,False,1.494
multicoil_train,data\multicoil_train\file_brain_AXT2_208_2080222_corrupted.h5,AXT2,16,4,640,320,True,1.494
multicoil_train,data\multicoil_train\file_brain_AXT2_208_2080224.h5,AXT2,16,4,640,320,False,1.494
multicoil_train,data\multicoil_train\file_brain_AXT2_208_2080224_corrupted.h5,AXT2,16,4,640,320,True,1.494
multicoil_train,data\multicoil_train\file_brain_AXT2_208_2080233.h5,AXT2,16,4,640,320,False,1.494
multicoil_train,data\multicoil_train\file_brain_AXT2_208_2080233_corrupted.h5,AXT2,16,4,640,320,True,1.494
multicoil_train,data\multicoil_train\file_brain_AXT2_208_2080238.h5,AXT2,16,4,640,320,False,1.494
multicoil_train,data\multicoil_train\file_brain_AXT2_208_2080238_corrupted.h5,AXT2,16,4,640,320,True,1.494
multicoil_train,data\multicoil_train\file_brain_AXT2_208_2080239.h5,AXT2,16,4,640,320,False,1.494
multicoil_train,data\multicoil_train\file_brain_AXT2_208_2080239_corrupted.h5,AXT2,16,4,640,320,True,1.494
multicoil_train,data\multicoil_train\file_brain_AXT2_208_2080245.h5,AXT2,16,4,640,320,False,1.494
multicoil_train,data\multicoil_train\file_brain_AXT2_208_2080245_corrupted.h5,AXT2,16,4,640,320,True,1.494
multicoil_train,data\multicoil_train\file_brain_AXT2_208_2080247.h5,AXT2,16,4,640,320,False,1.494
multicoil_train,data\multicoil_train\file_brain_AXT2_208_2080247_corrupted.h5,AXT2,16,4,640,320,True,1.494
multicoil_train,data\multicoil_train\file_brain_AXT2_208_2080255.h5,AXT2,16,4,640,320,False,1.494
multicoil_train,data\multicoil_train\file_brain_AXT2_208_2080255_corrupted.h5,AXT2,16,4,640,320,True,1.494
multicoil_train,data\multicoil_train\file_brain_AXT2_208_2080260.h5,AXT2,16,4,640,320,False,1.494
multicoil_train,data\multicoil_train\file_brain_AXT2_208_2080260_corrupted.h5,AXT2,16,4,640,320,True,1.494
multicoil_train,data\multicoil_train\file_brain_AXT2_208_2080262.h5,AXT2,16,4,640,320,False,1.494
multicoil_train,data\multicoil_train\file_brain_AXT2_208_2080262_corrupted.h5,AXT2,16,4,640,320,True,1.494
multicoil_train,data\multicoil_train\file_brain_AXT2_208_2080264.h5,AXT2,16,4,640,320,False,1.494
multicoil_train,data\multicoil_train\file_brain_AXT2_208_2080264_corrupted.h5,AXT2,16,4,640,320,True,1.494
multicoil_train,data\multicoil_train\file_brain_AXT2_208_2080269.h5,AXT2,16,4,640,320,False,1.494
multicoil_train,data\multicoil_train\file_brain_AXT2_208_2080269_corrupted.h5,AXT2,16,4,640,320,True,1.494
multicoil_train,data\multicoil_train\file_brain_AXT2_208_2080273.h5,AXT2,16,4,640,320,False,1.494
multicoil_train,data\multicoil_train\file_brain_AXT2_208_2080273_corrupted.h5,AXT2,16,4,640,320,True,1.494
multicoil_train,data\multicoil_train\file_brain_AXT2_208_2080277.h5,AXT2,16,4,640,320,False,1.494
multicoil_train,data\multicoil_train\file_brain_AXT2_208_2080277_corrupted.h5,AXT2,16,4,640,320,True,1.494
multicoil_train,data\multicoil_train\file_brain_AXT2_208_2080280.h5,AXT2,16,4,640,320,False,1.494
multicoil_train,data\multicoil_train\file_brain_AXT2_208_2080280_corrupted.h5,AXT2,16,4,640,320,True,1.494
multicoil_train,data\multicoil_train\file_brain_AXT2_208_2080283.h5,AXT2,16,4,640,320,False,1.494
multicoil_train,data\multicoil_train\file_brain_AXT2_208_2080283_corrupted.h5,AXT2,16,4,640,320,True,1.494
multicoil_train,data\multicoil_train\file_brain_AXT2_208_2080284.h5,AXT2,16,4,640,320,False,1.494
multicoil_train,data\multicoil_train\file_brain_AXT2_208_2080284_corrupted.h5,AXT2,16,4,640,320,True,1.494
multicoil_train,data\multicoil_train\file_brain_AXT2_208_2080285.h5,AXT2,16,4,640,320,False,1.494
multicoil_train,data\multicoil_train\file_brain_AXT2_208_2080285_corrupted.h5,AXT2,16,4,640,320,True,1.494
multicoil_train,data\multicoil_train\file_brain_AXT2_208_2080287.h5,AXT2,16,4,640,320,False,1.494
multicoil_train,data\multicoil_train\file_brain_AXT2_208_2080287_corrupted.h5,AXT2,16,4,640,320,True,1.494
multicoil_train,data\multicoil_train\file_brain_AXT2_208_2080288.h5,AXT2,16,4,640,320,False,1.494
multicoil_train,data\multicoil_train\file_brain_AXT2_208_2080288_corrupted.h5,AXT2,16,4,640,320,True,1.494
multicoil_train,data\multicoil_train\file_brain_AXT2_208_2080295.h5,AXT2,16,4,640,320,False,1.494
multicoil_train,data\multicoil_train\file_brain_AXT2_208_2080295_corrupted.h5,AXT2,16,4,640,320,True,1.494
multicoil_train,data\multicoil_train\file_brain_AXT2_208_2080297.h5,AXT2,16,4,640,320,False,1.494
multicoil_train,data\multicoil_train\file_brain_AXT2_208_2080297_corrupted.h5,AXT2,16,4,640,320,True,1.494
multicoil_train,data\multicoil_train\file_brain_AXT2_208_2080298.h5,AXT2,16,4,640,320,False,1.494
multicoil_train,data\multicoil_train\file_brain_AXT2_208_2080298_corrupted.h5,AXT2,16,4,640,320,True,1.494
multicoil_train,data\multicoil_train\file_brain_AXT2_208_2080299.h5,AXT2,16,4,640,320,False,1.494
multicoil_train,data\multicoil_train\file_brain_AXT2_208_2080299_corrupted.h5,AXT2,16,4,640,320,True,1.494
multicoil_train,data\multicoil_train\file_brain_AXT2_208_2080301.h5,AXT2,16,4,640,320,False,1.494
multicoil_train,data\multicoil_train\file_brain_AXT2_208_2080301_corrupted.h5,AXT2,16,4,640,320,True,1.494
multicoil_train,data\multicoil_train\file_brain_AXT2_208_2080303.h5,AXT2,16,4,640,320,False,1.494
multicoil_train,data\multicoil_train\file_brain_AXT2_208_2080303_corrupted.h5,AXT2,16,4,640,320,True,1.494
multicoil_train,data\multicoil_train\file_brain_AXT2_208_2080306.h5,AXT2,16,4,640,320,False,1.494
multicoil_train,data\multicoil_train\file_brain_AXT2_208_2080306_corrupted.h5,AXT2,16,4,640,320,True,1.494
multicoil_train,data\multicoil_train\file_brain_AXT2_208_2080310.h5,AXT2,16,4,640,320,False,1.494
multicoil_train,data\multicoil_train\file_brain_AXT2_208_2080310_corrupted.h5,AXT2,16,4,640,320,True,1.494
multicoil_train,data\multicoil_train\file_brain_AXT2_208_2080312.h5,AXT2,16,4,640,320,False,1.494
multicoil_train,data\multicoil_train\file_brain_AXT2_208_2080312_corrupted.h5,AXT2,16,4,640,320,True,1.494
multicoil_train,data\multicoil_train\file_brain_AXT2_208_2080314.h5,AXT2,16,4,640,320,False,1.494
multicoil_train,data\multicoil_train\file_brain_AXT2_208_2080314_corrupted.h5,AXT2,16,4,640,320,True,1.494
multicoil_train,data\multicoil_train\file_brain_AXT2_208_2080315.h5,AXT2,16,4,640,320,False,1.494
multicoil_train,data\multicoil_train\file_brain_AXT2_208_2080315_corrupted.h5,AXT2,16,4,640,320,True,1.494
multicoil_train,data\multicoil_train\file_brain_AXT2_208_2080317.h5,AXT2,16,4,640,320,False,1.494
multicoil_train,data\multicoil_train\file_brain_AXT2_208_2080317_corrupted.h5,AXT2,16,4,640,320,True,1.494
multicoil_train,data\multicoil_train\file_brain_AXT2_208_2080319.h5,AXT2,16,4,640,320,False,1.494
multicoil_train,data\multicoil_train\file_brain_AXT2_208_2080319_corrupted.h5,AXT2,16,4,640,320,True,1.494
multicoil_train,data\multicoil_train\file_brain_AXT2_208_2080327.h5,AXT2,16,4,640,320,False,1.494
multicoil_train,data\multicoil_train\file_brain_AXT2_208_2080327_corrupted.h5,AXT2,16,4,640,320,True,1.494
multicoil_train,data\multicoil_train\file_brain_AXT2_208_2080330.h5,AXT2,16,4,640,320,False,1.494
multicoil_train,data\multicoil_train\file_brain_AXT2_208_2080330_corrupted.h5,AXT2,16,4,640,320,True,1.494
multicoil_train,data\multicoil_train\file_brain_AXT2_208_2080331.h5,AXT2,16,4,640,320,False,1.494
multicoil_train,data\multicoil_train\file_brain_AXT2_208_2080331_corrupted.h5,AXT2,16,4,640,320,True,1.494
multicoil_train,data\multicoil_train\file_brain_AXT2_208_2080333.h5,AXT2,16,4,640,320,False,1.494
multicoil_train,data\multicoil_train\file_brain_AXT2_208_2080333_corrupted.h5,AXT2,16,4,640,320,True,1.494
multicoil_train,data\multicoil_train\file_brain_AXT2_208_2080334.h5,AXT2,16,4,640,320,False,1.494
multicoil_train,data\multicoil_train\file_brain_AXT2_208_2080334_corrupted.h5,AXT2,16,4,640,320,True,1.494
multicoil_train,data\multicoil_train\file_brain_AXT2_208_2080338.h5,AXT2,16,4,640,320,False,1.494
multicoil_train,data\multicoil_train\file_brain_AXT2_208_2080338_corrupted.h5,AXT2,16,4,640,320,True,1.494
multicoil_train,data\multicoil_train\file_brain_AXT2_208_2080339.h5,AXT2,16,4,640,320,False,1.494
multicoil_train,data\multicoil_train\file_brain_AXT2_208_2080339_corrupted.h5,AXT2,16,4,640,320,True,1.494
multicoil_train,data\multicoil_train\file_brain_AXT2_208_2080340.h5,AXT2,16,4,640,320,False,1.494
multicoil_train,data\multicoil_train\file_brain_AXT2_208_2080340_corrupted.h5,AXT2,16,4,640,320,True,1.494
multicoil_train,data\multicoil_train\file_brain_AXT2_208_2080341.h5,AXT2,16,4,640,320,False,1.494
multicoil_train,data\multicoil_train\file_brain_AXT2_208_2080341_corrupted.h5,AXT2,16,4,640,320,True,1.494
multicoil_train,data\multicoil_train\file_brain_AXT2_208_2080343.h5,AXT2,16,4,640,320,False,1.494
multicoil_train,data\multicoil_train\file_brain_AXT2_208_2080343_corrupted.h5,AXT2,16,4,640,320,True,1.494
multicoil_train,data\multicoil_train\file_brain_AXT2_208_2080344.h5,AXT2,16,4,640,320,False,1.494
multicoil_train,data\multicoil_train\file_brain_AXT2_208_2080344_corrupted.h5,AXT2,16,4,640,320,True,1.494
multicoil_train,data\multicoil_train\file_brain_AXT2_208_2080346.h5,AXT2,16,4,640,320,False,1.494
multicoil_train,data\multicoil_train\file_brain_AXT2_208_2080346_corrupted.h5,AXT2,16,4,640,320,True,1.494
multicoil_train,data\multicoil_train\file_brain_AXT2_208_2080348.h5,AXT2,16,4,640,320,False,1.494
multicoil_train,data\multicoil_train\file_brain_AXT2_208_2080348_corrupted.h5,AXT2,16,4,640,320,True,1.494
multicoil_train,data\multicoil_train\file_brain_AXT2_208_2080353.h5,AXT2,16,4,640,320,False,1.494
multicoil_train,data\multicoil_train\file_brain_AXT2_208_2080353_corrupted.h5,AXT2,16,4,640,320,True,1.494
multicoil_train,data\multicoil_train\file_brain_AXT2_208_2080354.h5,AXT2,16,4,640,320,False,1.494
multicoil_train,data\multicoil_train\file_brain_AXT2_208_2080354_corrupted.h5,AXT2,16,4,640,320,True,1.494
multicoil_train,data\multicoil_train\file_brain_AXT2_208_2080356.h5,AXT2,16,4,640,320,False,1.494
multicoil_train,data\multicoil_train\file_brain_AXT2_208_2080356_corrupted.h5,AXT2,16,4,640,320,True,1.494
multicoil_train,data\multicoil_train\file_brain_AXT2_208_2080359.h5,AXT2,16,4,640,320,False,1.494
multicoil_train,data\multicoil_train\file_brain_AXT2_208_2080359_corrupted.h5,AXT2,16,4,640,320,True,1.494
multicoil_train,data\multicoil_train\file_brain_AXT2_208_2080361.h5,AXT2,16,4,640,320,False,1.494
multicoil_train,data\multicoil_train\file_brain_AXT2_208_2080361_corrupted.h5,AXT2,16,4,640,320,True,1.494
multicoil_train,data\multicoil_train\file_brain_AXT2_208_2080364.h5,AXT2,16,4,640,320,False,1.494
multicoil_train,data\multicoil_train\file_brain_AXT2_208_2080364_corrupted.h5,AXT2,16,4,640,320,True,1.494
multicoil_train,data\multicoil_train\file_brain_AXT2_208_2080370.h5,AXT2,16,4,640,320,False,1.494
multicoil_train,data\multicoil_train\file_brain_AXT2_208_2080370_corrupted.h5,AXT2,16,4,640,320,True,1.494
multicoil_train,data\multicoil_train\file_brain_AXT2_208_2080374.h5,AXT2,16,4,640,320,False,1.494
multicoil_train,data\multicoil_train\file_brain_AXT2_208_2080374_corrupted.h5,AXT2,16,4,640,320,True,1.494
multicoil_train,data\multicoil_train\file_brain_AXT2_208_2080375.h5,AXT2,16,4,640,320,False,1.494
multicoil_train,data\multicoil_train\file_brain_AXT2_208_2080375_corrupted.h5,AXT2,16,4,640,320,True,1.494
multicoil_train,data\multicoil_train\file_brain_AXT2_208_2080377.h5,AXT2,16,4,640,320,False,1.494
multicoil_train,data\multicoil_train\file_brain_AXT2_208_2080377_corrupted.h5,AXT2,16,4,640,320,True,1.494
multicoil_train,data\multicoil_train\file_brain_AXT2_208_2080386.h5,AXT2,16,4,640,320,False,1.494
multicoil_train,data\multicoil_train\file_brain_AXT2_208_2080386_corrupted.h5,AXT2,16,4,640,320,True,1.494
multicoil_train,data\multicoil_train\file_brain_AXT2_208_2080390.h5,AXT2,16,4,640,320,False,1.494
multicoil_train,data\multicoil_train\file_brain_AXT2_208_2080390_corrupted.h5,AXT2,16,4,640,320,True,1.494
multicoil_train,data\multicoil_train\file_brain_AXT2_208_2080394.h5,AXT2,16,4,640,320,False,1.494
multicoil_train,data\multicoil_train\file_brain_AXT2_208_2080394_corrupted.h5,AXT2,16,4,640,320,True,1.494
multicoil_train,data\multicoil_train\file_brain_AXT2_208_2080395.h5,AXT2,16,4,640,320,False,1.494
multicoil_train,data\multicoil_train\file_brain_AXT2_208_2080395_corrupted.h5,AXT2,16,4,640,320,True,1.494
multicoil_train,data\multicoil_train\file_brain_AXT2_208_2080396.h5,AXT2,16,4,640,320,False,1.494
multicoil_train,data\multicoil_train\file_brain_AXT2_208_2080396_corrupted.h5,AXT2,16,4,640,320,True,1.494
multicoil_train,data\multicoil_train\file_brain_AXT2_208_2080398.h5,AXT2,16,4,640,320,False,1.494
multicoil_train,data\multicoil_train\file_brain_AXT2_208_2080398_corrupted.h5,AXT2,16,4,640,320,True,1.494
multicoil_train,data\multicoil_train\file_brain_AXT2_208_2080401.h5,AXT2,16,4,640,320,False,1.494
multicoil_train,data\multicoil_train\file_brain_AXT2_208_2080401_corrupted.h5,AXT2,16,4,640,320,True,1.494
multicoil_train,data\multicoil_train\file_brain_AXT2_208_2080408.h5,AXT2,16,4,640,320,False,1.494
multicoil_train,data\multicoil_train\file_brain_AXT2_208_2080408_corrupted.h5,AXT2,16,4,640,320,True,1.494
multicoil_train,data\multicoil_train\file_brain_AXT2_208_2080409.h5,AXT2,16,4,640,320,False,1.494
multicoil_train,data\multicoil_train\file_brain_AXT2_208_2080409_corrupted.h5,AXT2,16,4,640,320,True,1.494
multicoil_train,data\multicoil_train\file_brain_AXT2_208_2080412.h5,AXT2,16,4,640,320,False,1.494
multicoil_train,data\multicoil_train\file_brain_AXT2_208_2080412_corrupted.h5,AXT2,16,4,640,320,True,1.494
multicoil_train,data\multicoil_train\file_brain_AXT2_208_2080414.h5,AXT2,16,4,640,320,False,1.494
multicoil_train,data\multicoil_train\file_brain_AXT2_208_2080414_corrupted.h5,AXT2,16,4,640,320,True,1.494
multicoil_train,data\multicoil_train\file_brain_AXT2_208_2080415.h5,AXT2,16,4,640,320,False,1.494
multicoil_train,data\multicoil_train\file_brain_AXT2_208_2080415_corrupted.h5,AXT2,16,4,640,320,True,1.494
multicoil_train,data\multicoil_train\file_brain_AXT2_208_2080418.h5,AXT2,16,4,640,320,False,1.494
multicoil_train,data\multicoil_train\file_brain_AXT2_208_2080418_corrupted.h5,AXT2,16,4,640,320,True,1.494
multicoil_train,data\multicoil_train\file_brain_AXT2_208_2080420.h5,AXT2,16,4,640,320,False,1.494
multicoil_train,data\multicoil_train\file_brain_AXT2_208_2080420_corrupted.h5,AXT2,16,4,640,320,True,1.494
multicoil_train,data\multicoil_train\file_brain_AXT2_208_2080426.h5,AXT2,16,4,640,320,False,1.494
multicoil_train,data\multicoil_train\file_brain_AXT2_208_2080426_corrupted.h5,AXT2,16,4,640,320,True,1.494
multicoil_train,data\multicoil_train\file_brain_AXT2_208_2080432.h5,AXT2,16,4,640,320,False,1.494
multicoil_train,data\multicoil_train\file_brain_AXT2_208_2080432_corrupted.h5,AXT2,16,4,640,320,True,1.494
multicoil_train,data\multicoil_train\file_brain_AXT2_208_2080437.h5,AXT2,16,4,640,320,False,1.494
multicoil_train,data\multicoil_train\file_brain_AXT2_208_2080437_corrupted.h5,AXT2,16,4,640,320,True,1.494
multicoil_train,data\multicoil_train\file_brain_AXT2_208_2080438.h5,AXT2,16,4,640,320,False,1.494
multicoil_train,data\multicoil_train\file_brain_AXT2_208_2080438_corrupted.h5,AXT2,16,4,640,320,True,1.494
multicoil_train,data\multicoil_train\file_brain_AXT2_208_2080439.h5,AXT2,16,4,640,320,False,1.494
multicoil_train,data\multicoil_train\file_brain_AXT2_208_2080439_corrupted.h5,AXT2,16,4,640,320,True,1.494
multicoil_train,data\multicoil_train\file_brain_AXT2_208_2080440.h5,AXT2,16,4,640,320,False,1.494
multicoil_train,data\multicoil_train\file_brain_AXT2_208_2080440_corrupted.h5,AXT2,16,4,640,320,True,1.494
multicoil_train,data\multicoil_train\file_brain_AXT2_208_2080442.h5,AXT2,16,4,640,320,False,1.494
multicoil_train,data\multicoil_train\file_brain_AXT2_208_2080442_corrupted.h5,AXT2,16,4,640,320,True,1.494
multicoil_train,data\multicoil_train\file_brain_AXT2_208_2080445.h5,AXT2,16,4,640,320,False,1.494
multicoil_train,data\multicoil_train\file_brain_AXT2_208_2080445_corrupted.h5,AXT2,16,4,640,320,True,1.494
multicoil_train,data\multicoil_train\file_brain_AXT2_208_2080447.h5,AXT2,16,4,640,320,False,1.494
multicoil_train,data\multicoil_train\file_brain_AXT2_208_2080447_corrupted.h5,AXT2,16,4,640,320,True,1.494
multicoil_train,data\multicoil_train\file_brain_AXT2_208_2080450.h5,AXT2,16,4,640,320,False,1.494
multicoil_train,data\multicoil_train\file_brain_AXT2_208_2080450_corrupted.h5,AXT2,16,4,640,320,True,1.494
multicoil_train,data\multicoil_train\file_brain_AXT2_208_2080455.h5,AXT2,16,4,640,320,False,1.494
multicoil_train,data\multicoil_train\file_brain_AXT2_208_2080455_corrupted.h5,AXT2,16,4,640,320,True,1.494
multicoil_train,data\multicoil_train\file_brain_AXT2_208_2080458.h5,AXT2,16,4,640,320,False,1.494
multicoil_train,data\multicoil_train\file_brain_AXT2_208_2080458_corrupted.h5,AXT2,16,4,640,320,True,1.494
multicoil_train,data\multicoil_train\file_brain_AXT2_208_2080460.h5,AXT2,16,4,640,320,False,1.494
multicoil_train,data\multicoil_train\file_brain_AXT2_208_2080460_corrupted.h5,AXT2,16,4,640,320,True,1.494
multicoil_train,data\multicoil_train\file_brain_AXT2_208_2080466.h5,AXT2,16,4,640,320,False,1.494
multicoil_train,data\multicoil_train\file_brain_AXT2_208_2080466_corrupted.h5,AXT2,16,4,640,320,True,1.494
multicoil_train,data\multicoil_train\file_brain_AXT2_208_2080468.h5,AXT2,16,4,640,320,False,1.494
multicoil_train,data\multicoil_train\file_brain_AXT2_208_2080468_corrupted.h5,AXT2,16,4,640,320,True,1.494
multicoil_train,data\multicoil_train\file_brain_AXT2_208_2080470.h5,AXT2,16,4,640,320,False,1.494
multicoil_train,data\multicoil_train\file_brain_AXT2_208_2080470_corrupted.h5,AXT2,16,4,640,320,True,1.494
multicoil_train,data\multicoil_train\file_brain_AXT2_208_2080476.h5,AXT2,16,4,640,320,False,1.494
multicoil_train,data\multicoil_train\file_brain_AXT2_208_2080476_corrupted.h5,AXT2,16,4,640,320,True,1.494
multicoil_train,data\multicoil_train\file_brain_AXT2_208_2080478.h5,AXT2,16,4,640,320,False,1.494
multicoil_train,data\multicoil_train\file_brain_AXT2_208_2080478_corrupted.h5,AXT2,16,4,640,320,True,1.494
multicoil_train,data\multicoil_train\file_brain_AXT2_208_2080484.h5,AXT2,16,4,640,320,False,1.494
multicoil_train,data\multicoil_train\file_brain_AXT2_208_2080484_corrupted.h5,AXT2,16,4,640,320,True,1.494
multicoil_train,data\multicoil_train\file_brain_AXT2_208_2080485.h5,AXT2,16,4,640,320,False,1.494
multicoil_train,data\multicoil_train\file_brain_AXT2_208_2080485_corrupted.h5,AXT2,16,4,640,320,True,1.494
multicoil_train,data\multicoil_train\file_brain_AXT2_208_2080496.h5,AXT2,16,4,640,320,False,1.494
multicoil_train,data\multicoil_train\file_brain_AXT2_208_2080496_corrupted.h5,AXT2,16,4,640,320,True,1.494
multicoil_train,data\multicoil_train\file_brain_AXT2_208_2080497.h5,AXT2,16,4,640,320,False,1.494
multicoil_train,data\multicoil_train\file_brain_AXT2_208_2080497_corrupted.h5,AXT2,16,4,640,320,True,1.494
multicoil_train,data\multicoil_train\file_brain_AXT2_208_2080498.h5,AXT2,16,4,640,320,False,1.494
multicoil_train,data\multicoil_train\file_brain_AXT2_208_2080498_corrupted.h5,AXT2,16,4,640,320,True,1.494
multicoil_train,data\multicoil_train\file_brain_AXT2_208_2080502.h5,AXT2,16,4,640,320,False,1.494
multicoil_train,data\multicoil_train\file_brain_AXT2_208_2080502_corrupted.h5,AXT2,16,4,640,320,True,1.494
multicoil_train,data\multicoil_train\file_brain_AXT2_208_2080505.h5,AXT2,16,4,640,320,False,1.494
multicoil_train,data\multicoil_train\file_brain_AXT2_208_2080505_corrupted.h5,AXT2,16,4,640,320,True,1.494
multicoil_train,data\multicoil_train\file_brain_AXT2_208_2080506.h5,AXT2,16,4,640,320,False,1.494
multicoil_train,data\multicoil_train\file_brain_AXT2_208_2080506_corrupted.h5,AXT2,16,4,640,320,True,1.494
multicoil_train,data\multicoil_train\file_brain_AXT2_208_2080509.h5,AXT2,16,4,640,320,False,1.494
multicoil_train,data\multicoil_train\file_brain_AXT2_208_2080509_corrupted.h5,AXT2,16,4,640,320,True,1.494
multicoil_train,data\multicoil_train\file_brain_AXT2_208_2080511.h5,AXT2,16,4,640,320,False,1.494
multicoil_train,data\multicoil_train\file_brain_AXT2_208_2080511_corrupted.h5,AXT2,16,4,640,320,True,1.494
multicoil_train,data\multicoil_train\file_brain_AXT2_208_2080513.h5,AXT2,16,4,640,320,False,1.494
multicoil_train,data\multicoil_train\file_brain_AXT2_208_2080513_corrupted.h5,AXT2,16,4,640,320,True,1.494
multicoil_train,data\multicoil_train\file_brain_AXT2_208_2080516.h5,AXT2,16,4,640,320,False,1.494
multicoil_train,data\multicoil_train\file_brain_AXT2_208_2080516_corrupted.h5,AXT2,16,4,640,320,True,1.494
multicoil_train,data\multicoil_train\file_brain_AXT2_208_2080519.h5,AXT2,16,4,640,320,False,1.494
multicoil_train,data\multicoil_train\file_brain_AXT2_208_2080519_corrupted.h5,AXT2,16,4,640,320,True,1.494
multicoil_train,data\multicoil_train\file_brain_AXT2_208_2080521.h5,AXT2,16,4,640,320,False,1.494
multicoil_train,data\multicoil_train\file_brain_AXT2_208_2080521_corrupted.h5,AXT2,16,4,640,320,True,1.494
multicoil_train,data\multicoil_train\file_brain_AXT2_208_2080523.h5,AXT2,16,4,640,320,False,1.494
multicoil_train,data\multicoil_train\file_brain_AXT2_208_2080523_corrupted.h5,AXT2,16,4,640,320,True,1.494
multicoil_train,data\multicoil_train\file_brain_AXT2_208_2080525.h5,AXT2,16,4,640,320,False,1.494
multicoil_train,data\multicoil_train\file_brain_AXT2_208_2080525_corrupted.h5,AXT2,16,4,640,320,True,1.494
multicoil_train,data\multicoil_train\file_brain_AXT2_208_2080526.h5,AXT2,16,4,640,320,False,1.494
multicoil_train,data\multicoil_train\file_brain_AXT2_208_2080526_corrupted.h5,AXT2,16,4,640,320,True,1.494
multicoil_train,data\multicoil_train\file_brain_AXT2_208_2080528.h5,AXT2,16,4,640,320,False,1.494
multicoil_train,data\multicoil_train\file_brain_AXT2_208_2080528_corrupted.h5,AXT2,16,4,640,320,True,1.494
multicoil_train,data\multicoil_train\file_brain_AXT2_208_2080529.h5,AXT2,16,4,640,320,False,1.494
multicoil_train,data\multicoil_train\file_brain_AXT2_208_2080529_corrupted.h5,AXT2,16,4,640,320,True,1.494
multicoil_train,data\multicoil_train\file_brain_AXT2_208_2080530.h5,AXT2,16,4,640,320,False,1.494
multicoil_train,data\multicoil_train\file_brain_AXT2_208_2080530_corrupted.h5,AXT2,16,4,640,320,True,1.494
multicoil_train,data\multicoil_train\file_brain_AXT2_208_2080531.h5,AXT2,16,4,640,320,False,1.494
multicoil_train,data\multicoil_train\file_brain_AXT2_208_2080531_corrupted.h5,AXT2,16,4,640,320,True,1.494
multicoil_train,data\multicoil_train\file_brain_AXT2_208_2080532.h5,AXT2,16,4,640,320,False,1.494
multicoil_train,data\multicoil_train\file_brain_AXT2_208_2080532_corrupted.h5,AXT2,16,4,640,320,True,1.494
multicoil_train,data\multicoil_train\file_brain_AXT2_208_2080533.h5,AXT2,16,4,640,320,False,1.494
multicoil_train,data\multicoil_train\file_brain_AXT2_208_2080533_corrupted.h5,AXT2,16,4,640,320,True,1.494
multicoil_train,data\multicoil_train\file_brain_AXT2_208_2080536.h5,AXT2,16,4,640,320,False,1.494
multicoil_train,data\multicoil_train\file_brain_AXT2_208_2080536_corrupted.h5,AXT2,16,4,640,320,True,1.494
multicoil_train,data\multicoil_train\file_brain_AXT2_208_2080537.h5,AXT2,16,4,640,320,False,1.494
multicoil_train,data\multicoil_train\file_brain_AXT2_208_2080537_corrupted.h5,AXT2,16,4,640,320,True,1.494
multicoil_train,data\multicoil_train\file_brain_AXT2_208_2080538.h5,AXT2,16,4,640,320,False,1.494
multicoil_train,data\multicoil_train\file_brain_AXT2_208_2080538_corrupted.h5,AXT2,16,4,640,320,True,1.494
multicoil_train,data\multicoil_train\file_brain_AXT2_208_2080549.h5,AXT2,16,4,640,320,False,1.494
multicoil_train,data\multicoil_train\file_brain_AXT2_208_2080549_corrupted.h5,AXT2,16,4,640,320,True,1.494
multicoil_train,data\multicoil_train\file_brain_AXT2_208_2080551.h5,AXT2,16,4,640,320,False,1.494
multicoil_train,data\multicoil_train\file_brain_AXT2_208_2080551_corrupted.h5,AXT2,16,4,640,320,True,1.494
multicoil_train,data\multicoil_train\file_brain_AXT2_208_2080552.h5,AXT2,16,4,640,320,False,1.494
multicoil_train,data\multicoil_train\file_brain_AXT2_208_2080552_corrupted.h5,AXT2,16,4,640,320,True,1.494
multicoil_train,data\multicoil_train\file_brain_AXT2_208_2080558.h5,AXT2,16,4,640,320,False,1.494
multicoil_train,data\multicoil_train\file_brain_AXT2_208_2080558_corrupted.h5,AXT2,16,4,640,320,True,1.494
multicoil_train,data\multicoil_train\file_brain_AXT2_208_2080560.h5,AXT2,16,4,640,320,False,1.494
multicoil_train,data\multicoil_train\file_brain_AXT2_208_2080560_corrupted.h5,AXT2,16,4,640,320,True,1.494
multicoil_train,data\multicoil_train\file_brain_AXT2_208_2080561.h5,AXT2,16,4,640,320,False,1.494
multicoil_train,data\multicoil_train\file_brain_AXT2_208_2080561_corrupted.h5,AXT2,16,4,640,320,True,1.494
multicoil_train,data\multicoil_train\file_brain_AXT2_208_2080562.h5,AXT2,16,4,640,320,False,1.494
multicoil_train,data\multicoil_train\file_brain_AXT2_208_2080562_corrupted.h5,AXT2,16,4,640,320,True,1.494
multicoil_train,data\multicoil_train\file_brain_AXT2_208_2080565.h5,AXT2,16,4,640,320,False,1.494
multicoil_train,data\multicoil_train\file_brain_AXT2_208_2080565_corrupted.h5,AXT2,16,4,640,320,True,1.494
multicoil_train,data\multicoil_train\file_brain_AXT2_208_2080569.h5,AXT2,16,4,640,320,False,1.494
multicoil_train,data\multicoil_train\file_brain_AXT2_208_2080569_corrupted.h5,AXT2,16,4,640,320,True,1.494
multicoil_train,data\multicoil_train\file_brain_AXT2_208_2080573.h5,AXT2,16,4,640,320,False,1.494
multicoil_train,data\multicoil_train\file_brain_AXT2_208_2080573_corrupted.h5,AXT2,16,4,640,320,True,1.494
multicoil_train,data\multicoil_train\file_brain_AXT2_208_2080579.h5,AXT2,16,4,640,320,False,1.494
multicoil_train,data\multicoil_train\file_brain_AXT2_208_2080579_corrupted.h5,AXT2,16,4,640,320,True,1.494
multicoil_train,data\multicoil_train\file_brain_AXT2_208_2080581.h5,AXT2,16,4,640,320,False,1.494
multicoil_train,data\multicoil_train\file_brain_AXT2_208_2080581_corrupted.h5,AXT2,16,4,640,320,True,1.494
multicoil_train,data\multicoil_train\file_brain_AXT2_208_2080583.h5,AXT2,16,4,640,320,False,1.494
multicoil_train,data\multicoil_train\file_brain_AXT2_208_2080583_corrupted.h5,AXT2,16,4,640,320,True,1.494
multicoil_train,data\multicoil_train\file_brain_AXT2_208_2080585.h5,AXT2,16,4,640,320,False,1.494
multicoil_train,data\multicoil_train\file_brain_AXT2_208_2080585_corrupted.h5,AXT2,16,4,640,320,True,1.494
multicoil_train,data\multicoil_train\file_brain_AXT2_208_2080587.h5,AXT2,16,4,640,320,False,1.494
multicoil_train,data\multicoil_train\file_brain_AXT2_208_2080587_corrupted.h5,AXT2,16,4,640,320,True,1.494
multicoil_train,data\multicoil_train\file_brain_AXT2_208_2080591.h5,AXT2,16,4,640,320,False,1.494
multicoil_train,data\multicoil_train\file_brain_AXT2_208_2080591_corrupted.h5,AXT2,16,4,640,320,True,1.494
multicoil_train,data\multicoil_train\file_brain_AXT2_208_2080594.h5,AXT2,16,4,640,320,False,1.494
multicoil_train,data\multicoil_train\file_brain_AXT2_208_2080594_corrupted.h5,AXT2,16,4,640,320,True,1.494
multicoil_train,data\multicoil_train\file_brain_AXT2_208_2080598.h5,AXT2,16,4,640,320,False,1.494
multicoil_train,data\multicoil_train\file_brain_AXT2_208_2080598_corrupted.h5,AXT2,16,4,640,320,True,1.494
multicoil_train,data\multicoil_train\file_brain_AXT2_208_2080600.h5,AXT2,16,4,640,320,False,1.494
multicoil_train,data\multicoil_train\file_brain_AXT2_208_2080600_corrupted.h5,AXT2,16,4,640,320,True,1.494
multicoil_train,data\multicoil_train\file_brain_AXT2_208_2080601.h5,AXT2,16,4,640,320,False,1.494
multicoil_train,data\multicoil_train\file_brain_AXT2_208_2080601_corrupted.h5,AXT2,16,4,640,320,True,1.494
multicoil_train,data\multicoil_train\file_brain_AXT2_208_2080603.h5,AXT2,16,4,640,320,False,1.494
multicoil_train,data\multicoil_train\file_brain_AXT2_208_2080603_corrupted.h5,AXT2,16,4,640,320,True,1.494
multicoil_train,data\multicoil_train\file_brain_AXT2_208_2080604.h5,AXT2,16,4,640,320,False,1.494
multicoil_train,data\multicoil_train\file_brain_AXT2_208_2080604_corrupted.h5,AXT2,16,4,640,320,True,1.494
multicoil_train,data\multicoil_train\file_brain_AXT2_208_2080607.h5,AXT2,16,4,640,320,False,1.494
multicoil_train,data\multicoil_train\file_brain_AXT2_208_2080607_corrupted.h5,AXT2,16,4,640,320,True,1.494
multicoil_train,data\multicoil_train\file_brain_AXT2_208_2080611.h5,AXT2,16,4,640,320,False,1.494
multicoil_train,data\multicoil_train\file_brain_AXT2_208_2080611_corrupted.h5,AXT2,16,4,640,320,True,1.494
multicoil_train,data\multicoil_train\file_brain_AXT2_208_2080616.h5,AXT2,16,4,640,320,False,1.494
multicoil_train,data\multicoil_train\file_brain_AXT2_208_2080616_corrupted.h5,AXT2,16,4,640,320,True,1.494
multicoil_train,data\multicoil_train\file_brain_AXT2_208_2080618.h5,AXT2,16,4,640,320,False,1.494
multicoil_train,data\multicoil_train\file_brain_AXT2_208_2080618_corrupted.h5,AXT2,16,4,640,320,True,1.494
multicoil_train,data\multicoil_train\file_brain_AXT2_208_2080620.h5,AXT2,16,4,640,320,False,1.494
multicoil_train,data\multicoil_train\file_brain_AXT2_208_2080620_corrupted.h5,AXT2,16,4,640,320,True,1.494
multicoil_train,data\multicoil_train\file_brain_AXT2_208_2080630.h5,AXT2,16,4,640,320,False,1.494
multicoil_train,data\multicoil_train\file_brain_AXT2_208_2080630_corrupted.h5,AXT2,16,4,640,320,True,1.494
multicoil_train,data\multicoil_train\file_brain_AXT2_208_2080636.h5,AXT2,16,4,640,320,False,1.494
multicoil_train,data\multicoil_train\file_brain_AXT2_208_2080636_corrupted.h5,AXT2,16,4,640,320,True,1.494
multicoil_train,data\multicoil_train\file_brain_AXT2_208_2080642.h5,AXT2,16,4,640,320,False,1.494
multicoil_train,data\multicoil_train\file_brain_AXT2_208_2080642_corrupted.h5,AXT2,16,4,640,320,True,1.494
multicoil_train,data\multicoil_train\file_brain_AXT2_208_2080650.h5,AXT2,16,4,640,320,False,1.494
multicoil_train,data\multicoil_train\file_brain_AXT2_208_2080650_corrupted.h5,AXT2,16,4,640,320,True,1.494
multicoil_train,data\multicoil_train\file_brain_AXT2_208_2080654.h5,AXT2,16,4,640,320,False,1.494
multicoil_train,data\multicoil_train\file_brain_AXT2_208_2080654_corrupted.h5,AXT2,16,4,640,320,True,1.494
multicoil_train,data\multicoil_train\file_brain_AXT2_208_2080655.h5,AXT2,16,4,640,320,False,1.494
multicoil_train,data\multicoil_train\file_brain_AXT2_208_2080655_corrupted.h5,AXT2,16,4,640,320,True,1.494
multicoil_train,data\multicoil_train\file_brain_AXT2_208_2080658.h5,AXT2,16,4,640,320,False,1.494
multicoil_train,data\multicoil_train\file_brain_AXT2_208_2080658_corrupted.h5,AXT2,16,4,640,320,True,1.494
multicoil_train,data\multicoil_train\file_brain_AXT2_208_2080659.h5,AXT2,16,4,640,320,False,1.494
multicoil_train,data\multicoil_train\file_brain_AXT2_208_2080659_corrupted.h5,AXT2,16,4,640,320,True,1.494
multicoil_train,data\multicoil_train\file_brain_AXT2_208_2080660.h5,AXT2,16,4,640,320,False,1.494
multicoil_train,data\multicoil_train\file_brain_AXT2_208_2080660_corrupted.h5,AXT2,16,4,640,320,True,1.494
multicoil_train,data\multicoil_train\file_brain_AXT2_208_2080662.h5,AXT2,16,4,640,320,False,1.494
multicoil_train,data\multicoil_train\file_brain_AXT2_208_2080662_corrupted.h5,AXT2,16,4,640,320,True,1.494
multicoil_train,data\multicoil_train\file_brain_AXT2_208_2080668.h5,AXT2,16,4,640,320,False,1.494
multicoil_train,data\multicoil_train\file_brain_AXT2_208_2080668_corrupted.h5,AXT2,16,4,640,320,True,1.494
multicoil_train,data\multicoil_train\file_brain_AXT2_208_2080675.h5,AXT2,16,4,640,320,False,1.494
multicoil_train,data\multicoil_train\file_brain_AXT2_208_2080675_corrupted.h5,AXT2,16,4,640,320,True,1.494
multicoil_train,data\multicoil_train\file_brain_AXT2_208_2080680.h5,AXT2,16,4,640,320,False,1.494
multicoil_train,data\multicoil_train\file_brain_AXT2_208_2080680_corrupted.h5,AXT2,16,4,640,320,True,1.494
multicoil_train,data\multicoil_train\file_brain_AXT2_208_2080681.h5,AXT2,16,4,640,320,False,1.494
multicoil_train,data\multicoil_train\file_brain_AXT2_208_2080681_corrupted.h5,AXT2,16,4,640,320,True,1.494
multicoil_train,data\multicoil_train\file_brain_AXT2_208_2080685.h5,AXT2,16,4,640,320,False,1.494
multicoil_train,data\multicoil_train\file_brain_AXT2_208_2080685_corrupted.h5,AXT2,16,4,640,320,True,1.494
multicoil_train,data\multicoil_train\file_brain_AXT2_208_2080695.h5,AXT2,16,4,640,320,False,1.494
multicoil_train,data\multicoil_train\file_brain_AXT2_208_2080695_corrupted.h5,AXT2,16,4,640,320,True,1.494
multicoil_train,data\multicoil_train\file_brain_AXT2_208_2080700.h5,AXT2,16,4,640,320,False,1.494
multicoil_train,data\multicoil_train\file_brain_AXT2_208_2080700_corrupted.h5,AXT2,16,4,640,320,True,1.494
multicoil_train,data\multicoil_train\file_brain_AXT2_208_2080703.h5,AXT2,16,4,640,320,False,1.494
multicoil_train,data\multicoil_train\file_brain_AXT2_208_2080703_corrupted.h5,AXT2,16,4,640,320,True,1.494
multicoil_train,data\multicoil_train\file_brain_AXT2_208_2080705.h5,AXT2,16,4,640,320,False,1.494
multicoil_train,data\multicoil_train\file_brain_AXT2_208_2080705_corrupted.h5,AXT2,16,4,640,320,True,1.494
multicoil_train,data\multicoil_train\file_brain_AXT2_208_2080706.h5,AXT2,16,4,640,320,False,1.494
multicoil_train,data\multicoil_train\file_brain_AXT2_208_2080706_corrupted.h5,AXT2,16,4,640,320,True,1.494
multicoil_train,data\multicoil_train\file_brain_AXT2_208_2080710.h5,AXT2,16,4,640,320,False,1.494
multicoil_train,data\multicoil_train\file_brain_AXT2_208_2080710_corrupted.h5,AXT2,16,4,640,320,True,1.494
multicoil_train,data\multicoil_train\file_brain_AXT2_208_2080711.h5,AXT2,16,4,640,320,False,1.494
multicoil_train,data\multicoil_train\file_brain_AXT2_208_2080711_corrupted.h5,AXT2,16,4,640,320,True,1.494
multicoil_train,data\multicoil_train\file_brain_AXT2_208_2080712.h5,AXT2,16,4,640,320,False,1.494
multicoil_train,data\multicoil_train\file_brain_AXT2_208_2080712_corrupted.h5,AXT2,16,4,640,320,True,1.494
multicoil_train,data\multicoil_train\file_brain_AXT2_208_2080713.h5,AXT2,16,4,640,320,False,1.494
multicoil_train,data\multicoil_train\file_brain_AXT2_208_2080713_corrupted.h5,AXT2,16,4,640,320,True,1.494
multicoil_train,data\multicoil_train\file_brain_AXT2_208_2080715.h5,AXT2,16,4,640,320,False,1.494
multicoil_train,data\multicoil_train\file_brain_AXT2_208_2080715_corrupted.h5,AXT2,16,4,640,320,True,1.494
multicoil_train,data\multicoil_train\file_brain_AXT2_208_2080720.h5,AXT2,16,4,640,320,False,1.494
multicoil_train,data\multicoil_train\file_brain_AXT2_208_2080720_corrupted.h5,AXT2,16,4,640,320,True,1.494
multicoil_train,data\multicoil_train\file_brain_AXT2_208_2080722.h5,AXT2,16,4,640,320,False,1.494
multicoil_train,data\multicoil_train\file_brain_AXT2_208_2080722_corrupted.h5,AXT2,16,4,640,320,True,1.494
multicoil_train,data\multicoil_train\file_brain_AXT2_208_2080723.h5,AXT2,16,4,640,320,False,1.494
multicoil_train,data\multicoil_train\file_brain_AXT2_208_2080723_corrupted.h5,AXT2,16,4,640,320,True,1.494
multicoil_train,data\multicoil_train\file_brain_AXT2_208_2080725.h5,AXT2,16,4,640,320,False,1.494
multicoil_train,data\multicoil_train\file_brain_AXT2_208_2080725_corrupted.h5,AXT2,16,4,640,320,True,1.494
multicoil_train,data\multicoil_train\file_brain_AXT2_208_2080727.h5,AXT2,16,4,640,320,False,1.494
multicoil_train,data\multicoil_train\file_brain_AXT2_208_2080727_corrupted.h5,AXT2,16,4,640,320,True,1.494
multicoil_val,data\multicoil_val\file_brain_AXT1PRE_203_6000612.h5,AXT1PRE,16,4,640,320,False,2.8936
multicoil_val,data\multicoil_val\file_brain_AXT1PRE_203_6000612_corrupted.h5,AXT1PRE,16,4,640,320,True,2.8936
multicoil_val,data\multicoil_val\file_brain_AXT1PRE_203_6000618.h5,AXT1PRE,16,4,640,320,False,2.8936
multicoil_val,data\multicoil_val\file_brain_AXT1PRE_203_6000618_corrupted.h5,AXT1PRE,16,4,640,320,True,2.8936
multicoil_val,data\multicoil_val\file_brain_AXT1PRE_203_6000624.h5,AXT1PRE,16,4,640,320,False,2.8936
multicoil_val,data\multicoil_val\file_brain_AXT1PRE_203_6000624_corrupted.h5,AXT1PRE,16,4,640,320,True,2.8936
multicoil_val,data\multicoil_val\file_brain_AXT1PRE_203_6000631.h5,AXT1PRE,16,4,640,320,False,2.8936
multicoil_val,data\multicoil_val\file_brain_AXT1PRE_203_6000631_corrupted.h5,AXT1PRE,16,4,640,320,True,2.8936
multicoil_val,data\multicoil_val\file_brain_AXT1PRE_203_6000637.h5,AXT1PRE,16,4,640,320,False,2.8936
multicoil_val,data\multicoil_val\file_brain_AXT1PRE_203_6000637_corrupted.h5,AXT1PRE,16,4,640,320,True,2.8936
multicoil_val,data\multicoil_val\file_brain_AXT1PRE_203_6000645.h5,AXT1PRE,16,4,640,320,False,2.8936
multicoil_val,data\multicoil_val\file_brain_AXT1PRE_203_6000645_corrupted.h5,AXT1PRE,16,4,640,320,True,2.8936
multicoil_val,data\multicoil_val\file_brain_AXT1PRE_203_6000649.h5,AXT1PRE,16,4,640,320,False,2.8936
multicoil_val,data\multicoil_val\file_brain_AXT1PRE_203_6000649_corrupted.h5,AXT1PRE,16,4,640,320,True,2.8936
multicoil_val,data\multicoil_val\file_brain_AXT1PRE_203_6000656.h5,AXT1PRE,16,4,640,320,False,2.8936
multicoil_val,data\multicoil_val\file_brain_AXT1PRE_203_6000656_corrupted.h5,AXT1PRE,16,4,640,320,True,2.8936
multicoil_val,data\multicoil_val\file_brain_AXT1PRE_203_6000662.h5,AXT1PRE,16,4,640,320,False,2.8936
multicoil_val,data\multicoil_val\file_brain_AXT1PRE_203_6000662_corrupted.h5,AXT1PRE,16,4,640,320,True,2.8936
multicoil_val,data\multicoil_val\file_brain_AXT1PRE_203_6000670.h5,AXT1PRE,16,4,640,320,False,2.8936
multicoil_val,data\multicoil_val\file_brain_AXT1PRE_203_6000670_corrupted.h5,AXT1PRE,16,4,640,320,True,2.8936
multicoil_val,data\multicoil_val\file_brain_AXT1PRE_203_6000687.h5,AXT1PRE,16,4,640,320,False,2.8936
multicoil_val,data\multicoil_val\file_brain_AXT1PRE_203_6000687_corrupted.h5,AXT1PRE,16,4,640,320,True,2.8936
multicoil_val,data\multicoil_val\file_brain_AXT1PRE_203_6000693.h5,AXT1PRE,16,4,640,320,False,2.8936
multicoil_val,data\multicoil_val\file_brain_AXT1PRE_203_6000693_corrupted.h5,AXT1PRE,16,4,640,320,True,2.8936
multicoil_val,data\multicoil_val\file_brain_AXT1PRE_203_6000703.h5,AXT1PRE,16,4,640,320,False,2.8936
multicoil_val,data\multicoil_val\file_brain_AXT1PRE_203_6000703_corrupted.h5,AXT1PRE,16,4,640,320,True,2.8936
multicoil_val,data\multicoil_val\file_brain_AXT1PRE_203_6000732.h5,AXT1PRE,16,4,640,320,False,2.8936
multicoil_val,data\multicoil_val\file_brain_AXT1PRE_203_6000732_corrupted.h5,AXT1PRE,16,4,640,320,True,2.8936
multicoil_val,data\multicoil_val\file_brain_AXT1PRE_203_6000746.h5,AXT1PRE,16,4,640,320,False,2.8936
multicoil_val,data\multicoil_val\file_brain_AXT1PRE_203_6000746_corrupted.h5,AXT1PRE,16,4,640,320,True,2.8936
multicoil_val,data\multicoil_val\file_brain_AXT1PRE_203_6000748.h5,AXT1PRE,16,4,640,320,False,2.8936
multicoil_val,data\multicoil_val\file_brain_AXT1PRE_203_6000748_corrupted.h5,AXT1PRE,16,4,640,320,True,2.8936
multicoil_val,data\multicoil_val\file_brain_AXT1PRE_203_6000754.h5,AXT1PRE,16,4,640,320,False,2.8936
multicoil_val,data\multicoil_val\file_brain_AXT1PRE_203_6000754_corrupted.h5,AXT1PRE,16,4,640,320,True,2.8936
multicoil_val,data\multicoil_val\file_brain_AXT1PRE_203_6000765.h5,AXT1PRE,16,4,640,320,False,2.8936
multicoil_val,data\multicoil_val\file_brain_AXT1PRE_203_6000765_corrupted.h5,AXT1PRE,16,4,640,320,True,2.8936
multicoil_val,data\multicoil_val\file_brain_AXT1PRE_203_6000783.h5,AXT1PRE,16,4,640,320,False,2.8936
multicoil_val,data\multicoil_val\file_brain_AXT1PRE_203_6000783_corrupted.h5,AXT1PRE,16,4,640,320,True,2.8936
multicoil_val,data\multicoil_val\file_brain_AXT1PRE_203_6000793.h5,AXT1PRE,16,4,640,320,False,2.8936
multicoil_val,data\multicoil_val\file_brain_AXT1PRE_203_6000793_corrupted.h5,AXT1PRE,16,4,640,320,True,2.8936
multicoil_val,data\multicoil_val\file_brain_AXT1PRE_203_6000809.h5,AXT1PRE,16,4,640,320,False,2.8936
multicoil_val,data\multicoil_val\file_brain_AXT1PRE_203_6000809_corrupted.h5,AXT1PRE,16,4,640,320,True,2.8936
multicoil_val,data\multicoil_val\file_brain_AXT1PRE_203_6000815.h5,AXT1PRE,16,4,640,320,False,2.8936
multicoil_val,data\multicoil_val\file_brain_AXT1PRE_203_6000815_corrupted.h5,AXT1PRE,16,4,640,320,True,2.8936
multicoil_val,data\multicoil_val\file_brain_AXT1PRE_203_6000817.h5,AXT1PRE,16,4,640,320,False,2.8936
multicoil_val,data\multicoil_val\file_brain_AXT1PRE_203_6000817_corrupted.h5,AXT1PRE,16,4,640,320,True,2.8936
multicoil_val,data\multicoil_val\file_brain_AXT1PRE_203_6000841.h5,AXT1PRE,16,4,640,320,False,2.8936
multicoil_val,data\multicoil_val\file_brain_AXT1PRE_203_6000841_corrupted.h5,AXT1PRE,16,4,640,320,True,2.8936
multicoil_val,data\multicoil_val\file_brain_AXT1PRE_203_6000854.h5,AXT1PRE,16,4,640,320,False,2.8936
multicoil_val,data\multicoil_val\file_brain_AXT1PRE_203_6000854_corrupted.h5,AXT1PRE,16,4,640,320,True,2.8936
multicoil_val,data\multicoil_val\file_brain_AXT1PRE_203_6000866.h5,AXT1PRE,16,4,640,320,False,2.8936
multicoil_val,data\multicoil_val\file_brain_AXT1PRE_203_6000866_corrupted.h5,AXT1PRE,16,4,640,320,True,2.8936
multicoil_val,data\multicoil_val\file_brain_AXT1PRE_203_6000868.h5,AXT1PRE,16,4,640,320,False,2.8936
multicoil_val,data\multicoil_val\file_brain_AXT1PRE_203_6000868_corrupted.h5,AXT1PRE,16,4,640,320,True,2.8936
multicoil_val,data\multicoil_val\file_brain_AXT2_203_2030010.h5,AXT2,16,4,768,392,False,2.8936
multicoil_val,data\multicoil_val\file_brain_AXT2_203_2030010_corrupted.h5,AXT2,16,4,768,392,True,2.8936
multicoil_val,data\multicoil_val\file_brain_AXT2_203_2030014.h5,AXT2,16,4,768,392,False,2.8936
multicoil_val,data\multicoil_val\file_brain_AXT2_203_2030014_corrupted.h5,AXT2,16,4,768,392,True,2.8936
multicoil_val,data\multicoil_val\file_brain_AXT2_203_2030027.h5,AXT2,16,4,768,392,False,2.8936
multicoil_val,data\multicoil_val\file_brain_AXT2_203_2030027_corrupted.h5,AXT2,16,4,768,392,True,2.8936
multicoil_val,data\multicoil_val\file_brain_AXT2_203_2030032.h5,AXT2,16,4,768,392,False,2.8936
multicoil_val,data\multicoil_val\file_brain_AXT2_203_2030032_corrupted.h5,AXT2,16,4,768,392,True,2.8936
multicoil_val,data\multicoil_val\file_brain_AXT2_203_2030039.h5,AXT2,16,4,768,392,False,2.8936
multicoil_val,data\multicoil_val\file_brain_AXT2_203_2030039_corrupted.h5,AXT2,16,4,768,392,True,2.8936
multicoil_val,data\multicoil_val\file_brain_AXT2_203_2030053.h5,AXT2,16,4,768,392,False,2.8936
multicoil_val,data\multicoil_val\file_brain_AXT2_203_2030053_corrupted.h5,AXT2,16,4,768,392,True,2.8936
multicoil_val,data\multicoil_val\file_brain_AXT2_203_2030059.h5,AXT2,16,4,768,392,False,2.8936
multicoil_val,data\multicoil_val\file_brain_AXT2_203_2030059_corrupted.h5,AXT2,16,4,768,392,True,2.8936
multicoil_val,data\multicoil_val\file_brain_AXT2_203_2030063.h5,AXT2,16,4,768,392,False,2.8936
multicoil_val,data\multicoil_val\file_brain_AXT2_203_2030063_corrupted.h5,AXT2,16,4,768,392,True,2.8936
multicoil_val,data\multicoil_val\file_brain_AXT2_203_2030100.h5,AXT2,16,4,768,392,False,2.8936
multicoil_val,data\multicoil_val\file_brain_AXT2_203_2030100_corrupted.h5,AXT2,16,4,768,392,True,2.8936
multicoil_val,data\multicoil_val\file_brain_AXT2_203_2030102.h5,AXT2,16,4,768,392,False,2.8936
multicoil_val,data\multicoil_val\file_brain_AXT2_203_2030102_corrupted.h5,AXT2,16,4,768,392,True,2.8936
multicoil_val,data\multicoil_val\file_brain_AXT2_203_2030103.h5,AXT2,16,4,768,392,False,2.8936
multicoil_val,data\multicoil_val\file_brain_AXT2_203_2030103_corrupted.h5,AXT2,16,4,768,392,True,2.8936
multicoil_val,data\multicoil_val\file_brain_AXT2_203_2030106.h5,AXT2,16,4,768,392,False,2.8936
multicoil_val,data\multicoil_val\file_brain_AXT2_203_2030106_corrupted.h5,AXT2,16,4,768,392,True,2.8936
multicoil_val,data\multicoil_val\file_brain_AXT2_203_2030114.h5,AXT2,16,4,768,392,False,2.8936
multicoil_val,data\multicoil_val\file_brain_AXT2_203_2030114_corrupted.h5,AXT2,16,4,768,392,True,2.8936
multicoil_val,data\multicoil_val\file_brain_AXT2_203_2030119.h5,AXT2,16,4,768,392,False,2.8936
multicoil_val,data\multicoil_val\file_brain_AXT2_203_2030119_corrupted.h5,AXT2,16,4,768,392,True,2.8936
multicoil_val,data\multicoil_val\file_brain_AXT2_203_2030127.h5,AXT2,16,4,768,392,False,2.8936
multicoil_val,data\multicoil_val\file_brain_AXT2_203_2030127_corrupted.h5,AXT2,16,4,768,392,True,2.8936
multicoil_val,data\multicoil_val\file_brain_AXT2_203_2030138.h5,AXT2,16,4,768,392,False,2.8936
multicoil_val,data\multicoil_val\file_brain_AXT2_203_2030138_corrupted.h5,AXT2,16,4,768,392,True,2.8936
multicoil_val,data\multicoil_val\file_brain_AXT2_203_2030141.h5,AXT2,16,4,768,392,False,2.8936
multicoil_val,data\multicoil_val\file_brain_AXT2_203_2030141_corrupted.h5,AXT2,16,4,768,392,True,2.8936
multicoil_val,data\multicoil_val\file_brain_AXT2_203_2030153.h5,AXT2,16,4,768,392,False,2.8936
multicoil_val,data\multicoil_val\file_brain_AXT2_203_2030153_corrupted.h5,AXT2,16,4,768,392,True,2.8936
multicoil_val,data\multicoil_val\file_brain_AXT2_203_2030155.h5,AXT2,16,4,768,392,False,2.8936
multicoil_val,data\multicoil_val\file_brain_AXT2_203_2030155_corrupted.h5,AXT2,16,4,768,392,True,2.8936
multicoil_val,data\multicoil_val\file_brain_AXT2_203_2030157.h5,AXT2,16,4,768,392,False,2.8936
multicoil_val,data\multicoil_val\file_brain_AXT2_203_2030157_corrupted.h5,AXT2,16,4,768,392,True,2.8936
multicoil_val,data\multicoil_val\file_brain_AXT2_203_2030167.h5,AXT2,16,4,768,392,False,2.8936
multicoil_val,data\multicoil_val\file_brain_AXT2_203_2030167_corrupted.h5,AXT2,16,4,768,392,True,2.8936
multicoil_val,data\multicoil_val\file_brain_AXT2_203_2030169.h5,AXT2,16,4,768,392,False,2.8936
multicoil_val,data\multicoil_val\file_brain_AXT2_203_2030169_corrupted.h5,AXT2,16,4,768,392,True,2.8936
multicoil_val,data\multicoil_val\file_brain_AXT2_203_2030173.h5,AXT2,16,4,768,392,False,2.8936
multicoil_val,data\multicoil_val\file_brain_AXT2_203_2030173_corrupted.h5,AXT2,16,4,768,392,True,2.8936
multicoil_val,data\multicoil_val\file_brain_AXT2_203_2030186.h5,AXT2,16,4,768,392,False,2.8936
multicoil_val,data\multicoil_val\file_brain_AXT2_203_2030186_corrupted.h5,AXT2,16,4,768,392,True,2.8936
multicoil_val,data\multicoil_val\file_brain_AXT2_203_2030192.h5,AXT2,16,4,768,392,False,2.8936
multicoil_val,data\multicoil_val\file_brain_AXT2_203_2030192_corrupted.h5,AXT2,16,4,768,392,True,2.8936
multicoil_val,data\multicoil_val\file_brain_AXT2_203_2030215.h5,AXT2,16,4,768,392,False,2.8936
multicoil_val,data\multicoil_val\file_brain_AXT2_203_2030215_corrupted.h5,AXT2,16,4,768,392,True,2.8936
multicoil_val,data\multicoil_val\file_brain_AXT2_203_2030225.h5,AXT2,16,4,768,392,False,2.8936
multicoil_val,data\multicoil_val\file_brain_AXT2_203_2030225_corrupted.h5,AXT2,16,4,768,392,True,2.8936
multicoil_val,data\multicoil_val\file_brain_AXT2_203_2030231.h5,AXT2,16,4,768,392,False,2.8936
multicoil_val,data\multicoil_val\file_brain_AXT2_203_2030231_corrupted.h5,AXT2,16,4,768,392,True,2.8936
multicoil_val,data\multicoil_val\file_brain_AXT2_203_2030237.h5,AXT2,16,4,768,392,False,2.8936
multicoil_val,data\multicoil_val\file_brain_AXT2_203_2030237_corrupted.h5,AXT2,16,4,768,392,True,2.8936
multicoil_val,data\multicoil_val\file_brain_AXT2_203_2030250.h5,AXT2,16,4,768,392,False,2.8936
multicoil_val,data\multicoil_val\file_brain_AXT2_203_2030250_corrupted.h5,AXT2,16,4,768,392,True,2.8936
multicoil_val,data\multicoil_val\file_brain_AXT2_203_2030264.h5,AXT2,16,4,768,392,False,2.8936
multicoil_val,data\multicoil_val\file_brain_AXT2_203_2030264_corrupted.h5,AXT2,16,4,768,392,True,2.8936
multicoil_val,data\multicoil_val\file_brain_AXT2_203_2030268.h5,AXT2,16,4,768,392,False,2.8936
multicoil_val,data\multicoil_val\file_brain_AXT2_203_2030268_corrupted.h5,AXT2,16,4,768,392,True,2.8936
multicoil_val,data\multicoil_val\file_brain_AXT2_203_2030272.h5,AXT2,16,4,768,392,False,2.8936
multicoil_val,data\multicoil_val\file_brain_AXT2_203_2030272_corrupted.h5,AXT2,16,4,768,392,True,2.8936
multicoil_val,data\multicoil_val\file_brain_AXT2_203_2030274.h5,AXT2,16,4,768,392,False,2.8936
multicoil_val,data\multicoil_val\file_brain_AXT2_203_2030274_corrupted.h5,AXT2,16,4,768,392,True,2.8936
multicoil_val,data\multicoil_val\file_brain_AXT2_203_2030284.h5,AXT2,16,4,768,392,False,2.8936
multicoil_val,data\multicoil_val\file_brain_AXT2_203_2030284_corrupted.h5,AXT2,16,4,768,392,True,2.8936
multicoil_val,data\multicoil_val\file_brain_AXT2_203_2030286.h5,AXT2,16,4,768,392,False,2.8936
multicoil_val,data\multicoil_val\file_brain_AXT2_203_2030286_corrupted.h5,AXT2,16,4,768,392,True,2.8936
multicoil_val,data\multicoil_val\file_brain_AXT2_203_2030306.h5,AXT2,16,4,768,392,False,2.8936
multicoil_val,data\multicoil_val\file_brain_AXT2_203_2030306_corrupted.h5,AXT2,16,4,768,392,True,2.8936
multicoil_val,data\multicoil_val\file_brain_AXT2_203_2030309.h5,AXT2,16,4,768,392,False,2.8936
multicoil_val,data\multicoil_val\file_brain_AXT2_203_2030309_corrupted.h5,AXT2,16,4,768,392,True,2.8936
multicoil_val,data\multicoil_val\file_brain_AXT2_203_2030311.h5,AXT2,16,4,768,392,False,2.8936
multicoil_val,data\multicoil_val\file_brain_AXT2_203_2030311_corrupted.h5,AXT2,16,4,768,392,True,2.8936
multicoil_val,data\multicoil_val\file_brain_AXT2_203_2030313.h5,AXT2,16,4,768,392,False,2.8936
multicoil_val,data\multicoil_val\file_brain_AXT2_203_2030313_corrupted.h5,AXT2,16,4,768,392,True,2.8936
multicoil_val,data\multicoil_val\file_brain_AXT2_203_2030321.h5,AXT2,16,4,768,392,False,2.8936
multicoil_val,data\multicoil_val\file_brain_AXT2_203_2030321_corrupted.h5,AXT2,16,4,768,392,True,2.8936
multicoil_val,data\multicoil_val\file_brain_AXT2_203_2030325.h5,AXT2,16,4,768,392,False,2.8936
multicoil_val,data\multicoil_val\file_brain_AXT2_203_2030325_corrupted.h5,AXT2,16,4,768,392,True,2.8936
multicoil_val,data\multicoil_val\file_brain_AXT2_203_2030331.h5,AXT2,16,4,768,392,False,2.8936
multicoil_val,data\multicoil_val\file_brain_AXT2_203_2030331_corrupted.h5,AXT2,16,4,768,392,True,2.8936
multicoil_val,data\multicoil_val\file_brain_AXT2_203_2030337.h5,AXT2,16,4,768,392,False,2.8936
multicoil_val,data\multicoil_val\file_brain_AXT2_203_2030337_corrupted.h5,AXT2,16,4,768,392,True,2.8936
multicoil_val,data\multicoil_val\file_brain_AXT2_203_2030356.h5,AXT2,16,4,768,392,False,2.8936
multicoil_val,data\multicoil_val\file_brain_AXT2_203_2030356_corrupted.h5,AXT2,16,4,768,392,True,2.8936
multicoil_val,data\multicoil_val\file_brain_AXT2_203_2030359.h5,AXT2,16,4,768,392,False,2.8936
multicoil_val,data\multicoil_val\file_brain_AXT2_203_2030359_corrupted.h5,AXT2,16,4,768,392,True,2.8936
multicoil_val,data\multicoil_val\file_brain_AXT2_203_2030363.h5,AXT2,16,4,768,392,False,2.8936
multicoil_val,data\multicoil_val\file_brain_AXT2_203_2030363_corrupted.h5,AXT2,16,4,768,392,True,2.8936
multicoil_val,data\multicoil_val\file_brain_AXT2_203_2030375.h5,AXT2,16,4,768,392,False,2.8936
multicoil_val,data\multicoil_val\file_brain_AXT2_203_2030375_corrupted.h5,AXT2,16,4,768,392,True,2.8936
multicoil_val,data\multicoil_val\file_brain_AXT2_203_2030395.h5,AXT2,16,4,768,392,False,2.8936
multicoil_val,data\multicoil_val\file_brain_AXT2_203_2030395_corrupted.h5,AXT2,16,4,768,392,True,2.8936
multicoil_val,data\multicoil_val\file_brain_AXT2_203_2030399.h5,AXT2,16,4,768,392,False,2.8936
multicoil_val,data\multicoil_val\file_brain_AXT2_203_2030399_corrupted.h5,AXT2,16,4,768,392,True,2.8936
multicoil_val,data\multicoil_val\file_brain_AXT2_207_2070021.h5,AXT2,16,4,640,320,False,1.494
multicoil_val,data\multicoil_val\file_brain_AXT2_207_2070021_corrupted.h5,AXT2,16,4,640,320,True,1.494
multicoil_val,data\multicoil_val\file_brain_AXT2_207_2070024.h5,AXT2,16,4,640,320,False,1.494
multicoil_val,data\multicoil_val\file_brain_AXT2_207_2070024_corrupted.h5,AXT2,16,4,640,320,True,1.494
multicoil_val,data\multicoil_val\file_brain_AXT2_207_2070036.h5,AXT2,16,4,640,320,False,1.494
multicoil_val,data\multicoil_val\file_brain_AXT2_207_2070036_corrupted.h5,AXT2,16,4,640,320,True,1.494
multicoil_val,data\multicoil_val\file_brain_AXT2_207_2070041.h5,AXT2,16,4,640,320,False,1.494
multicoil_val,data\multicoil_val\file_brain_AXT2_207_2070041_corrupted.h5,AXT2,16,4,640,320,True,1.494
multicoil_val,data\multicoil_val\file_brain_AXT2_207_2070044.h5,AXT2,16,4,640,320,False,1.494
multicoil_val,data\multicoil_val\file_brain_AXT2_207_2070044_corrupted.h5,AXT2,16,4,640,320,True,1.494
multicoil_val,data\multicoil_val\file_brain_AXT2_207_2070045.h5,AXT2,16,4,640,320,False,1.494
multicoil_val,data\multicoil_val\file_brain_AXT2_207_2070045_corrupted.h5,AXT2,16,4,640,320,True,1.494
multicoil_val,data\multicoil_val\file_brain_AXT2_207_2070046.h5,AXT2,16,4,640,320,False,1.494
multicoil_val,data\multicoil_val\file_brain_AXT2_207_2070046_corrupted.h5,AXT2,16,4,640,320,True,1.494
multicoil_val,data\multicoil_val\file_brain_AXT2_207_2070066.h5,AXT2,16,4,640,320,False,1.494
multicoil_val,data\multicoil_val\file_brain_AXT2_207_2070066_corrupted.h5,AXT2,16,4,640,320,True,1.494
multicoil_val,data\multicoil_val\file_brain_AXT2_207_2070070.h5,AXT2,16,4,640,320,False,1.494
multicoil_val,data\multicoil_val\file_brain_AXT2_207_2070070_corrupted.h5,AXT2,16,4,640,320,True,1.494
multicoil_val,data\multicoil_val\file_brain_AXT2_207_2070075.h5,AXT2,16,4,640,320,False,1.494
multicoil_val,data\multicoil_val\file_brain_AXT2_207_2070075_corrupted.h5,AXT2,16,4,640,320,True,1.494
multicoil_val,data\multicoil_val\file_brain_AXT2_207_2070091.h5,AXT2,16,4,640,320,False,1.494
multicoil_val,data\multicoil_val\file_brain_AXT2_207_2070091_corrupted.h5,AXT2,16,4,640,320,True,1.494
multicoil_val,data\multicoil_val\file_brain_AXT2_207_2070092.h5,AXT2,16,4,640,320,False,1.494
multicoil_val,data\multicoil_val\file_brain_AXT2_207_2070092_corrupted.h5,AXT2,16,4,640,320,True,1.494
multicoil_val,data\multicoil_val\file_brain_AXT2_207_2070094.h5,AXT2,16,4,640,320,False,1.494
multicoil_val,data\multicoil_val\file_brain_AXT2_207_2070094_corrupted.h5,AXT2,16,4,640,320,True,1.494
multicoil_val,data\multicoil_val\file_brain_AXT2_207_2070107.h5,AXT2,16,4,640,320,False,1.494
multicoil_val,data\multicoil_val\file_brain_AXT2_207_2070107_corrupted.h5,AXT2,16,4,640,320,True,1.494
multicoil_val,data\multicoil_val\file_brain_AXT2_207_2070110.h5,AXT2,16,4,640,320,False,1.494
multicoil_val,data\multicoil_val\file_brain_AXT2_207_2070110_corrupted.h5,AXT2,16,4,640,320,True,1.494
multicoil_val,data\multicoil_val\file_brain_AXT2_207_2070115.h5,AXT2,16,4,640,320,False,1.494
multicoil_val,data\multicoil_val\file_brain_AXT2_207_2070115_corrupted.h5,AXT2,16,4,640,320,True,1.494
multicoil_val,data\multicoil_val\file_brain_AXT2_207_2070122.h5,AXT2,16,4,640,320,False,1.494
multicoil_val,data\multicoil_val\file_brain_AXT2_207_2070122_corrupted.h5,AXT2,16,4,640,320,True,1.494
multicoil_val,data\multicoil_val\file_brain_AXT2_207_2070146.h5,AXT2,16,4,640,320,False,1.494
multicoil_val,data\multicoil_val\file_brain_AXT2_207_2070146_corrupted.h5,AXT2,16,4,640,320,True,1.494
multicoil_val,data\multicoil_val\file_brain_AXT2_207_2070148.h5,AXT2,16,4,640,320,False,1.494
multicoil_val,data\multicoil_val\file_brain_AXT2_207_2070148_corrupted.h5,AXT2,16,4,640,320,True,1.494
multicoil_val,data\multicoil_val\file_brain_AXT2_207_2070158.h5,AXT2,16,4,640,320,False,1.494
multicoil_val,data\multicoil_val\file_brain_AXT2_207_2070158_corrupted.h5,AXT2,16,4,640,320,True,1.494
multicoil_val,data\multicoil_val\file_brain_AXT2_207_2070166.h5,AXT2,16,4,640,320,False,1.494
multicoil_val,data\multicoil_val\file_brain_AXT2_207_2070166_corrupted.h5,AXT2,16,4,640,320,True,1.494
multicoil_val,data\multicoil_val\file_brain_AXT2_207_2070178.h5,AXT2,16,4,640,320,False,1.494
multicoil_val,data\multicoil_val\file_brain_AXT2_207_2070178_corrupted.h5,AXT2,16,4,640,320,True,1.494
multicoil_val,data\multicoil_val\file_brain_AXT2_207_2070180.h5,AXT2,16,4,640,320,False,1.494
multicoil_val,data\multicoil_val\file_brain_AXT2_207_2070180_corrupted.h5,AXT2,16,4,640,320,True,1.494
multicoil_val,data\multicoil_val\file_brain_AXT2_207_2070188.h5,AXT2,16,4,640,320,False,1.494
multicoil_val,data\multicoil_val\file_brain_AXT2_207_2070188_corrupted.h5,AXT2,16,4,640,320,True,1.494
multicoil_val,data\multicoil_val\file_brain_AXT2_207_2070200.h5,AXT2,16,4,640,320,False,1.494
multicoil_val,data\multicoil_val\file_brain_AXT2_207_2070200_corrupted.h5,AXT2,16,4,640,320,True,1.494
multicoil_val,data\multicoil_val\file_brain_AXT2_207_2070202.h5,AXT2,16,4,640,320,False,1.494
multicoil_val,data\multicoil_val\file_brain_AXT2_207_2070202_corrupted.h5,AXT2,16,4,640,320,True,1.494
multicoil_val,data\multicoil_val\file_brain_AXT2_207_2070217.h5,AXT2,16,4,640,320,False,1.494
multicoil_val,data\multicoil_val\file_brain_AXT2_207_2070217_corrupted.h5,AXT2,16,4,640,320,True,1.494
multicoil_val,data\multicoil_val\file_brain_AXT2_207_2070221.h5,AXT2,16,4,640,320,False,1.494
multicoil_val,data\multicoil_val\file_brain_AXT2_207_2070221_corrupted.h5,AXT2,16,4,640,320,True,1.494
multicoil_val,data\multicoil_val\file_brain_AXT2_207_2070231.h5,AXT2,16,4,640,320,False,1.494
multicoil_val,data\multicoil_val\file_brain_AXT2_207_2070231_corrupted.h5,AXT2,16,4,640,320,True,1.494
multicoil_val,data\multicoil_val\file_brain_AXT2_207_2070232.h5,AXT2,16,4,640,320,False,1.494
multicoil_val,data\multicoil_val\file_brain_AXT2_207_2070232_corrupted.h5,AXT2,16,4,640,320,True,1.494
multicoil_val,data\multicoil_val\file_brain_AXT2_207_2070235.h5,AXT2,16,4,640,320,False,1.494
multicoil_val,data\multicoil_val\file_brain_AXT2_207_2070235_corrupted.h5,AXT2,16,4,640,320,True,1.494
multicoil_val,data\multicoil_val\file_brain_AXT2_207_2070239.h5,AXT2,16,4,640,320,False,1.494
multicoil_val,data\multicoil_val\file_brain_AXT2_207_2070239_corrupted.h5,AXT2,16,4,640,320,True,1.494
multicoil_val,data\multicoil_val\file_brain_AXT2_207_2070243.h5,AXT2,16,4,640,320,False,1.494
multicoil_val,data\multicoil_val\file_brain_AXT2_207_2070243_corrupted.h5,AXT2,16,4,640,320,True,1.494
multicoil_val,data\multicoil_val\file_brain_AXT2_207_2070258.h5,AXT2,16,4,640,320,False,1.494
multicoil_val,data\multicoil_val\file_brain_AXT2_207_2070258_corrupted.h5,AXT2,16,4,640,320,True,1.494
multicoil_val,data\multicoil_val\file_brain_AXT2_207_2070265.h5,AXT2,16,4,640,320,False,1.494
multicoil_val,data\multicoil_val\file_brain_AXT2_207_2070265_corrupted.h5,AXT2,16,4,640,320,True,1.494
multicoil_val,data\multicoil_val\file_brain_AXT2_207_2070269.h5,AXT2,16,4,640,320,False,1.494
multicoil_val,data\multicoil_val\file_brain_AXT2_207_2070269_corrupted.h5,AXT2,16,4,640,320,True,1.494
multicoil_val,data\multicoil_val\file_brain_AXT2_207_2070278.h5,AXT2,16,4,640,320,False,1.494
multicoil_val,data\multicoil_val\file_brain_AXT2_207_2070278_corrupted.h5,AXT2,16,4,640,320,True,1.494
multicoil_val,data\multicoil_val\file_brain_AXT2_207_2070282.h5,AXT2,16,4,640,320,False,1.494
multicoil_val,data\multicoil_val\file_brain_AXT2_207_2070282_corrupted.h5,AXT2,16,4,640,320,True,1.494
multicoil_val,data\multicoil_val\file_brain_AXT2_207_2070287.h5,AXT2,16,4,640,320,False,1.494
multicoil_val,data\multicoil_val\file_brain_AXT2_207_2070287_corrupted.h5,AXT2,16,4,640,320,True,1.494
multicoil_val,data\multicoil_val\file_brain_AXT2_207_2070288.h5,AXT2,16,4,640,320,False,1.494
multicoil_val,data\multicoil_val\file_brain_AXT2_207_2070288_corrupted.h5,AXT2,16,4,640,320,True,1.494
multicoil_val,data\multicoil_val\file_brain_AXT2_207_2070295.h5,AXT2,16,4,640,320,False,1.494
multicoil_val,data\multicoil_val\file_brain_AXT2_207_2070295_corrupted.h5,AXT2,16,4,640,320,True,1.494
multicoil_val,data\multicoil_val\file_brain_AXT2_207_2070297.h5,AXT2,16,4,640,320,False,1.494
multicoil_val,data\multicoil_val\file_brain_AXT2_207_2070297_corrupted.h5,AXT2,16,4,640,320,True,1.494
multicoil_val,data\multicoil_val\file_brain_AXT2_207_2070300.h5,AXT2,16,4,640,320,False,1.494
multicoil_val,data\multicoil_val\file_brain_AXT2_207_2070300_corrupted.h5,AXT2,16,4,640,320,True,1.494
multicoil_val,data\multicoil_val\file_brain_AXT2_207_2070316.h5,AXT2,16,4,640,320,False,1.494
multicoil_val,data\multicoil_val\file_brain_AXT2_207_2070316_corrupted.h5,AXT2,16,4,640,320,True,1.494
multicoil_val,data\multicoil_val\file_brain_AXT2_207_2070322.h5,AXT2,16,4,640,320,False,1.494
multicoil_val,data\multicoil_val\file_brain_AXT2_207_2070322_corrupted.h5,AXT2,16,4,640,320,True,1.494
multicoil_val,data\multicoil_val\file_brain_AXT2_207_2070323.h5,AXT2,16,4,640,320,False,1.494
multicoil_val,data\multicoil_val\file_brain_AXT2_207_2070323_corrupted.h5,AXT2,16,4,640,320,True,1.494
multicoil_val,data\multicoil_val\file_brain_AXT2_207_2070328.h5,AXT2,16,4,640,320,False,1.494
multicoil_val,data\multicoil_val\file_brain_AXT2_207_2070328_corrupted.h5,AXT2,16,4,640,320,True,1.494
multicoil_val,data\multicoil_val\file_brain_AXT2_207_2070337.h5,AXT2,16,4,640,320,False,1.494
multicoil_val,data\multicoil_val\file_brain_AXT2_207_2070337_corrupted.h5,AXT2,16,4,640,320,True,1.494
multicoil_val,data\multicoil_val\file_brain_AXT2_207_2070344.h5,AXT2,16,4,640,320,False,1.494
multicoil_val,data\multicoil_val\file_brain_AXT2_207_2070344_corrupted.h5,AXT2,16,4,640,320,True,1.494
multicoil_val,data\multicoil_val\file_brain_AXT2_207_2070346.h5,AXT2,16,4,640,320,False,1.494
multicoil_val,data\multicoil_val\file_brain_AXT2_207_2070346_corrupted.h5,AXT2,16,4,640,320,True,1.494
multicoil_val,data\multicoil_val\file_brain_AXT2_207_2070368.h5,AXT2,16,4,640,320,False,1.494
multicoil_val,data\multicoil_val\file_brain_AXT2_207_2070368_corrupted.h5,AXT2,16,4,640,320,True,1.494
multicoil_val,data\multicoil_val\file_brain_AXT2_207_2070371.h5,AXT2,16,4,640,320,False,1.494
multicoil_val,data\multicoil_val\file_brain_AXT2_207_2070371_corrupted.h5,AXT2,16,4,640,320,True,1.494
multicoil_val,data\multicoil_val\file_brain_AXT2_207_2070373.h5,AXT2,16,4,640,320,False,1.494
multicoil_val,data\multicoil_val\file_brain_AXT2_207_2070373_corrupted.h5,AXT2,16,4,640,320,True,1.494
multicoil_val,data\multicoil_val\file_brain_AXT2_207_2070377.h5,AXT2,16,4,640,320,False,1.494
multicoil_val,data\multicoil_val\file_brain_AXT2_207_2070377_corrupted.h5,AXT2,16,4,640,320,True,1.494
multicoil_val,data\multicoil_val\file_brain_AXT2_207_2070393.h5,AXT2,16,4,640,320,False,1.494
multicoil_val,data\multicoil_val\file_brain_AXT2_207_2070393_corrupted.h5,AXT2,16,4,640,320,True,1.494
multicoil_val,data\multicoil_val\file_brain_AXT2_207_2070396.h5,AXT2,16,4,640,320,False,1.494
multicoil_val,data\multicoil_val\file_brain_AXT2_207_2070396_corrupted.h5,AXT2,16,4,640,320,True,1.494
multicoil_val,data\multicoil_val\file_brain_AXT2_207_2070398.h5,AXT2,16,4,640,320,False,1.494
multicoil_val,data\multicoil_val\file_brain_AXT2_207_2070398_corrupted.h5,AXT2,16,4,640,320,True,1.494
multicoil_val,data\multicoil_val\file_brain_AXT2_207_2070410.h5,AXT2,16,4,640,320,False,1.494
multicoil_val,data\multicoil_val\file_brain_AXT2_207_2070410_corrupted.h5,AXT2,16,4,640,320,True,1.494
multicoil_val,data\multicoil_val\file_brain_AXT2_207_2070419.h5,AXT2,16,4,640,320,False,1.494
multicoil_val,data\multicoil_val\file_brain_AXT2_207_2070419_corrupted.h5,AXT2,16,4,640,320,True,1.494
multicoil_val,data\multicoil_val\file_brain_AXT2_207_2070430.h5,AXT2,16,4,640,320,False,1.494
multicoil_val,data\multicoil_val\file_brain_AXT2_207_2070430_corrupted.h5,AXT2,16,4,640,320,True,1.494
multicoil_val,data\multicoil_val\file_brain_AXT2_207_2070431.h5,AXT2,16,4,640,320,False,1.494
multicoil_val,data\multicoil_val\file_brain_AXT2_207_2070431_corrupted.h5,AXT2,16,4,640,320,True,1.494
multicoil_val,data\multicoil_val\file_brain_AXT2_207_2070432.h5,AXT2,16,4,640,320,False,1.494
multicoil_val,data\multicoil_val\file_brain_AXT2_207_2070432_corrupted.h5,AXT2,16,4,640,320,True,1.494
multicoil_val,data\multicoil_val\file_brain_AXT2_207_2070434.h5,AXT2,16,4,640,320,False,1.494
multicoil_val,data\multicoil_val\file_brain_AXT2_207_2070434_corrupted.h5,AXT2,16,4,640,320,True,1.494
multicoil_val,data\multicoil_val\file_brain_AXT2_207_2070441.h5,AXT2,16,4,640,320,False,1.494
multicoil_val,data\multicoil_val\file_brain_AXT2_207_2070441_corrupted.h5,AXT2,16,4,640,320,True,1.494
multicoil_val,data\multicoil_val\file_brain_AXT2_207_2070443.h5,AXT2,16,4,640,320,False,1.494
multicoil_val,data\multicoil_val\file_brain_AXT2_207_2070443_corrupted.h5,AXT2,16,4,640,320,True,1.494
multicoil_val,data\multicoil_val\file_brain_AXT2_207_2070446.h5,AXT2,16,4,640,320,False,1.494
multicoil_val,data\multicoil_val\file_brain_AXT2_207_2070446_corrupted.h5,AXT2,16,4,640,320,True,1.494
multicoil_val,data\multicoil_val\file_brain_AXT2_207_2070470.h5,AXT2,16,4,640,320,False,1.494
multicoil_val,data\multicoil_val\file_brain_AXT2_207_2070470_corrupted.h5,AXT2,16,4,640,320,True,1.494
multicoil_val,data\multicoil_val\file_brain_AXT2_207_2070473.h5,AXT2,16,4,640,320,False,1.494
multicoil_val,data\multicoil_val\file_brain_AXT2_207_2070473_corrupted.h5,AXT2,16,4,640,320,True,1.494
multicoil_val,data\multicoil_val\file_brain_AXT2_207_2070476.h5,AXT2,16,4,640,320,False,1.494
multicoil_val,data\multicoil_val\file_brain_AXT2_207_2070476_corrupted.h5,AXT2,16,4,640,320,True,1.494
multicoil_val,data\multicoil_val\file_brain_AXT2_207_2070478.h5,AXT2,16,4,640,320,False,1.494
multicoil_val,data\multicoil_val\file_brain_AXT2_207_2070478_corrupted.h5,AXT2,16,4,640,320,True,1.494
multicoil_val,data\multicoil_val\file_brain_AXT2_207_2070489.h5,AXT2,16,4,640,320,False,1.494
multicoil_val,data\multicoil_val\file_brain_AXT2_207_2070489_corrupted.h5,AXT2,16,4,640,320,True,1.494
multicoil_val,data\multicoil_val\file_brain_AXT2_207_2070494.h5,AXT2,16,4,640,320,False,1.494
multicoil_val,data\multicoil_val\file_brain_AXT2_207_2070494_corrupted.h5,AXT2,16,4,640,320,True,1.494
multicoil_val,data\multicoil_val\file_brain_AXT2_207_2070507.h5,AXT2,16,4,640,320,False,1.494
multicoil_val,data\multicoil_val\file_brain_AXT2_207_2070507_corrupted.h5,AXT2,16,4,640,320,True,1.494
multicoil_val,data\multicoil_val\file_brain_AXT2_207_2070519.h5,AXT2,16,4,640,320,False,1.494
multicoil_val,data\multicoil_val\file_brain_AXT2_207_2070519_corrupted.h5,AXT2,16,4,640,320,True,1.494
multicoil_val,data\multicoil_val\file_brain_AXT2_207_2070534.h5,AXT2,16,4,640,320,False,1.494
multicoil_val,data\multicoil_val\file_brain_AXT2_207_2070534_corrupted.h5,AXT2,16,4,640,320,True,1.494
multicoil_val,data\multicoil_val\file_brain_AXT2_207_2070554.h5,AXT2,16,4,640,320,False,1.494
multicoil_val,data\multicoil_val\file_brain_AXT2_207_2070554_corrupted.h5,AXT2,16,4,640,320,True,1.494
multicoil_val,data\multicoil_val\file_brain_AXT2_207_2070564.h5,AXT2,16,4,640,320,False,1.494
multicoil_val,data\multicoil_val\file_brain_AXT2_207_2070564_corrupted.h5,AXT2,16,4,640,320,True,1.494
multicoil_val,data\multicoil_val\file_brain_AXT2_207_2070578.h5,AXT2,16,4,640,320,False,1.494
multicoil_val,data\multicoil_val\file_brain_AXT2_207_2070578_corrupted.h5,AXT2,16,4,640,320,True,1.494
multicoil_val,data\multicoil_val\file_brain_AXT2_207_2070585.h5,AXT2,16,4,640,320,False,1.494
multicoil_val,data\multicoil_val\file_brain_AXT2_207_2070585_corrupted.h5,AXT2,16,4,640,320,True,1.494
multicoil_val,data\multicoil_val\file_brain_AXT2_207_2070587.h5,AXT2,16,4,640,320,False,1.494
multicoil_val,data\multicoil_val\file_brain_AXT2_207_2070587_corrupted.h5,AXT2,16,4,640,320,True,1.494
multicoil_val,data\multicoil_val\file_brain_AXT2_207_2070593.h5,AXT2,16,4,640,320,False,1.494
multicoil_val,data\multicoil_val\file_brain_AXT2_207_2070593_corrupted.h5,AXT2,16,4,640,320,True,1.494
multicoil_val,data\multicoil_val\file_brain_AXT2_207_2070597.h5,AXT2,16,4,640,320,False,1.494
multicoil_val,data\multicoil_val\file_brain_AXT2_207_2070597_corrupted.h5,AXT2,16,4,640,320,True,1.494
multicoil_val,data\multicoil_val\file_brain_AXT2_207_2070598.h5,AXT2,16,4,640,320,False,1.494
multicoil_val,data\multicoil_val\file_brain_AXT2_207_2070598_corrupted.h5,AXT2,16,4,640,320,True,1.494
multicoil_val,data\multicoil_val\file_brain_AXT2_207_2070609.h5,AXT2,16,4,640,320,False,1.494
multicoil_val,data\multicoil_val\file_brain_AXT2_207_2070609_corrupted.h5,AXT2,16,4,640,320,True,1.494
multicoil_val,data\multicoil_val\file_brain_AXT2_207_2070614.h5,AXT2,16,4,640,320,False,1.494
multicoil_val,data\multicoil_val\file_brain_AXT2_207_2070614_corrupted.h5,AXT2,16,4,640,320,True,1.494
multicoil_val,data\multicoil_val\file_brain_AXT2_207_2070617.h5,AXT2,16,4,640,320,False,1.494
multicoil_val,data\multicoil_val\file_brain_AXT2_207_2070617_corrupted.h5,AXT2,16,4,640,320,True,1.494
multicoil_val,data\multicoil_val\file_brain_AXT2_207_2070634.h5,AXT2,16,4,640,320,False,1.494
multicoil_val,data\multicoil_val\file_brain_AXT2_207_2070634_corrupted.h5,AXT2,16,4,640,320,True,1.494
multicoil_val,data\multicoil_val\file_brain_AXT2_207_2070637.h5,AXT2,16,4,640,320,False,1.494
multicoil_val,data\multicoil_val\file_brain_AXT2_207_2070637_corrupted.h5,AXT2,16,4,640,320,True,1.494
multicoil_val,data\multicoil_val\file_brain_AXT2_207_2070645.h5,AXT2,16,4,640,320,False,1.494
multicoil_val,data\multicoil_val\file_brain_AXT2_207_2070645_corrupted.h5,AXT2,16,4,640,320,True,1.494
multicoil_val,data\multicoil_val\file_brain_AXT2_207_2070657.h5,AXT2,16,4,640,320,False,1.494
multicoil_val,data\multicoil_val\file_brain_AXT2_207_2070657_corrupted.h5,AXT2,16,4,640,320,True,1.494
multicoil_val,data\multicoil_val\file_brain_AXT2_207_2070663.h5,AXT2,16,4,640,320,False,1.494
multicoil_val,data\multicoil_val\file_brain_AXT2_207_2070663_corrupted.h5,AXT2,16,4,640,320,True,1.494
multicoil_val,data\multicoil_val\file_brain_AXT2_207_2070672.h5,AXT2,16,4,640,320,False,1.494
multicoil_val,data\multicoil_val\file_brain_AXT2_207_2070672_corrupted.h5,AXT2,16,4,640,320,True,1.494
multicoil_val,data\multicoil_val\file_brain_AXT2_207_2070681.h5,AXT2,16,4,640,320,False,1.494
multicoil_val,data\multicoil_val\file_brain_AXT2_207_2070681_corrupted.h5,AXT2,16,4,640,320,True,1.494
multicoil_val,data\multicoil_val\file_brain_AXT2_207_2070706.h5,AXT2,16,4,640,320,False,1.494
multicoil_val,data\multicoil_val\file_brain_AXT2_207_2070706_corrupted.h5,AXT2,16,4,640,320,True,1.494
multicoil_val,data\multicoil_val\file_brain_AXT2_207_2070714.h5,AXT2,16,4,640,320,False,1.494
multicoil_val,data\multicoil_val\file_brain_AXT2_207_2070714_corrupted.h5,AXT2,16,4,640,320,True,1.494
multicoil_val,data\multicoil_val\file_brain_AXT2_207_2070718.h5,AXT2,16,4,640,320,False,1.494
multicoil_val,data\multicoil_val\file_brain_AXT2_207_2070718_corrupted.h5,AXT2,16,4,640,320,True,1.494
multicoil_val,data\multicoil_val\file_brain_AXT2_207_2070720.h5,AXT2,16,4,640,320,False,1.494
multicoil_val,data\multicoil_val\file_brain_AXT2_207_2070720_corrupted.h5,AXT2,16,4,640,320,True,1.494
multicoil_val,data\multicoil_val\file_brain_AXT2_207_2070723.h5,AXT2,16,4,640,320,False,1.494
multicoil_val,data\multicoil_val\file_brain_AXT2_207_2070723_corrupted.h5,AXT2,16,4,640,320,True,1.494
multicoil_val,data\multicoil_val\file_brain_AXT2_207_2070745.h5,AXT2,16,4,640,320,False,1.494
multicoil_val,data\multicoil_val\file_brain_AXT2_207_2070745_corrupted.h5,AXT2,16,4,640,320,True,1.494
multicoil_val,data\multicoil_val\file_brain_AXT2_207_2070748.h5,AXT2,16,4,640,320,False,1.494
multicoil_val,data\multicoil_val\file_brain_AXT2_207_2070748_corrupted.h5,AXT2,16,4,640,320,True,1.494
multicoil_val,data\multicoil_val\file_brain_AXT2_207_2070752.h5,AXT2,16,4,640,320,False,1.494
multicoil_val,data\multicoil_val\file_brain_AXT2_207_2070752_corrupted.h5,AXT2,16,4,640,320,True,1.494
multicoil_val,data\multicoil_val\file_brain_AXT2_207_2070756.h5,AXT2,16,4,640,320,False,1.494
multicoil_val,data\multicoil_val\file_brain_AXT2_207_2070756_corrupted.h5,AXT2,16,4,640,320,True,1.494
multicoil_val,data\multicoil_val\file_brain_AXT2_207_2070759.h5,AXT2,16,4,640,320,False,1.494
multicoil_val,data\multicoil_val\file_brain_AXT2_207_2070759_corrupted.h5,AXT2,16,4,640,320,True,1.494
multicoil_val,data\multicoil_val\file_brain_AXT2_207_2070789.h5,AXT2,16,4,640,320,False,1.494
multicoil_val,data\multicoil_val\file_brain_AXT2_207_2070789_corrupted.h5,AXT2,16,4,640,320,True,1.494
multicoil_val,data\multicoil_val\file_brain_AXT2_207_2070798.h5,AXT2,16,4,640,320,False,1.494
multicoil_val,data\multicoil_val\file_brain_AXT2_207_2070798_corrupted.h5,AXT2,16,4,640,320,True,1.494
multicoil_val,data\multicoil_val\file_brain_AXT2_207_2070799.h5,AXT2,16,4,640,320,False,1.494
multicoil_val,data\multicoil_val\file_brain_AXT2_207_2070799_corrupted.h5,AXT2,16,4,640,320,True,1.494
multicoil_val,data\multicoil_val\file_brain_AXT2_207_2070803.h5,AXT2,16,4,640,320,False,1.494
multicoil_val,data\multicoil_val\file_brain_AXT2_207_2070803_corrupted.h5,AXT2,16,4,640,320,True,1.494
multicoil_val,data\multicoil_val\file_brain_AXT2_207_2070811.h5,AXT2,16,4,640,320,False,1.494
multicoil_val,data\multicoil_val\file_brain_AXT2_207_2070811_corrupted.h5,AXT2,16,4,640,320,True,1.494
multicoil_val,data\multicoil_val\file_brain_AXT2_207_2070819.h5,AXT2,16,4,640,320,False,1.494
multicoil_val,data\multicoil_val\file_brain_AXT2_207_2070819_corrupted.h5,AXT2,16,4,640,320,True,1.494
multicoil_val,data\multicoil_val\file_brain_AXT2_207_2070831.h5,AXT2,16,4,640,320,False,1.494
multicoil_val,data\multicoil_val\file_brain_AXT2_207_2070831_corrupted.h5,AXT2,16,4,640,320,True,1.494
multicoil_val,data\multicoil_val\file_brain_AXT2_208_2080041.h5,AXT2,16,4,640,320,False,1.494
multicoil_val,data\multicoil_val\file_brain_AXT2_208_2080041_corrupted.h5,AXT2,16,4,640,320,True,1.494
multicoil_val,data\multicoil_val\file_brain_AXT2_208_2080058.h5,AXT2,16,4,640,320,False,1.494
multicoil_val,data\multicoil_val\file_brain_AXT2_208_2080058_corrupted.h5,AXT2,16,4,640,320,True,1.494
multicoil_val,data\multicoil_val\file_brain_AXT2_208_2080074.h5,AXT2,16,4,640,320,False,1.494
multicoil_val,data\multicoil_val\file_brain_AXT2_208_2080074_corrupted.h5,AXT2,16,4,640,320,True,1.494
multicoil_val,data\multicoil_val\file_brain_AXT2_208_2080108.h5,AXT2,16,4,640,320,False,1.494
multicoil_val,data\multicoil_val\file_brain_AXT2_208_2080108_corrupted.h5,AXT2,16,4,640,320,True,1.494
multicoil_val,data\multicoil_val\file_brain_AXT2_208_2080125.h5,AXT2,16,4,640,320,False,1.494
multicoil_val,data\multicoil_val\file_brain_AXT2_208_2080125_corrupted.h5,AXT2,16,4,640,320,True,1.494
multicoil_val,data\multicoil_val\file_brain_AXT2_208_2080129.h5,AXT2,16,4,640,320,False,1.494
multicoil_val,data\multicoil_val\file_brain_AXT2_208_2080129_corrupted.h5,AXT2,16,4,640,320,True,1.494
multicoil_val,data\multicoil_val\file_brain_AXT2_208_2080136.h5,AXT2,16,4,640,320,False,1.494
multicoil_val,data\multicoil_val\file_brain_AXT2_208_2080136_corrupted.h5,AXT2,16,4,640,320,True,1.494
multicoil_val,data\multicoil_val\file_brain_AXT2_208_2080144.h5,AXT2,16,4,640,320,False,1.494
multicoil_val,data\multicoil_val\file_brain_AXT2_208_2080144_corrupted.h5,AXT2,16,4,640,320,True,1.494
multicoil_val,data\multicoil_val\file_brain_AXT2_208_2080164.h5,AXT2,16,4,640,320,False,1.494
multicoil_val,data\multicoil_val\file_brain_AXT2_208_2080164_corrupted.h5,AXT2,16,4,640,320,True,1.494
multicoil_val,data\multicoil_val\file_brain_AXT2_208_2080191.h5,AXT2,16,4,640,320,False,1.494
multicoil_val,data\multicoil_val\file_brain_AXT2_208_2080191_corrupted.h5,AXT2,16,4,640,320,True,1.494
multicoil_val,data\multicoil_val\file_brain_AXT2_208_2080204.h5,AXT2,16,4,640,320,False,1.494
multicoil_val,data\multicoil_val\file_brain_AXT2_208_2080204_corrupted.h5,AXT2,16,4,640,320,True,1.494
multicoil_val,data\multicoil_val\file_brain_AXT2_208_2080229.h5,AXT2,16,4,640,320,False,1.494
multicoil_val,data\multicoil_val\file_brain_AXT2_208_2080229_corrupted.h5,AXT2,16,4,640,320,True,1.494
multicoil_val,data\multicoil_val\file_brain_AXT2_208_2080241.h5,AXT2,16,4,640,320,False,1.494
multicoil_val,data\multicoil_val\file_brain_AXT2_208_2080241_corrupted.h5,AXT2,16,4,640,320,True,1.494
multicoil_val,data\multicoil_val\file_brain_AXT2_208_2080243.h5,AXT2,16,4,640,320,False,1.494
multicoil_val,data\multicoil_val\file_brain_AXT2_208_2080243_corrupted.h5,AXT2,16,4,640,320,True,1.494
multicoil_val,data\multicoil_val\file_brain_AXT2_208_2080250.h5,AXT2,16,4,640,320,False,1.494
multicoil_val,data\multicoil_val\file_brain_AXT2_208_2080250_corrupted.h5,AXT2,16,4,640,320,True,1.494
multicoil_val,data\multicoil_val\file_brain_AXT2_208_2080251.h5,AXT2,16,4,640,320,False,1.494
multicoil_val,data\multicoil_val\file_brain_AXT2_208_2080251_corrupted.h5,AXT2,16,4,640,320,True,1.494
multicoil_val,data\multicoil_val\file_brain_AXT2_208_2080253.h5,AXT2,16,4,640,320,False,1.494
multicoil_val,data\multicoil_val\file_brain_AXT2_208_2080253_corrupted.h5,AXT2,16,4,640,320,True,1.494
multicoil_val,data\multicoil_val\file_brain_AXT2_208_2080266.h5,AXT2,16,4,640,320,False,1.494
multicoil_val,data\multicoil_val\file_brain_AXT2_208_2080266_corrupted.h5,AXT2,16,4,640,320,True,1.494
multicoil_val,data\multicoil_val\file_brain_AXT2_208_2080268.h5,AXT2,16,4,640,320,False,1.494
multicoil_val,data\multicoil_val\file_brain_AXT2_208_2080268_corrupted.h5,AXT2,16,4,640,320,True,1.494
multicoil_val,data\multicoil_val\file_brain_AXT2_208_2080271.h5,AXT2,16,4,640,320,False,1.494
multicoil_val,data\multicoil_val\file_brain_AXT2_208_2080271_corrupted.h5,AXT2,16,4,640,320,True,1.494
multicoil_val,data\multicoil_val\file_brain_AXT2_208_2080276.h5,AXT2,16,4,640,320,False,1.494
multicoil_val,data\multicoil_val\file_brain_AXT2_208_2080276_corrupted.h5,AXT2,16,4,640,320,True,1.494
multicoil_val,data\multicoil_val\file_brain_AXT2_208_2080279.h5,AXT2,16,4,640,320,False,1.494
multicoil_val,data\multicoil_val\file_brain_AXT2_208_2080279_corrupted.h5,AXT2,16,4,640,320,True,1.494
multicoil_val,data\multicoil_val\file_brain_AXT2_208_2080290.h5,AXT2,16,4,640,320,False,1.494
multicoil_val,data\multicoil_val\file_brain_AXT2_208_2080290_corrupted.h5,AXT2,16,4,640,320,True,1.494
multicoil_val,data\multicoil_val\file_brain_AXT2_208_2080294.h5,AXT2,16,4,640,320,False,1.494
multicoil_val,data\multicoil_val\file_brain_AXT2_208_2080294_corrupted.h5,AXT2,16,4,640,320,True,1.494
multicoil_val,data\multicoil_val\file_brain_AXT2_208_2080305.h5,AXT2,16,4,640,320,False,1.494
multicoil_val,data\multicoil_val\file_brain_AXT2_208_2080305_corrupted.h5,AXT2,16,4,640,320,True,1.494
multicoil_val,data\multicoil_val\file_brain_AXT2_208_2080307.h5,AXT2,16,4,640,320,False,1.494
multicoil_val,data\multicoil_val\file_brain_AXT2_208_2080307_corrupted.h5,AXT2,16,4,640,320,True,1.494
multicoil_val,data\multicoil_val\file_brain_AXT2_208_2080309.h5,AXT2,16,4,640,320,False,1.494
multicoil_val,data\multicoil_val\file_brain_AXT2_208_2080309_corrupted.h5,AXT2,16,4,640,320,True,1.494
multicoil_val,data\multicoil_val\file_brain_AXT2_208_2080325.h5,AXT2,16,4,640,320,False,1.494
multicoil_val,data\multicoil_val\file_brain_AXT2_208_2080325_corrupted.h5,AXT2,16,4,640,320,True,1.494
multicoil_val,data\multicoil_val\file_brain_AXT2_208_2080349.h5,AXT2,16,4,640,320,False,1.494
multicoil_val,data\multicoil_val\file_brain_AXT2_208_2080349_corrupted.h5,AXT2,16,4,640,320,True,1.494
multicoil_val,data\multicoil_val\file_brain_AXT2_208_2080358.h5,AXT2,16,4,640,320,False,1.494
multicoil_val,data\multicoil_val\file_brain_AXT2_208_2080358_corrupted.h5,AXT2,16,4,640,320,True,1.494
multicoil_val,data\multicoil_val\file_brain_AXT2_208_2080366.h5,AXT2,16,4,640,320,False,1.494
multicoil_val,data\multicoil_val\file_brain_AXT2_208_2080366_corrupted.h5,AXT2,16,4,640,320,True,1.494
multicoil_val,data\multicoil_val\file_brain_AXT2_208_2080372.h5,AXT2,16,4,640,320,False,1.494
multicoil_val,data\multicoil_val\file_brain_AXT2_208_2080372_corrupted.h5,AXT2,16,4,640,320,True,1.494
multicoil_val,data\multicoil_val\file_brain_AXT2_208_2080381.h5,AXT2,16,4,640,320,False,1.494
multicoil_val,data\multicoil_val\file_brain_AXT2_208_2080381_corrupted.h5,AXT2,16,4,640,320,True,1.494
multicoil_val,data\multicoil_val\file_brain_AXT2_208_2080384.h5,AXT2,16,4,640,320,False,1.494
multicoil_val,data\multicoil_val\file_brain_AXT2_208_2080384_corrupted.h5,AXT2,16,4,640,320,True,1.494
multicoil_val,data\multicoil_val\file_brain_AXT2_208_2080387.h5,AXT2,16,4,640,320,False,1.494
multicoil_val,data\multicoil_val\file_brain_AXT2_208_2080387_corrupted.h5,AXT2,16,4,640,320,True,1.494
multicoil_val,data\multicoil_val\file_brain_AXT2_208_2080404.h5,AXT2,16,4,640,320,False,1.494
multicoil_val,data\multicoil_val\file_brain_AXT2_208_2080404_corrupted.h5,AXT2,16,4,640,320,True,1.494
multicoil_val,data\multicoil_val\file_brain_AXT2_208_2080424.h5,AXT2,16,4,640,320,False,1.494
multicoil_val,data\multicoil_val\file_brain_AXT2_208_2080424_corrupted.h5,AXT2,16,4,640,320,True,1.494
multicoil_val,data\multicoil_val\file_brain_AXT2_208_2080441.h5,AXT2,16,4,640,320,False,1.494
multicoil_val,data\multicoil_val\file_brain_AXT2_208_2080441_corrupted.h5,AXT2,16,4,640,320,True,1.494
multicoil_val,data\multicoil_val\file_brain_AXT2_208_2080448.h5,AXT2,16,4,640,320,False,1.494
multicoil_val,data\multicoil_val\file_brain_AXT2_208_2080448_corrupted.h5,AXT2,16,4,640,320,True,1.494
multicoil_val,data\multicoil_val\file_brain_AXT2_208_2080452.h5,AXT2,16,4,640,320,False,1.494
multicoil_val,data\multicoil_val\file_brain_AXT2_208_2080452_corrupted.h5,AXT2,16,4,640,320,True,1.494
multicoil_val,data\multicoil_val\file_brain_AXT2_208_2080461.h5,AXT2,16,4,640,320,False,1.494
multicoil_val,data\multicoil_val\file_brain_AXT2_208_2080461_corrupted.h5,AXT2,16,4,640,320,True,1.494
multicoil_val,data\multicoil_val\file_brain_AXT2_208_2080465.h5,AXT2,16,4,640,320,False,1.494
multicoil_val,data\multicoil_val\file_brain_AXT2_208_2080465_corrupted.h5,AXT2,16,4,640,320,True,1.494
multicoil_val,data\multicoil_val\file_brain_AXT2_208_2080483.h5,AXT2,16,4,640,320,False,1.494
multicoil_val,data\multicoil_val\file_brain_AXT2_208_2080483_corrupted.h5,AXT2,16,4,640,320,True,1.494
multicoil_val,data\multicoil_val\file_brain_AXT2_208_2080492.h5,AXT2,16,4,640,320,False,1.494
multicoil_val,data\multicoil_val\file_brain_AXT2_208_2080492_corrupted.h5,AXT2,16,4,640,320,True,1.494
multicoil_val,data\multicoil_val\file_brain_AXT2_208_2080539.h5,AXT2,16,4,640,320,False,1.494
multicoil_val,data\multicoil_val\file_brain_AXT2_208_2080539_corrupted.h5,AXT2,16,4,640,320,True,1.494
multicoil_val,data\multicoil_val\file_brain_AXT2_208_2080540.h5,AXT2,16,4,640,320,False,1.494
multicoil_val,data\multicoil_val\file_brain_AXT2_208_2080540_corrupted.h5,AXT2,16,4,640,320,True,1.494
multicoil_val,data\multicoil_val\file_brain_AXT2_208_2080541.h5,AXT2,16,4,640,320,False,1.494
multicoil_val,data\multicoil_val\file_brain_AXT2_208_2080541_corrupted.h5,AXT2,16,4,640,320,True,1.494
multicoil_val,data\multicoil_val\file_brain_AXT2_208_2080542.h5,AXT2,16,4,640,320,False,1.494
multicoil_val,data\multicoil_val\file_brain_AXT2_208_2080542_corrupted.h5,AXT2,16,4,640,320,True,1.494
multicoil_val,data\multicoil_val\file_brain_AXT2_208_2080544.h5,AXT2,16,4,640,320,False,1.494
multicoil_val,data\multicoil_val\file_brain_AXT2_208_2080544_corrupted.h5,AXT2,16,4,640,320,True,1.494
multicoil_val,data\multicoil_val\file_brain_AXT2_208_2080555.h5,AXT2,16,4,640,320,False,1.494
multicoil_val,data\multicoil_val\file_brain_AXT2_208_2080555_corrupted.h5,AXT2,16,4,640,320,True,1.494
multicoil_val,data\multicoil_val\file_brain_AXT2_208_2080557.h5,AXT2,16,4,640,320,False,1.494
multicoil_val,data\multicoil_val\file_brain_AXT2_208_2080557_corrupted.h5,AXT2,16,4,640,320,True,1.494
multicoil_val,data\multicoil_val\file_brain_AXT2_208_2080564.h5,AXT2,16,4,640,320,False,1.494
multicoil_val,data\multicoil_val\file_brain_AXT2_208_2080564_corrupted.h5,AXT2,16,4,640,320,True,1.494
multicoil_val,data\multicoil_val\file_brain_AXT2_208_2080571.h5,AXT2,16,4,640,320,False,1.494
multicoil_val,data\multicoil_val\file_brain_AXT2_208_2080571_corrupted.h5,AXT2,16,4,640,320,True,1.494
multicoil_val,data\multicoil_val\file_brain_AXT2_208_2080572.h5,AXT2,16,4,640,320,False,1.494
multicoil_val,data\multicoil_val\file_brain_AXT2_208_2080572_corrupted.h5,AXT2,16,4,640,320,True,1.494
multicoil_val,data\multicoil_val\file_brain_AXT2_208_2080575.h5,AXT2,16,4,640,320,False,1.494
multicoil_val,data\multicoil_val\file_brain_AXT2_208_2080575_corrupted.h5,AXT2,16,4,640,320,True,1.494
multicoil_val,data\multicoil_val\file_brain_AXT2_208_2080577.h5,AXT2,16,4,640,320,False,1.494
multicoil_val,data\multicoil_val\file_brain_AXT2_208_2080577_corrupted.h5,AXT2,16,4,640,320,True,1.494
multicoil_val,data\multicoil_val\file_brain_AXT2_208_2080580.h5,AXT2,16,4,640,320,False,1.494
multicoil_val,data\multicoil_val\file_brain_AXT2_208_2080580_corrupted.h5,AXT2,16,4,640,320,True,1.494
multicoil_val,data\multicoil_val\file_brain_AXT2_208_2080592.h5,AXT2,16,4,640,320,False,1.494
multicoil_val,data\multicoil_val\file_brain_AXT2_208_2080592_corrupted.h5,AXT2,16,4,640,320,True,1.494
multicoil_val,data\multicoil_val\file_brain_AXT2_208_2080596.h5,AXT2,16,4,640,320,False,1.494
multicoil_val,data\multicoil_val\file_brain_AXT2_208_2080596_corrupted.h5,AXT2,16,4,640,320,True,1.494
multicoil_val,data\multicoil_val\file_brain_AXT2_208_2080602.h5,AXT2,16,4,640,320,False,1.494
multicoil_val,data\multicoil_val\file_brain_AXT2_208_2080602_corrupted.h5,AXT2,16,4,640,320,True,1.494
multicoil_val,data\multicoil_val\file_brain_AXT2_208_2080605.h5,AXT2,16,4,640,320,False,1.494
multicoil_val,data\multicoil_val\file_brain_AXT2_208_2080605_corrupted.h5,AXT2,16,4,640,320,True,1.494
multicoil_val,data\multicoil_val\file_brain_AXT2_208_2080610.h5,AXT2,16,4,640,320,False,1.494
multicoil_val,data\multicoil_val\file_brain_AXT2_208_2080610_corrupted.h5,AXT2,16,4,640,320,True,1.494
multicoil_val,data\multicoil_val\file_brain_AXT2_208_2080612.h5,AXT2,16,4,640,320,False,1.494
multicoil_val,data\multicoil_val\file_brain_AXT2_208_2080612_corrupted.h5,AXT2,16,4,640,320,True,1.494
multicoil_val,data\multicoil_val\file_brain_AXT2_208_2080622.h5,AXT2,16,4,640,320,False,1.494
multicoil_val,data\multicoil_val\file_brain_AXT2_208_2080622_corrupted.h5,AXT2,16,4,640,320,True,1.494
multicoil_val,data\multicoil_val\file_brain_AXT2_208_2080631.h5,AXT2,16,4,640,320,False,1.494
multicoil_val,data\multicoil_val\file_brain_AXT2_208_2080631_corrupted.h5,AXT2,16,4,640,320,True,1.494
multicoil_val,data\multicoil_val\file_brain_AXT2_208_2080633.h5,AXT2,16,4,640,320,False,1.494
multicoil_val,data\multicoil_val\file_brain_AXT2_208_2080633_corrupted.h5,AXT2,16,4,640,320,True,1.494
multicoil_val,data\multicoil_val\file_brain_AXT2_208_2080657.h5,AXT2,16,4,640,320,False,1.494
multicoil_val,data\multicoil_val\file_brain_AXT2_208_2080657_corrupted.h5,AXT2,16,4,640,320,True,1.494
multicoil_val,data\multicoil_val\file_brain_AXT2_208_2080670.h5,AXT2,16,4,640,320,False,1.494
multicoil_val,data\multicoil_val\file_brain_AXT2_208_2080670_corrupted.h5,AXT2,16,4,640,320,True,1.494
multicoil_val,data\multicoil_val\file_brain_AXT2_208_2080672.h5,AXT2,16,4,640,320,False,1.494
multicoil_val,data\multicoil_val\file_brain_AXT2_208_2080672_corrupted.h5,AXT2,16,4,640,320,True,1.494
multicoil_val,data\multicoil_val\file_brain_AXT2_208_2080688.h5,AXT2,16,4,640,320,False,1.494
multicoil_val,data\multicoil_val\file_brain_AXT2_208_2080688_corrupted.h5,AXT2,16,4,640,320,True,1.494
multicoil_val,data\multicoil_val\file_brain_AXT2_208_2080693.h5,AXT2,16,4,640,320,False,1.494
multicoil_val,data\multicoil_val\file_brain_AXT2_208_2080693_corrupted.h5,AXT2,16,4,640,320,True,1.494
multicoil_val,data\multicoil_val\file_brain_AXT2_208_2080694.h5,AXT2,16,4,640,320,False,1.494
multicoil_val,data\multicoil_val\file_brain_AXT2_208_2080694_corrupted.h5,AXT2,16,4,640,320,True,1.494
multicoil_val,data\multicoil_val\file_brain_AXT2_208_2080697.h5,AXT2,16,4,640,320,False,1.494
multicoil_val,data\multicoil_val\file_brain_AXT2_208_2080697_corrupted.h5,AXT2,16,4,640,320,True,1.494
multicoil_val,data\multicoil_val\file_brain_AXT2_208_2080709.h5,AXT2,16,4,640,320,False,1.494
multicoil_val,data\multicoil_val\file_brain_AXT2_208_2080709_corrupted.h5,AXT2,16,4,640,320,True,1.494
multicoil_val,data\multicoil_val\file_brain_AXT2_208_2080729.h5,AXT2,16,4,640,320,False,1.494
multicoil_val,data\multicoil_val\file_brain_AXT2_208_2080729_corrupted.h5,AXT2,16,4,640,320,True,1.494
